version 2
JvmtiExport can_access_local_variables 0
JvmtiExport can_hotswap_or_post_breakpoint 1
JvmtiExport can_post_on_exceptions 0
# 948 ciObject found
instanceKlass java/lang/ClassLoader
ciInstanceKlass java/lang/Cloneable 1 0 7 100 1 100 1 1 1
instanceKlass lombok/bytecode/ClassFileMetaData
instanceKlass lombok/bytecode/SneakyThrowsRemover
instanceKlass org/lombokweb/asm/ClassVisitor
instanceKlass lombok/bytecode/PreventNullAnalysisRemover
instanceKlass lombok/core/PostCompilerTransformation
instanceKlass lombok/core/PostCompiler
instanceKlass lombok/javac/apt/InterceptingJavaFileObject
instanceKlass lombok/core/TypeResolver
instanceKlass lombok/core/AST$FieldAccess
instanceKlass lombok/core/LombokImmutableList$1
instanceKlass lombok/javac/JavacImportList
instanceKlass lombok/javac/PackageName
instanceKlass lombok/core/configuration/FileSystemSourceCache$Content
instanceKlass lombok/core/configuration/ConfigurationFile
instanceKlass lombok/core/configuration/BubblingConfigurationResolver
instanceKlass lombok/core/LombokConfiguration$3
instanceKlass lombok/core/configuration/FileSystemSourceCache$1
instanceKlass lombok/core/configuration/ConfigurationProblemReporter$1
instanceKlass lombok/core/configuration/ConfigurationProblemReporter
instanceKlass lombok/core/configuration/ConfigurationParser
instanceKlass lombok/core/configuration/ConfigurationFileToSource
instanceKlass lombok/core/configuration/FileSystemSourceCache
instanceKlass lombok/core/LombokConfiguration$1
instanceKlass lombok/core/configuration/ConfigurationResolverFactory
instanceKlass lombok/core/configuration/ConfigurationResolver
instanceKlass lombok/core/LombokConfiguration
instanceKlass lombok/core/ImportList
instanceKlass lombok/javac/JavacAST$ErrorLog
instanceKlass lombok/javac/HandlerLibrary$VisitorContainer
instanceKlass lombok/experimental/WithBy
instanceKlass lombok/With
instanceKlass lombok/Value
instanceKlass lombok/javac/JavacASTAdapter
instanceKlass lombok/experimental/UtilityClass
instanceKlass lombok/ToString
instanceKlass lombok/Synchronized
instanceKlass lombok/experimental/SuperBuilder
instanceKlass lombok/javac/handlers/JavacSingularsRecipes$StatementMaker
instanceKlass lombok/javac/handlers/JavacSingularsRecipes$ExpressionMaker
instanceKlass lombok/javac/handlers/HandleBuilder$BuilderJob
instanceKlass lombok/experimental/StandardException
instanceKlass lombok/SneakyThrows
instanceKlass lombok/Singular
instanceKlass lombok/Setter
instanceKlass lombok/core/PrintAST
instanceKlass lombok/NonNull
instanceKlass lombok/extern/slf4j/XSlf4j
instanceKlass lombok/extern/slf4j/Slf4j
instanceKlass lombok/extern/log4j/Log4j
instanceKlass lombok/extern/log4j/Log4j2
instanceKlass lombok/extern/java/Log
instanceKlass lombok/extern/jbosslog/JBossLog
instanceKlass lombok/extern/flogger/Flogger
instanceKlass lombok/CustomLog
instanceKlass lombok/extern/apachecommons/CommonsLog
instanceKlass lombok/Locked$Write
instanceKlass lombok/Locked$Read
instanceKlass lombok/Locked
instanceKlass lombok/extern/jackson/Jacksonized
instanceKlass lombok/experimental/Helper
instanceKlass lombok/Getter
instanceKlass lombok/experimental/FieldNameConstants
instanceKlass lombok/core/LombokImmutableList
instanceKlass lombok/core/JavaIdentifiers
instanceKlass lombok/experimental/ExtensionMethod
instanceKlass lombok/EqualsAndHashCode
instanceKlass lombok/experimental/Delegate
instanceKlass lombok/Data
instanceKlass lombok/RequiredArgsConstructor
instanceKlass lombok/NoArgsConstructor
instanceKlass lombok/AllArgsConstructor
instanceKlass lombok/Cleanup
instanceKlass lombok/Builder$Default
instanceKlass lombok/Builder
instanceKlass lombok/javac/handlers/HandleConstructor
instanceKlass lombok/core/LombokInternalAliasing
instanceKlass lombok/core/AlreadyHandledAnnotations
instanceKlass lombok/javac/ResolutionResetNeeded
instanceKlass lombok/core/HandlerPriority
instanceKlass lombok/javac/HandlerLibrary$AnnotationHandlerContainer
instanceKlass lombok/experimental/Accessors
instanceKlass lombok/javac/JavacAnnotationHandler
instanceKlass lombok/core/SpiLoadUtil$1$1
instanceKlass lombok/core/SpiLoadUtil$1
instanceKlass lombok/core/SpiLoadUtil
instanceKlass lombok/core/configuration/ConfigurationKeysLoader
instanceKlass lombok/core/configuration/CheckerFrameworkVersion
instanceKlass lombok/core/configuration/TypeName
instanceKlass lombok/core/configuration/LogDeclaration
instanceKlass lombok/core/configuration/IdentifierName
instanceKlass lombok/core/configuration/ConfigurationDataType$6
instanceKlass lombok/core/configuration/ConfigurationDataType$7
instanceKlass lombok/core/configuration/NullAnnotationLibrary
instanceKlass lombok/core/configuration/ConfigurationValueType
instanceKlass lombok/core/configuration/ConfigurationDataType$5
instanceKlass lombok/core/configuration/ConfigurationDataType$4
instanceKlass lombok/core/configuration/ConfigurationDataType$3
instanceKlass lombok/core/configuration/ConfigurationDataType$2
instanceKlass lombok/core/configuration/ConfigurationDataType$1
instanceKlass lombok/core/configuration/ConfigurationValueParser
instanceKlass lombok/core/configuration/ConfigurationDataType
instanceKlass lombok/core/configuration/ConfigurationKey
instanceKlass lombok/ConfigurationKeys
instanceKlass lombok/core/configuration/ConfigurationKeysLoader$LoaderLoader
instanceKlass lombok/core/TypeLibrary
instanceKlass lombok/javac/HandlerLibrary
instanceKlass lombok/javac/JavacASTVisitor
instanceKlass lombok/javac/JavacTransformer
instanceKlass lombok/core/LombokNode
instanceKlass lombok/core/AST
instanceKlass lombok/javac/handlers/JavacHandlerUtil
instanceKlass lombok/javac/JavacTreeMaker$FieldId
instanceKlass lombok/javac/JavacTreeMaker$MethodId
instanceKlass lombok/javac/JavacTreeMaker
instanceKlass lombok/javac/JavacTreeMaker$SchroedingerType
instanceKlass lombok/javac/Javac
instanceKlass lombok/javac/apt/Java9Compiler
instanceKlass lombok/javac/apt/LombokFileObjects$Compiler
instanceKlass lombok/javac/apt/LombokFileObject
instanceKlass lombok/javac/apt/LombokFileObjects
instanceKlass lombok/javac/apt/MessagerDiagnosticsReceiver
instanceKlass lombok/permit/dummy/Parent
instanceKlass lombok/core/CleanupRegistry
instanceKlass lombok/permit/Permit$Fake
instanceKlass lombok/permit/Permit
instanceKlass lombok/core/DiagnosticsReceiver
instanceKlass lombok/launch/AnnotationProcessorHider$AstModificationNotifierData
instanceKlass lombok/core/AnnotationProcessor$ProcessorDescriptor
instanceKlass lombok/launch/ClassFileMetaData
instanceKlass lombok/launch/PackageShader
instanceKlass lombok/launch/Main
instanceKlass  @bci org/apache/maven/plugin/compiler/AbstractCompilerMojo isDependencyChanged ()Z 191 <appendix> member <vmtarget> ; # org/apache/maven/plugin/compiler/AbstractCompilerMojo$$Lambda+0x0000000020298670
instanceKlass org/apache/maven/plugin/compiler/TestCompilerMojo$$FastClassByGuice$$219703363
instanceKlass org/apache/maven/plugins/resources/TestResourcesMojo$$FastClassByGuice$$218929367
instanceKlass org/apache/maven/shared/utils/io/DirectoryScanResult
instanceKlass  @bci com/sun/tools/javac/file/Locations close ()V 13 <appendix> member <vmtarget> ; # com/sun/tools/javac/file/Locations$$Lambda+0x00000000203a2f60
instanceKlass com/sun/tools/javac/code/Types$MethodFilter
instanceKlass com/sun/tools/javac/code/Types$CandidatesCache$Entry
instanceKlass  @bci com/sun/tools/javac/comp/Check$RequiresIdentityVisitor visitClassType (Lcom/sun/tools/javac/code/Type$ClassType;Ljava/util/Set;)Ljava/lang/Void; 42 <appendix> member <vmtarget> ; # com/sun/tools/javac/comp/Check$RequiresIdentityVisitor$$Lambda+0x00000000203a2678
instanceKlass  @bci com/sun/tools/javac/jvm/Gen visitTypeCast (Lcom/sun/tools/javac/tree/JCTree$JCTypeCast;)V 116 <appendix> argL0 ; # com/sun/tools/javac/jvm/Gen$$Lambda+0x00000000203a2450
instanceKlass com/sun/tools/javac/tree/TreeMaker$2
instanceKlass java/util/EnumMap$EntryIterator$Entry
instanceKlass java/util/EnumMap$EnumMapIterator
instanceKlass  @bci com/sun/tools/javac/code/Type$UndetVar substBounds (Lcom/sun/tools/javac/util/List;Lcom/sun/tools/javac/util/List;Lcom/sun/tools/javac/code/Types;)V 19 <appendix> member <vmtarget> ; # com/sun/tools/javac/code/Type$UndetVar$$Lambda+0x00000000203a2000
instanceKlass  @cpi com/sun/tools/javac/code/Type$UndetVar 405 form vmentry <vmtarget> ; # java/lang/invoke/LambdaForm$DMH+0x00000000203a1000
instanceKlass com/sun/tools/javac/comp/Infer$BoundFilter
instanceKlass com/sun/tools/javac/util/GraphUtils$Tarjan
instanceKlass com/sun/tools/javac/util/GraphUtils
instanceKlass com/sun/tools/javac/util/GraphUtils$AbstractNode
instanceKlass com/sun/tools/javac/util/GraphUtils$DottableNode
instanceKlass com/sun/tools/javac/util/GraphUtils$Node
instanceKlass  @bci com/sun/tools/javac/comp/InferenceContext restvars ()Lcom/sun/tools/javac/util/List; 1 <appendix> argL0 ; # com/sun/tools/javac/comp/InferenceContext$$Lambda+0x00000000203a5ab8
instanceKlass com/sun/tools/javac/comp/Infer$GraphSolver$InferenceGraph
instanceKlass  @bci com/sun/tools/javac/code/Types closureCollector (ZLjava/util/function/BiPredicate;)Ljava/util/stream/Collector; 18 <appendix> argL0 ; # com/sun/tools/javac/code/Types$$Lambda+0x00000000203a5630
instanceKlass  @bci com/sun/tools/javac/code/Types closureCollector (ZLjava/util/function/BiPredicate;)Ljava/util/stream/Collector; 13 <appendix> argL0 ; # com/sun/tools/javac/code/Types$$Lambda+0x00000000203a53e0
instanceKlass  @bci com/sun/tools/javac/code/Types closureCollector (ZLjava/util/function/BiPredicate;)Ljava/util/stream/Collector; 8 <appendix> argL0 ; # com/sun/tools/javac/code/Types$$Lambda+0x00000000203a51a8
instanceKlass  @bci com/sun/tools/javac/code/Types closureCollector (ZLjava/util/function/BiPredicate;)Ljava/util/stream/Collector; 3 <adapter> ; # java/lang/invoke/LambdaForm$MH+0x00000000203a0c00
instanceKlass  @bci com/sun/tools/javac/code/Types closureCollector (ZLjava/util/function/BiPredicate;)Ljava/util/stream/Collector; 3 <appendix> form vmentry <vmtarget> ; # java/lang/invoke/LambdaForm$DMH+0x00000000203a0800
instanceKlass  @bci com/sun/tools/javac/code/Types closureCollector (ZLjava/util/function/BiPredicate;)Ljava/util/stream/Collector; 3 <appendix> member <vmtarget> ; # com/sun/tools/javac/code/Types$$Lambda+0x00000000203a4f78
instanceKlass com/sun/tools/javac/code/Types$ClosureHolder
instanceKlass  @bci com/sun/tools/javac/comp/Infer$CheckUpperBounds apply (Lcom/sun/tools/javac/comp/InferenceContext;Lcom/sun/tools/javac/util/Warner;)V 40 <appendix> member <vmtarget> ; # com/sun/tools/javac/comp/Infer$CheckUpperBounds$$Lambda+0x00000000203a4ae8
instanceKlass  @cpi com/sun/tools/javac/comp/Infer$CheckUpperBounds 177 form vmentry <vmtarget> ; # java/lang/invoke/LambdaForm$DMH+0x00000000203a0400
instanceKlass com/sun/tools/javac/comp/Infer$GraphSolver
instanceKlass com/sun/tools/javac/comp/Infer$LeafSolver
instanceKlass  @bci com/sun/tools/javac/comp/Check checkType (Lcom/sun/tools/javac/util/JCDiagnostic$DiagnosticPosition;Lcom/sun/tools/javac/code/Type;Lcom/sun/tools/javac/code/Type;Lcom/sun/tools/javac/comp/Check$CheckContext;)Lcom/sun/tools/javac/code/Type; 40 <appendix> member <vmtarget> ; # com/sun/tools/javac/comp/Check$$Lambda+0x000000002039f988
instanceKlass  @cpi com/sun/tools/javac/comp/Check 4330 form vmentry <vmtarget> ; # java/lang/invoke/LambdaForm$DMH+0x00000000203a0000
instanceKlass com/sun/tools/javac/comp/Infer$FreeTypeListener
instanceKlass com/sun/tools/javac/comp/Resolve$MostSpecificCheck
instanceKlass  @bci com/sun/tools/javac/comp/InferenceContext boundedVars ()Lcom/sun/tools/javac/util/List; 1 <appendix> argL0 ; # com/sun/tools/javac/comp/InferenceContext$$Lambda+0x000000002039f4e0
instanceKlass  @bci java/util/ArrayDeque copyElements (Ljava/util/Collection;)V 2 <appendix> member <vmtarget> ; # java/util/ArrayDeque$$Lambda+0x000000002023e9f8
instanceKlass  @bci com/sun/tools/javac/comp/Infer$CheckBounds <init> (Lcom/sun/tools/javac/comp/Infer;Lcom/sun/tools/javac/code/Type$UndetVar;Lcom/sun/tools/javac/code/Type;Lcom/sun/tools/javac/code/Type$UndetVar$InferenceBound;)V 4 <appendix> argL0 ; # com/sun/tools/javac/comp/Infer$CheckBounds$$Lambda+0x000000002039ee18
instanceKlass com/sun/tools/javac/comp/Infer$IncorporationAction
instanceKlass  @bci com/sun/tools/javac/jvm/Items$MemberItem load ()Lcom/sun/tools/javac/jvm/Items$Item; 14 <appendix> argL0 ; # com/sun/tools/javac/jvm/Items$MemberItem$$Lambda+0x000000002039d8b8
instanceKlass  @bci com/sun/tools/javac/jvm/Items$MemberItem store ()V 14 <appendix> argL0 ; # com/sun/tools/javac/jvm/Items$MemberItem$$Lambda+0x000000002039d690
instanceKlass java/util/function/ToIntBiFunction
instanceKlass com/sun/tools/javac/tree/TreeInfo$1
instanceKlass lombok/bytecode/ClassFileMetaData
instanceKlass lombok/bytecode/SneakyThrowsRemover
instanceKlass org/lombokweb/asm/ClassVisitor
instanceKlass lombok/bytecode/PreventNullAnalysisRemover
instanceKlass lombok/core/PostCompilerTransformation
instanceKlass com/sun/tools/javac/jvm/ClassWriter$1
instanceKlass lombok/core/PostCompiler
instanceKlass lombok/javac/apt/InterceptingJavaFileObject
instanceKlass com/sun/tools/javac/jvm/PoolWriter$1
instanceKlass com/sun/tools/javac/jvm/PoolConstant$NameAndType
instanceKlass  @bci com/sun/tools/javac/model/FilteredMemberList iterator ()Ljava/util/Iterator; 4 <appendix> argL0 ; # com/sun/tools/javac/model/FilteredMemberList$$Lambda+0x000000002039c958
instanceKlass com/sun/tools/javac/jvm/Code$LocalVar$Range
instanceKlass com/sun/tools/javac/jvm/Items
instanceKlass com/sun/tools/javac/jvm/Code$LocalVar
instanceKlass com/sun/tools/javac/jvm/Code$State
instanceKlass com/sun/tools/javac/jvm/Gen$GenContext
instanceKlass com/sun/tools/javac/jvm/Gen$3
instanceKlass com/sun/tools/javac/comp/Lower$4
instanceKlass  @bci com/sun/tools/javac/comp/Lower visitApply (Lcom/sun/tools/javac/tree/JCTree$JCMethodInvocation;)V 581 <appendix> argL0 ; # com/sun/tools/javac/comp/Lower$$Lambda+0x0000000020399218
instanceKlass  @bci com/sun/tools/javac/comp/Flow$FlowAnalyzer visitApply (Lcom/sun/tools/javac/tree/JCTree$JCMethodInvocation;)V 81 <appendix> member <vmtarget> ; # com/sun/tools/javac/comp/Flow$FlowAnalyzer$$Lambda+0x0000000020397ca8
instanceKlass  @bci com/sun/tools/javac/comp/Flow$FlowAnalyzer visitClassDef (Lcom/sun/tools/javac/tree/JCTree$JCClassDecl;)V 176 <appendix> member <vmtarget> ; # com/sun/tools/javac/comp/Flow$FlowAnalyzer$$Lambda+0x0000000020397a68
instanceKlass  @bci com/sun/tools/javac/comp/Flow$AssignAnalyzer visitApply (Lcom/sun/tools/javac/tree/JCTree$JCMethodInvocation;)V 52 <appendix> member <vmtarget> ; # com/sun/tools/javac/comp/Flow$AssignAnalyzer$$Lambda+0x0000000020397160
instanceKlass  @bci com/sun/tools/javac/comp/Flow$AssignAnalyzer visitClassDef (Lcom/sun/tools/javac/tree/JCTree$JCClassDecl;)V 195 <appendix> member <vmtarget> ; # com/sun/tools/javac/comp/Flow$AssignAnalyzer$$Lambda+0x0000000020396f20
instanceKlass com/sun/tools/javac/util/Bits
instanceKlass com/sun/tools/javac/comp/Flow$BaseAnalyzer$PendingExit
instanceKlass  @bci com/sun/tools/javac/comp/Flow$AliveAnalyzer visitClassDef (Lcom/sun/tools/javac/tree/JCTree$JCClassDecl;)V 128 <appendix> member <vmtarget> ; # com/sun/tools/javac/comp/Flow$AliveAnalyzer$$Lambda+0x0000000020394800
instanceKlass  @bci com/sun/tools/javac/comp/Flow$AliveAnalyzer visitClassDef (Lcom/sun/tools/javac/tree/JCTree$JCClassDecl;)V 116 <appendix> member <vmtarget> ; # com/sun/tools/javac/comp/Flow$AliveAnalyzer$$Lambda+0x00000000203945c0
instanceKlass com/sun/tools/javac/jvm/ClassReader$ParameterAnnotations
instanceKlass com/sun/tools/javac/code/Types$TypePair
instanceKlass com/sun/tools/javac/comp/Resolve$19
instanceKlass  @bci com/sun/tools/javac/util/JCDiagnostic$Factory normalize (Lcom/sun/tools/javac/util/JCDiagnostic$DiagnosticInfo;)Lcom/sun/tools/javac/util/JCDiagnostic$DiagnosticInfo; 42 <appendix> member <vmtarget> ; # com/sun/tools/javac/util/JCDiagnostic$Factory$$Lambda+0x00000000203926a8
instanceKlass com/sun/tools/javac/comp/Resolve$MethodCheckContext
instanceKlass  @bci com/sun/tools/javac/code/Symtab getClassField (Lcom/sun/tools/javac/code/Type;Lcom/sun/tools/javac/code/Types;)Lcom/sun/tools/javac/code/Symbol$VarSymbol; 16 <appendix> member <vmtarget> ; # com/sun/tools/javac/code/Symtab$$Lambda+0x00000000203912c0
instanceKlass com/sun/tools/javac/code/Types$UniqueType
instanceKlass  @bci com/sun/tools/javac/code/Types$MembersClosureCache$MembersScope combine (Ljava/util/function/Predicate;)Ljava/util/function/Predicate; 1 <appendix> member <vmtarget> ; # com/sun/tools/javac/code/Types$MembersClosureCache$MembersScope$$Lambda+0x0000000020390b30
instanceKlass com/sun/tools/javac/comp/Resolve$6
instanceKlass  @bci com/sun/tools/javac/comp/Resolve superclasses (Lcom/sun/tools/javac/code/Type;)Ljava/lang/Iterable; 2 <appendix> member <vmtarget> ; # com/sun/tools/javac/comp/Resolve$$Lambda+0x0000000020390468
instanceKlass  @bci com/sun/tools/javac/comp/Check checkOverrideClashes (Lcom/sun/tools/javac/util/JCDiagnostic$DiagnosticPosition;Lcom/sun/tools/javac/code/Type;Lcom/sun/tools/javac/code/Symbol$MethodSymbol;)V 45 <appendix> member <vmtarget> ; # com/sun/tools/javac/comp/Check$$Lambda+0x000000002038d400
instanceKlass com/sun/tools/javac/comp/Check$ClashFilter
instanceKlass com/sun/tools/javac/code/Symbol$1
instanceKlass  @bci com/sun/tools/javac/code/Scope$CompoundScope lambda$getSymbols$0 (Ljava/util/function/Predicate;Lcom/sun/tools/javac/code/Scope$LookupKind;)Ljava/util/Iterator; 6 <appendix> member <vmtarget> ; # com/sun/tools/javac/code/Scope$CompoundScope$$Lambda+0x000000002038d800
instanceKlass  @bci com/sun/tools/javac/code/Scope$CompoundScope getSymbols (Ljava/util/function/Predicate;Lcom/sun/tools/javac/code/Scope$LookupKind;)Ljava/lang/Iterable; 3 <appendix> member <vmtarget> ; # com/sun/tools/javac/code/Scope$CompoundScope$$Lambda+0x000000002038fd98
instanceKlass com/sun/tools/javac/comp/Check$DefaultMethodClashFilter
instanceKlass  @bci com/sun/tools/javac/comp/Check checkRequiresIdentity (Lcom/sun/tools/javac/tree/JCTree;Lcom/sun/tools/javac/code/Lint;)V 13 <appendix> member <vmtarget> ; # com/sun/tools/javac/comp/Check$$TypeSwitch+0x000000002038f918
instanceKlass  @bci com/sun/tools/javac/code/DeferredLintHandler flush (Lcom/sun/tools/javac/tree/JCTree;Lcom/sun/tools/javac/code/Lint;)V 35 <appendix> member <vmtarget> ; # com/sun/tools/javac/code/DeferredLintHandler$$Lambda+0x000000002038f270
instanceKlass  @bci com/sun/tools/javac/code/DeferredLintHandler flush (Lcom/sun/tools/javac/tree/JCTree;Lcom/sun/tools/javac/code/Lint;)V 24 <appendix> argL0 ; # com/sun/tools/javac/code/DeferredLintHandler$$Lambda+0x000000002038f028
instanceKlass  @bci com/sun/tools/javac/code/DeferredLintHandler flush (Lcom/sun/tools/javac/tree/JCTree;Lcom/sun/tools/javac/code/Lint;)V 13 <appendix> member <vmtarget> ; # com/sun/tools/javac/code/DeferredLintHandler$$Lambda+0x000000002038edd8
instanceKlass  @bci com/sun/tools/javac/comp/Attr attribClass (Lcom/sun/tools/javac/code/Symbol$ClassSymbol;)V 919 <appendix> argL0 ; # com/sun/tools/javac/comp/Attr$$Lambda+0x000000002038eb90
instanceKlass  @bci com/sun/tools/javac/comp/Attr attribClass (Lcom/sun/tools/javac/code/Symbol$ClassSymbol;)V 909 <appendix> argL0 ; # com/sun/tools/javac/comp/Attr$$Lambda+0x000000002038e938
instanceKlass  @bci com/sun/tools/javac/code/Lint suppressionsFrom (Ljava/util/stream/Stream;)Ljava/util/EnumSet; 37 <appendix> member <vmtarget> ; # com/sun/tools/javac/code/Lint$$Lambda+0x000000002038e6f8
instanceKlass  @bci com/sun/tools/javac/code/Lint suppressionsFrom (Ljava/util/stream/Stream;)Ljava/util/EnumSet; 21 <appendix> member <vmtarget> ; # com/sun/tools/javac/code/Lint$$Lambda+0x000000002038e4a8
instanceKlass  @bci com/sun/tools/javac/code/Lint suppressionsFrom (Ljava/util/stream/Stream;)Ljava/util/EnumSet; 10 <appendix> member <vmtarget> ; # com/sun/tools/javac/code/Lint$$Lambda+0x000000002038e248
# instanceKlass java/lang/invoke/LambdaForm$MH+0x000000002038d000
instanceKlass  @bci com/sun/tools/javac/code/Symtab lambda$getAllClasses$0 ()Ljava/util/Iterator; 9 <appendix> argL0 ; # com/sun/tools/javac/code/Symtab$$Lambda+0x000000002038e000
instanceKlass  @bci com/sun/tools/javac/code/Symtab getAllClasses ()Ljava/lang/Iterable; 1 <appendix> member <vmtarget> ; # com/sun/tools/javac/code/Symtab$$Lambda+0x0000000020363c30
instanceKlass com/sun/tools/javac/processing/JavacProcessingEnvironment$ImplicitCompleter
instanceKlass  @bci com/sun/tools/javac/util/Log$DeferredDiagnosticHandler reportDeferredDiagnostics (Ljava/util/function/Predicate;)V 24 <appendix> member <vmtarget> ; # com/sun/tools/javac/util/Log$DeferredDiagnosticHandler$$Lambda+0x00000000203637a8
instanceKlass  @bci com/sun/tools/javac/processing/JavacProcessingEnvironment$Round unrecoverableError ()Z 28 <appendix> member <vmtarget> ; # com/sun/tools/javac/processing/JavacProcessingEnvironment$Round$$Lambda+0x0000000020363548
instanceKlass lombok/core/TypeResolver
instanceKlass lombok/core/AST$FieldAccess
instanceKlass lombok/core/LombokImmutableList$1
instanceKlass lombok/javac/JavacImportList
instanceKlass lombok/javac/PackageName
instanceKlass lombok/core/configuration/FileSystemSourceCache$Content
instanceKlass lombok/core/configuration/ConfigurationFile
instanceKlass lombok/core/configuration/BubblingConfigurationResolver
instanceKlass lombok/core/LombokConfiguration$3
instanceKlass lombok/core/configuration/FileSystemSourceCache$1
instanceKlass lombok/core/configuration/ConfigurationProblemReporter$1
instanceKlass lombok/core/configuration/ConfigurationProblemReporter
instanceKlass lombok/core/configuration/ConfigurationParser
instanceKlass lombok/core/configuration/ConfigurationFileToSource
instanceKlass lombok/core/configuration/FileSystemSourceCache
instanceKlass lombok/core/LombokConfiguration$1
instanceKlass lombok/core/configuration/ConfigurationResolverFactory
instanceKlass lombok/core/configuration/ConfigurationResolver
instanceKlass lombok/core/LombokConfiguration
instanceKlass sun/nio/fs/WindowsUriSupport
instanceKlass lombok/core/ImportList
instanceKlass java/util/function/UnaryOperator
instanceKlass lombok/javac/JavacAST$ErrorLog
instanceKlass java/util/IdentityHashMap$EntryIterator$Entry
instanceKlass com/sun/tools/javac/model/JavacElements$1
instanceKlass javax/annotation/processing/SupportedOptions
instanceKlass com/sun/tools/javac/util/MatchingUtils
instanceKlass javax/annotation/processing/SupportedAnnotationTypes
instanceKlass lombok/javac/HandlerLibrary$VisitorContainer
instanceKlass lombok/experimental/WithBy
instanceKlass lombok/With
instanceKlass lombok/Value
instanceKlass lombok/javac/JavacASTAdapter
instanceKlass lombok/experimental/UtilityClass
instanceKlass lombok/ToString
instanceKlass lombok/Synchronized
instanceKlass lombok/experimental/SuperBuilder
instanceKlass lombok/javac/handlers/JavacSingularsRecipes$StatementMaker
instanceKlass lombok/javac/handlers/JavacSingularsRecipes$ExpressionMaker
instanceKlass lombok/javac/handlers/HandleBuilder$BuilderJob
instanceKlass lombok/experimental/StandardException
instanceKlass lombok/SneakyThrows
instanceKlass lombok/Singular
instanceKlass lombok/Setter
instanceKlass lombok/core/PrintAST
instanceKlass lombok/NonNull
instanceKlass lombok/extern/slf4j/XSlf4j
instanceKlass lombok/extern/slf4j/Slf4j
instanceKlass lombok/extern/log4j/Log4j
instanceKlass lombok/extern/log4j/Log4j2
instanceKlass lombok/extern/java/Log
instanceKlass lombok/extern/jbosslog/JBossLog
instanceKlass lombok/extern/flogger/Flogger
instanceKlass lombok/CustomLog
instanceKlass lombok/extern/apachecommons/CommonsLog
instanceKlass lombok/Locked$Write
instanceKlass lombok/Locked$Read
instanceKlass lombok/Locked
instanceKlass lombok/extern/jackson/Jacksonized
instanceKlass lombok/experimental/Helper
instanceKlass lombok/Getter
instanceKlass lombok/experimental/FieldNameConstants
instanceKlass lombok/core/LombokImmutableList
instanceKlass lombok/core/JavaIdentifiers
instanceKlass lombok/experimental/ExtensionMethod
instanceKlass lombok/EqualsAndHashCode
instanceKlass lombok/experimental/Delegate
instanceKlass lombok/Data
instanceKlass lombok/RequiredArgsConstructor
instanceKlass lombok/NoArgsConstructor
instanceKlass lombok/AllArgsConstructor
instanceKlass lombok/Cleanup
instanceKlass lombok/Builder$Default
instanceKlass lombok/Builder
instanceKlass lombok/javac/handlers/HandleConstructor
instanceKlass lombok/core/LombokInternalAliasing
instanceKlass lombok/core/AlreadyHandledAnnotations
instanceKlass lombok/javac/ResolutionResetNeeded
instanceKlass lombok/core/HandlerPriority
instanceKlass lombok/javac/HandlerLibrary$AnnotationHandlerContainer
instanceKlass lombok/experimental/Accessors
instanceKlass lombok/javac/JavacAnnotationHandler
instanceKlass lombok/core/SpiLoadUtil$1$1
instanceKlass lombok/core/SpiLoadUtil$1
instanceKlass lombok/core/SpiLoadUtil
instanceKlass lombok/core/configuration/ConfigurationKeysLoader
instanceKlass lombok/core/configuration/CheckerFrameworkVersion
instanceKlass lombok/core/configuration/TypeName
instanceKlass lombok/core/configuration/LogDeclaration
instanceKlass lombok/core/configuration/IdentifierName
instanceKlass lombok/core/configuration/ConfigurationDataType$6
instanceKlass lombok/core/configuration/ConfigurationDataType$7
instanceKlass lombok/core/configuration/NullAnnotationLibrary
instanceKlass lombok/core/configuration/ConfigurationValueType
instanceKlass lombok/core/configuration/ConfigurationDataType$5
instanceKlass lombok/core/configuration/ConfigurationDataType$4
instanceKlass lombok/core/configuration/ConfigurationDataType$3
instanceKlass lombok/core/configuration/ConfigurationDataType$2
instanceKlass lombok/core/configuration/ConfigurationDataType$1
instanceKlass lombok/core/configuration/ConfigurationValueParser
instanceKlass lombok/core/configuration/ConfigurationDataType
instanceKlass lombok/core/configuration/ConfigurationKey
instanceKlass lombok/ConfigurationKeys
instanceKlass lombok/core/configuration/ConfigurationKeysLoader$LoaderLoader
instanceKlass lombok/core/TypeLibrary
instanceKlass lombok/javac/HandlerLibrary
instanceKlass lombok/javac/JavacASTVisitor
instanceKlass lombok/javac/JavacTransformer
instanceKlass java/text/BreakIterator
instanceKlass com/sun/tools/javac/api/JavacScope
instanceKlass com/sun/source/util/DocTreePath
# instanceKlass java/lang/invoke/LambdaForm$MH+0x000000002036c000
# instanceKlass java/lang/invoke/LambdaForm$MH+0x0000000020367c00
instanceKlass com/sun/source/util/TaskEvent
instanceKlass lombok/core/LombokNode
instanceKlass lombok/core/AST
instanceKlass lombok/javac/handlers/JavacHandlerUtil
instanceKlass lombok/javac/JavacTreeMaker$FieldId
instanceKlass lombok/javac/JavacTreeMaker$MethodId
instanceKlass lombok/javac/JavacTreeMaker
instanceKlass javax/lang/model/type/TypeVisitor
instanceKlass lombok/javac/JavacTreeMaker$SchroedingerType
instanceKlass lombok/javac/Javac
instanceKlass lombok/javac/apt/Java9Compiler
instanceKlass lombok/javac/apt/LombokFileObjects$Compiler
instanceKlass lombok/javac/apt/LombokFileObject
instanceKlass lombok/javac/apt/LombokFileObjects
instanceKlass lombok/javac/apt/MessagerDiagnosticsReceiver
instanceKlass javax/tools/ForwardingJavaFileManager
# instanceKlass java/lang/invoke/LambdaForm$MH+0x0000000020367800
# instanceKlass java/lang/invoke/LambdaForm$MH+0x0000000020367400
# instanceKlass java/lang/invoke/LambdaForm$MH+0x0000000020367000
instanceKlass java/lang/invoke/LambdaFormEditor$1
instanceKlass lombok/permit/dummy/Parent
instanceKlass java/lang/Class$EnclosingMethodInfo
instanceKlass lombok/core/CleanupRegistry
instanceKlass lombok/permit/Permit$Fake
instanceKlass lombok/permit/Permit
instanceKlass lombok/core/DiagnosticsReceiver
instanceKlass lombok/launch/AnnotationProcessorHider$AstModificationNotifierData
instanceKlass lombok/core/AnnotationProcessor$ProcessorDescriptor
instanceKlass lombok/launch/ClassFileMetaData
instanceKlass java/util/zip/ZipFile$ZipEntryIterator
instanceKlass java/util/WeakHashMap$HashIterator
instanceKlass java/net/URLDecoder
instanceKlass lombok/launch/PackageShader
instanceKlass lombok/launch/Main
instanceKlass com/sun/tools/javac/processing/JavacProcessingEnvironment$ProcessorState
instanceKlass com/sun/tools/javac/processing/JavacRoundEnvironment
instanceKlass javax/lang/model/util/AbstractElementVisitor6
instanceKlass javax/lang/model/element/ElementVisitor
instanceKlass  @bci com/sun/tools/javac/processing/JavacProcessingEnvironment$Round <init> (Lcom/sun/tools/javac/processing/JavacProcessingEnvironment;ILjava/util/Set;Lcom/sun/tools/javac/util/Log$DeferredDiagnosticHandler;)V 24 <appendix> argL0 ; # com/sun/tools/javac/processing/JavacProcessingEnvironment$Round$$Lambda+0x0000000020360908
instanceKlass  @bci com/sun/tools/javac/processing/JavacProcessingEnvironment$Round <init> (Lcom/sun/tools/javac/processing/JavacProcessingEnvironment;ILjava/util/Set;Lcom/sun/tools/javac/util/Log$DeferredDiagnosticHandler;)V 15 <appendix> argL0 ; # com/sun/tools/javac/processing/JavacProcessingEnvironment$Round$$Lambda+0x00000000203606b0
instanceKlass com/sun/tools/javac/processing/JavacProcessingEnvironment$Round
instanceKlass  @bci com/sun/tools/javac/code/TypeAnnotations annotationTargetType (Lcom/sun/tools/javac/tree/JCTree;Lcom/sun/tools/javac/code/Attribute$Compound;Lcom/sun/tools/javac/code/Symbol;)Lcom/sun/tools/javac/code/TypeAnnotations$AnnotationType; 64 <appendix> member <vmtarget> ; # com/sun/tools/javac/code/TypeAnnotations$$Lambda+0x0000000020360200
instanceKlass  @bci com/sun/tools/javac/code/TypeAnnotations annotationTargetType (Lcom/sun/tools/javac/tree/JCTree;Lcom/sun/tools/javac/code/Attribute$Compound;Lcom/sun/tools/javac/code/Symbol;)Lcom/sun/tools/javac/code/TypeAnnotations$AnnotationType; 50 <appendix> member <vmtarget> ; # com/sun/tools/javac/code/TypeAnnotations$$Lambda+0x000000002035fd08
instanceKlass  @bci com/sun/tools/javac/code/TypeAnnotations annotationTargets (Lcom/sun/tools/javac/code/Symbol$TypeSymbol;)Lcom/sun/tools/javac/util/List; 56 <appendix> argL0 ; # com/sun/tools/javac/code/TypeAnnotations$$Lambda+0x000000002035f860
instanceKlass com/sun/tools/javac/code/TypeAnnotationPosition
instanceKlass com/sun/tools/javac/code/Flags
instanceKlass  @bci com/sun/tools/javac/code/Type constValue ()Ljava/lang/Object; 3 <appendix> argL0 ; # com/sun/tools/javac/code/Type$$Lambda+0x000000002035ed30
instanceKlass  @bci com/sun/tools/javac/code/Types$TypeMapping visit (Lcom/sun/tools/javac/util/List;Ljava/lang/Object;)Lcom/sun/tools/javac/util/List; 3 <appendix> member <vmtarget> ; # com/sun/tools/javac/code/Types$TypeMapping$$Lambda+0x000000002035eae0
instanceKlass com/sun/tools/javac/comp/Resolve$MethodResolutionContext$Candidate
instanceKlass com/sun/tools/javac/code/Types$ImplementationCache$Entry
instanceKlass  @bci com/sun/tools/javac/code/Types membersClosure (Lcom/sun/tools/javac/code/Type;Z)Lcom/sun/tools/javac/code/Scope$CompoundScope; 15 <appendix> member <vmtarget> ; # com/sun/tools/javac/code/Types$$Lambda+0x000000002035dfe0
instanceKlass com/sun/tools/javac/comp/Resolve$LookupFilter
instanceKlass com/sun/tools/javac/comp/Resolve$MethodResolutionContext
instanceKlass com/sun/tools/javac/code/Types$25
instanceKlass com/sun/tools/javac/comp/TypeEnter$1
instanceKlass  @bci com/sun/tools/javac/comp/Check checkUniqueImport (Lcom/sun/tools/javac/util/JCDiagnostic$DiagnosticPosition;Lcom/sun/tools/javac/code/Scope;Lcom/sun/tools/javac/code/Scope;Lcom/sun/tools/javac/code/Scope;Lcom/sun/tools/javac/code/Symbol;Z)Z 2 <appendix> member <vmtarget> ; # com/sun/tools/javac/comp/Check$$Lambda+0x000000002035ca08
instanceKlass  @bci com/sun/tools/javac/comp/Check checkImportsUnique (Lcom/sun/tools/javac/tree/JCTree$JCCompilationUnit;)V 90 <appendix> argL0 ; # com/sun/tools/javac/comp/Check$$Lambda+0x000000002035c7b0
instanceKlass  @bci com/sun/tools/javac/comp/TypeEnter complete (Lcom/sun/tools/javac/code/Symbol;)V 191 <appendix> argL0 ; # com/sun/tools/javac/comp/TypeEnter$$Lambda+0x000000002035c588
instanceKlass  @bci com/sun/tools/javac/code/TypeAnnotations validateTypeAnnotationsSignatures (Lcom/sun/tools/javac/comp/Env;Lcom/sun/tools/javac/tree/JCTree$JCClassDecl;)V 7 <appendix> member <vmtarget> ; # com/sun/tools/javac/code/TypeAnnotations$$Lambda+0x000000002035c358
instanceKlass  @bci com/sun/tools/javac/code/TypeAnnotations organizeTypeAnnotationsSignatures (Lcom/sun/tools/javac/comp/Env;Lcom/sun/tools/javac/tree/JCTree$JCClassDecl;)V 7 <appendix> member <vmtarget> ; # com/sun/tools/javac/code/TypeAnnotations$$Lambda+0x000000002035c128
instanceKlass  @bci com/sun/tools/javac/jvm/ClassReader$11 read (Lcom/sun/tools/javac/code/Symbol;I)V 79 <appendix> member <vmtarget> ; # com/sun/tools/javac/jvm/ClassReader$11$$Lambda+0x000000002035bef8
instanceKlass com/sun/tools/javac/util/Iterators$1
instanceKlass  @bci com/sun/tools/javac/code/Scope$FilterImportScope lambda$getSymbolsByName$0 (Lcom/sun/tools/javac/util/List;)Ljava/util/Iterator; 10 <appendix> member <vmtarget> ; # com/sun/tools/javac/code/Scope$FilterImportScope$$Lambda+0x000000002035ba30
instanceKlass  @bci com/sun/tools/javac/code/Scope$FilterImportScope lambda$getSymbolsByName$0 (Lcom/sun/tools/javac/util/List;)Ljava/util/Iterator; 1 <appendix> argL0 ; # com/sun/tools/javac/code/Scope$FilterImportScope$$Lambda+0x000000002035b7e8
instanceKlass  @bci com/sun/tools/javac/code/Scope$FilterImportScope getSymbolsByName (Lcom/sun/tools/javac/util/Name;Ljava/util/function/Predicate;Lcom/sun/tools/javac/code/Scope$LookupKind;)Ljava/lang/Iterable; 62 <appendix> member <vmtarget> ; # com/sun/tools/javac/code/Scope$FilterImportScope$$Lambda+0x000000002035b598
instanceKlass  @bci com/sun/tools/javac/code/Scope$CompoundScope lambda$getSymbolsByName$0 (Lcom/sun/tools/javac/util/Name;Ljava/util/function/Predicate;Lcom/sun/tools/javac/code/Scope$LookupKind;)Ljava/util/Iterator; 7 <appendix> member <vmtarget> ; # com/sun/tools/javac/code/Scope$CompoundScope$$Lambda+0x000000002035b348
instanceKlass  @bci com/sun/tools/javac/code/Scope$CompoundScope getSymbolsByName (Lcom/sun/tools/javac/util/Name;Ljava/util/function/Predicate;Lcom/sun/tools/javac/code/Scope$LookupKind;)Ljava/lang/Iterable; 4 <appendix> member <vmtarget> ; # com/sun/tools/javac/code/Scope$CompoundScope$$Lambda+0x000000002035b0f8
instanceKlass  @bci com/sun/tools/javac/comp/Annotate queueScanTreeAndTypeAnnotate (Lcom/sun/tools/javac/tree/JCTree;Lcom/sun/tools/javac/comp/Env;Lcom/sun/tools/javac/code/Symbol;Lcom/sun/tools/javac/tree/JCTree;)V 12 <appendix> member <vmtarget> ; # com/sun/tools/javac/comp/Annotate$$Lambda+0x000000002035aec8
instanceKlass  @bci com/sun/tools/javac/comp/TypeEnter defaultConstructor (Lcom/sun/tools/javac/tree/TreeMaker;Lcom/sun/tools/javac/comp/TypeEnter$DefaultConstructorHelper;)Lcom/sun/tools/javac/tree/JCTree; 144 <appendix> member <vmtarget> ; # com/sun/tools/javac/comp/TypeEnter$$Lambda+0x000000002035ac78
instanceKlass com/sun/tools/javac/comp/TypeEnter$BasicConstructorHelper
instanceKlass  @bci com/sun/tools/javac/comp/Annotate annotateLater (Lcom/sun/tools/javac/util/List;Lcom/sun/tools/javac/comp/Env;Lcom/sun/tools/javac/code/Symbol;Lcom/sun/tools/javac/tree/JCTree;)V 32 <appendix> member <vmtarget> ; # com/sun/tools/javac/comp/Annotate$$Lambda+0x000000002035a7c0
instanceKlass  @bci com/sun/tools/javac/comp/Annotate annotateLater (Lcom/sun/tools/javac/util/List;Lcom/sun/tools/javac/comp/Env;Lcom/sun/tools/javac/code/Symbol;Lcom/sun/tools/javac/tree/JCTree;)V 19 <appendix> member <vmtarget> ; # com/sun/tools/javac/comp/Annotate$$Lambda+0x000000002035a590
instanceKlass com/sun/tools/javac/code/SymbolMetadata
instanceKlass  @bci com/sun/tools/javac/code/Scope$NamedImportScope lambda$getSymbolsByName$0 ([Lcom/sun/tools/javac/code/Scope;Lcom/sun/tools/javac/util/Name;Ljava/util/function/Predicate;Lcom/sun/tools/javac/code/Scope$LookupKind;)Ljava/util/Iterator; 7 <appendix> member <vmtarget> ; # com/sun/tools/javac/code/Scope$NamedImportScope$$Lambda+0x0000000020359c28
instanceKlass  @bci com/sun/tools/javac/code/Scope$NamedImportScope getSymbolsByName (Lcom/sun/tools/javac/util/Name;Ljava/util/function/Predicate;Lcom/sun/tools/javac/code/Scope$LookupKind;)Ljava/lang/Iterable; 29 <appendix> member <vmtarget> ; # com/sun/tools/javac/code/Scope$NamedImportScope$$Lambda+0x00000000203599d8
instanceKlass com/sun/tools/javac/code/Scope$ScopeImpl$2
instanceKlass  @bci com/sun/tools/javac/code/Scope$ScopeImpl getSymbolsByName (Lcom/sun/tools/javac/util/Name;Ljava/util/function/Predicate;Lcom/sun/tools/javac/code/Scope$LookupKind;)Ljava/lang/Iterable; 4 <appendix> member <vmtarget> ; # com/sun/tools/javac/code/Scope$ScopeImpl$$Lambda+0x0000000020359518
instanceKlass com/sun/tools/javac/jvm/ClassReader$CompleterDeproxy
instanceKlass  @bci com/sun/tools/javac/jvm/ClassReader parameter (IILcom/sun/tools/javac/code/Type;Lcom/sun/tools/javac/code/Symbol$MethodSymbol;Ljava/util/Set;)Lcom/sun/tools/javac/code/Symbol$VarSymbol; 155 <appendix> member <vmtarget> ; # com/sun/tools/javac/jvm/ClassReader$$Lambda+0x0000000020358b90
instanceKlass com/sun/tools/javac/jvm/ClassReader$AnnotationDeproxy
instanceKlass com/sun/tools/javac/jvm/ClassReader$ProxyVisitor
instanceKlass  @bci com/sun/tools/javac/jvm/ClassReader parameter (IILcom/sun/tools/javac/code/Type;Lcom/sun/tools/javac/code/Symbol$MethodSymbol;Ljava/util/Set;)Lcom/sun/tools/javac/code/Symbol$VarSymbol; 83 <appendix> member <vmtarget> ; # com/sun/tools/javac/jvm/ClassReader$$Lambda+0x0000000020354a10
instanceKlass com/sun/tools/javac/jvm/Code$1
instanceKlass com/sun/tools/javac/jvm/ClassReader$28
instanceKlass  @bci com/sun/tools/javac/jvm/PoolReader getType (I)Lcom/sun/tools/javac/code/Type; 14 <appendix> member <vmtarget> ; # com/sun/tools/javac/jvm/PoolReader$$Lambda+0x0000000020357098
instanceKlass  @cpi com/sun/tools/javac/jvm/PoolReader 361 form vmentry <vmtarget> ; # java/lang/invoke/LambdaForm$DMH+0x0000000020354400
instanceKlass com/sun/tools/javac/util/Name$NameMapper
instanceKlass  @bci com/sun/tools/javac/code/Scope$ScopeImpl remove (Lcom/sun/tools/javac/code/Symbol;)V 21 <appendix> member <vmtarget> ; # com/sun/tools/javac/code/Scope$ScopeImpl$$Lambda+0x0000000020356e38
instanceKlass  @bci com/sun/tools/javac/jvm/ClassReader readInnerClasses (Lcom/sun/tools/javac/code/Symbol$ClassSymbol;)V 67 <appendix> member <vmtarget> ; # com/sun/tools/javac/jvm/ClassReader$$Lambda+0x0000000020356c08
instanceKlass  @bci com/sun/tools/javac/jvm/ClassReader readInnerClasses (Lcom/sun/tools/javac/code/Symbol$ClassSymbol;)V 41 <appendix> member <vmtarget> ; # com/sun/tools/javac/jvm/ClassReader$$Lambda+0x00000000203569d8
instanceKlass com/sun/tools/javac/jvm/ClassReader$SourceFileObject
instanceKlass  @bci com/sun/tools/javac/code/ClassFinder classFileNotFound (Lcom/sun/tools/javac/code/Symbol$ClassSymbol;)Lcom/sun/tools/javac/code/Symbol$CompletionFailure; 4 <appendix> member <vmtarget> ; # com/sun/tools/javac/code/ClassFinder$$Lambda+0x0000000020356230
instanceKlass  @bci com/sun/tools/javac/code/ClassFinder loadClass (Lcom/sun/tools/javac/code/Symbol$ModuleSymbol;Lcom/sun/tools/javac/util/Name;)Lcom/sun/tools/javac/code/Symbol$ClassSymbol; 28 <appendix> member <vmtarget> ; # com/sun/tools/javac/code/ClassFinder$$Lambda+0x0000000020356000
instanceKlass com/sun/tools/javac/comp/MatchBindingsComputer$1
instanceKlass  @bci com/sun/tools/javac/comp/Check checkDeprecated (Lcom/sun/tools/javac/util/JCDiagnostic$DiagnosticPosition;Lcom/sun/tools/javac/code/Symbol;Lcom/sun/tools/javac/code/Symbol;)V 2 <appendix> member <vmtarget> ; # com/sun/tools/javac/comp/Check$$Lambda+0x0000000020353a78
instanceKlass com/sun/tools/javac/comp/Attr$13
instanceKlass  @bci com/sun/tools/javac/code/Symtab lookupPackage (Lcom/sun/tools/javac/code/Symbol$ModuleSymbol;Lcom/sun/tools/javac/util/Name;Z)Lcom/sun/tools/javac/code/Symbol$PackageSymbol; 112 <appendix> member <vmtarget> ; # com/sun/tools/javac/code/Symtab$$Lambda+0x00000000203531b8
instanceKlass  @bci com/sun/tools/javac/code/Symtab lookupPackage (Lcom/sun/tools/javac/code/Symbol$ModuleSymbol;Lcom/sun/tools/javac/util/Name;Z)Lcom/sun/tools/javac/code/Symbol$PackageSymbol; 101 <appendix> argL0 ; # com/sun/tools/javac/code/Symtab$$Lambda+0x0000000020352f70
instanceKlass java/nio/file/FileTreeWalker$1
instanceKlass com/sun/tools/javac/code/Scope$FilterImportScope$SymbolImporter
instanceKlass com/sun/tools/javac/platform/JDKPlatformProvider$PlatformDescriptionImpl$1$1
instanceKlass  @bci com/sun/tools/javac/platform/JDKPlatformProvider$PlatformDescriptionImpl$1 list (Ljavax/tools/JavaFileManager$Location;Ljava/lang/String;Ljava/util/Set;Z)Ljava/lang/Iterable; 33 <appendix> member <vmtarget> ; # com/sun/tools/javac/platform/JDKPlatformProvider$PlatformDescriptionImpl$1$$Lambda+0x00000000203523d8
instanceKlass  @bci com/sun/tools/javac/comp/TypeEnter$ImportsPhase resolveImports (Lcom/sun/tools/javac/tree/JCTree$JCCompilationUnit;Lcom/sun/tools/javac/comp/Env;)V 94 <appendix> member <vmtarget> ; # com/sun/tools/javac/comp/TypeEnter$ImportsPhase$$Lambda+0x00000000203521a8
instanceKlass  @bci com/sun/tools/javac/comp/TypeEnter$ImportsPhase resolveImports (Lcom/sun/tools/javac/tree/JCTree$JCCompilationUnit;Lcom/sun/tools/javac/comp/Env;)V 82 <appendix> member <vmtarget> ; # com/sun/tools/javac/comp/TypeEnter$ImportsPhase$$Lambda+0x0000000020351f78
instanceKlass com/sun/tools/javac/code/Scope$ImportFilter
instanceKlass  @bci com/sun/tools/javac/code/DeferredLintHandler push (Lcom/sun/tools/javac/tree/JCTree;)V 64 <appendix> member <vmtarget> ; # com/sun/tools/javac/code/DeferredLintHandler$$Lambda+0x0000000020351d38
instanceKlass com/sun/tools/javac/comp/Check$6
instanceKlass com/sun/tools/javac/comp/AttrContext
instanceKlass  @bci com/sun/tools/javac/comp/Enter visitTopLevel (Lcom/sun/tools/javac/tree/JCTree$JCCompilationUnit;)V 287 <appendix> member <vmtarget> ; # com/sun/tools/javac/comp/Enter$$Lambda+0x0000000020350928
instanceKlass  @cpi com/sun/tools/javac/comp/TypeEnter$ImportsPhase 730 form vmentry <vmtarget> ; # java/lang/invoke/LambdaForm$DMH+0x0000000020354000
instanceKlass  @bci com/sun/tools/javac/comp/Enter visitTopLevel (Lcom/sun/tools/javac/tree/JCTree$JCCompilationUnit;)V 273 <appendix> member <vmtarget> ; # com/sun/tools/javac/comp/Enter$$Lambda+0x00000000203506c8
instanceKlass com/sun/tools/javac/code/Scope$ScopeImpl$1
instanceKlass  @bci com/sun/tools/javac/code/Scope$ScopeImpl getSymbols (Ljava/util/function/Predicate;Lcom/sun/tools/javac/code/Scope$LookupKind;)Ljava/lang/Iterable; 3 <appendix> member <vmtarget> ; # com/sun/tools/javac/code/Scope$ScopeImpl$$Lambda+0x0000000020350200
instanceKlass com/sun/tools/javac/code/ClassFinder$2
instanceKlass com/sun/tools/javac/code/ClassFinder$1
instanceKlass  @bci com/sun/tools/javac/code/ClassFinder list (Ljavax/tools/JavaFileManager$Location;Lcom/sun/tools/javac/code/Symbol$PackageSymbol;Ljava/lang/String;Ljava/util/Set;)Ljava/lang/Iterable; 26 <appendix> member <vmtarget> ; # com/sun/tools/javac/code/ClassFinder$$Lambda+0x000000002034c800
instanceKlass  @bci java/nio/file/Files asUncheckedRunnable (Ljava/io/Closeable;)Ljava/lang/Runnable; 1 <appendix> member <vmtarget> ; # java/nio/file/Files$$Lambda+0x000000002023b3a0
instanceKlass java/nio/file/Files$2
instanceKlass  @bci com/sun/tools/javac/file/JavacFileManager pathsAndContainers (Ljavax/tools/JavaFileManager$Location;Lcom/sun/tools/javac/file/RelativePath$RelativeDirectory;)Ljava/util/List; 22 <appendix> member <vmtarget> ; # com/sun/tools/javac/file/JavacFileManager$$Lambda+0x000000002034db88
instanceKlass  @bci com/sun/tools/javac/file/JavacFileManager indexPathsAndContainersByRelativeDirectory (Ljavax/tools/JavaFileManager$Location;)Ljava/util/Map; 213 <appendix> argL0 ; # com/sun/tools/javac/file/JavacFileManager$$Lambda+0x000000002034d950
instanceKlass  @bci com/sun/tools/javac/file/JavacFileManager indexPathsAndContainersByRelativeDirectory (Ljavax/tools/JavaFileManager$Location;)Ljava/util/Map; 167 <appendix> member <vmtarget> ; # com/sun/tools/javac/file/JavacFileManager$$Lambda+0x000000002034d700
instanceKlass java/util/concurrent/locks/AbstractQueuedLongSynchronizer$Node
instanceKlass  @bci jdk/nio/zipfs/ZipFileSystem lambda$createVersionedLinks$0 (Ljava/util/HashMap;Ljdk/nio/zipfs/ZipFileSystem$IndexNode;)V 8 <appendix> member <vmtarget> ; # jdk/nio/zipfs/ZipFileSystem$$Lambda+0x00000000202f5928
instanceKlass  @bci jdk/nio/zipfs/ZipFileSystem createVersionedLinks (I)Ljava/util/function/Function; 50 <appendix> member <vmtarget> ; # jdk/nio/zipfs/ZipFileSystem$$Lambda+0x00000000202f56d8
instanceKlass  @bci jdk/nio/zipfs/ZipFileSystem createVersionedLinks (I)Ljava/util/function/Function; 39 <appendix> member <vmtarget> ; # jdk/nio/zipfs/ZipFileSystem$$Lambda+0x00000000202f5498
instanceKlass  @bci jdk/nio/zipfs/ZipFileSystem determineReleaseVersion (Ljava/util/Map;)Ljava/util/Optional; 64 <appendix> member <vmtarget> ; # jdk/nio/zipfs/ZipFileSystem$$TypeSwitch+0x00000000202f5288
instanceKlass java/nio/file/Files$3
instanceKlass java/nio/file/SimpleFileVisitor
instanceKlass java/nio/file/FileVisitor
instanceKlass com/sun/tools/javac/file/JavacFileManager$ArchiveContainer
instanceKlass com/sun/tools/javac/file/JavacFileManager$PathAndContainer
instanceKlass  @bci com/sun/tools/javac/file/JavacFileManager pathsAndContainers (Ljavax/tools/JavaFileManager$Location;Lcom/sun/tools/javac/file/RelativePath$RelativeDirectory;)Ljava/util/List; 6 <appendix> member <vmtarget> ; # com/sun/tools/javac/file/JavacFileManager$$Lambda+0x000000002034fdb0
instanceKlass  @bci com/sun/tools/javac/code/ClassFinder fillIn (Lcom/sun/tools/javac/code/Symbol$PackageSymbol;)V 27 <appendix> member <vmtarget> ; # com/sun/tools/javac/code/ClassFinder$$Lambda+0x000000002034fb80
instanceKlass  @bci com/sun/tools/javac/comp/Modules completeModule (Lcom/sun/tools/javac/code/Symbol$ModuleSymbol;)V 327 <appendix> member <vmtarget> ; # com/sun/tools/javac/comp/Modules$$Lambda+0x000000002034f950
instanceKlass  @bci com/sun/tools/javac/comp/Modules initVisiblePackages (Lcom/sun/tools/javac/code/Symbol$ModuleSymbol;Ljava/util/Collection;)V 103 <appendix> member <vmtarget> ; # com/sun/tools/javac/comp/Modules$$Lambda+0x000000002034f710
instanceKlass  @bci com/sun/tools/javac/comp/Modules setupAllModules ()V 974 <appendix> argL0 ; # com/sun/tools/javac/comp/Modules$$Lambda+0x000000002034f4c8
instanceKlass  @bci com/sun/tools/javac/comp/Modules setupAllModules ()V 964 <appendix> argL0 ; # com/sun/tools/javac/comp/Modules$$Lambda+0x000000002034f270
instanceKlass  @bci com/sun/tools/javac/comp/Modules lambda$setupAllModules$2 (Lcom/sun/tools/javac/code/Symbol$ModuleSymbol;)Z 11 <appendix> argL0 ; # com/sun/tools/javac/comp/Modules$$Lambda+0x000000002034f018
instanceKlass  @bci com/sun/tools/javac/comp/Modules setupAllModules ()V 400 <appendix> argL0 ; # com/sun/tools/javac/comp/Modules$$Lambda+0x000000002034edc0
instanceKlass  @bci com/sun/tools/javac/comp/Modules setupAllModules ()V 329 <appendix> argL0 ; # com/sun/tools/javac/comp/Modules$$Lambda+0x000000002034eb68
instanceKlass  @bci com/sun/tools/javac/comp/Modules setupAllModules ()V 285 <appendix> argL0 ; # com/sun/tools/javac/comp/Modules$$Lambda+0x000000002034e910
instanceKlass  @bci com/sun/tools/javac/comp/Modules setupAllModules ()V 279 <appendix> member <vmtarget> ; # com/sun/tools/javac/comp/Modules$$Lambda+0x000000002034e6b0
instanceKlass  @bci com/sun/tools/javac/comp/Modules completeModule (Lcom/sun/tools/javac/code/Symbol$ModuleSymbol;)V 10 <appendix> member <vmtarget> ; # com/sun/tools/javac/comp/Modules$$Lambda+0x000000002034e470
instanceKlass com/sun/tools/javac/jvm/ClassReader$UsesProvidesCompleter
instanceKlass  @bci com/sun/tools/javac/jvm/ClassReader readClass (Lcom/sun/tools/javac/code/Symbol$ClassSymbol;)V 419 <appendix> member <vmtarget> ; # com/sun/tools/javac/jvm/ClassReader$$Lambda+0x000000002034e000
instanceKlass  @bci com/sun/tools/javac/util/List collector ()Ljava/util/stream/Collector; 15 <appendix> argL0 ; # com/sun/tools/javac/util/List$$Lambda+0x000000002034bd58
instanceKlass  @bci com/sun/tools/javac/util/List collector ()Ljava/util/stream/Collector; 10 <appendix> argL0 ; # com/sun/tools/javac/util/List$$Lambda+0x000000002034bb08
instanceKlass  @bci com/sun/tools/javac/util/List collector ()Ljava/util/stream/Collector; 5 <appendix> argL0 ; # com/sun/tools/javac/util/List$$Lambda+0x000000002034b8d0
instanceKlass  @bci com/sun/tools/javac/util/List collector ()Ljava/util/stream/Collector; 0 <appendix> argL0 ; # com/sun/tools/javac/util/List$$Lambda+0x000000002034b6a8
instanceKlass  @bci com/sun/tools/javac/code/Symbol$ClassSymbol getPermittedSubclasses ()Lcom/sun/tools/javac/util/List; 9 <appendix> argL0 ; # com/sun/tools/javac/code/Symbol$ClassSymbol$$Lambda+0x000000002034b460
instanceKlass com/sun/tools/javac/jvm/ClassReader$InterimProvidesDirective
instanceKlass  @bci com/sun/tools/javac/jvm/ClassReader$24 read (Lcom/sun/tools/javac/code/Symbol;I)V 977 <appendix> member <vmtarget> ; # com/sun/tools/javac/jvm/ClassReader$24$$Lambda+0x000000002034ae00
instanceKlass  @bci com/sun/tools/javac/jvm/ClassReader$24 read (Lcom/sun/tools/javac/code/Symbol;I)V 919 <appendix> member <vmtarget> ; # com/sun/tools/javac/jvm/ClassReader$24$$Lambda+0x000000002034abd0
instanceKlass com/sun/tools/javac/jvm/ClassReader$InterimUsesDirective
instanceKlass  @bci com/sun/tools/javac/jvm/ClassReader$24 read (Lcom/sun/tools/javac/code/Symbol;I)V 830 <appendix> member <vmtarget> ; # com/sun/tools/javac/jvm/ClassReader$24$$Lambda+0x000000002034a788
instanceKlass javax/lang/model/element/ModuleElement$ExportsDirective
instanceKlass  @bci com/sun/tools/javac/jvm/ClassReader$24 read (Lcom/sun/tools/javac/code/Symbol;I)V 175 <appendix> member <vmtarget> ; # com/sun/tools/javac/jvm/ClassReader$24$$Lambda+0x0000000020349e88
instanceKlass  @cpi com/sun/tools/javac/jvm/ClassReader$24 373 form vmentry <vmtarget> ; # java/lang/invoke/LambdaForm$DMH+0x000000002034c000
instanceKlass  @bci com/sun/tools/javac/jvm/ClassReader$24 read (Lcom/sun/tools/javac/code/Symbol;I)V 63 <appendix> member <vmtarget> ; # com/sun/tools/javac/jvm/ClassReader$24$$Lambda+0x0000000020349c58
instanceKlass com/sun/tools/javac/jvm/PoolReader$Utf8Mapper
instanceKlass com/sun/tools/javac/jvm/PoolReader$ImmutablePoolHelper
instanceKlass com/sun/tools/javac/jvm/PoolReader
instanceKlass com/sun/tools/javac/comp/Modules$3
instanceKlass com/sun/tools/javac/code/ModuleFinder$1
instanceKlass javax/tools/ForwardingFileObject
instanceKlass javax/tools/StandardLocation$LazyPatternHolder
instanceKlass com/sun/tools/javac/file/JavacFileManager$DirectoryContainer
instanceKlass  @bci com/sun/tools/javac/comp/Modules initModules (Lcom/sun/tools/javac/util/List;)V 30 <appendix> member <vmtarget> ; # com/sun/tools/javac/comp/Modules$$Lambda+0x0000000020348908
instanceKlass com/sun/tools/javac/parser/Scanner$1
instanceKlass com/sun/tools/javac/parser/JavadocTokenizer$OffsetMap
instanceKlass com/sun/tools/javac/util/JCDiagnostic$SimpleDiagnosticPosition
instanceKlass com/sun/tools/javac/util/Position$LineMapImpl
instanceKlass com/sun/tools/javac/util/Position$LineMap
instanceKlass com/sun/tools/javac/util/Position
instanceKlass  @bci com/sun/tools/javac/tree/TreeMaker TopLevel (Lcom/sun/tools/javac/util/List;)Lcom/sun/tools/javac/tree/JCTree$JCCompilationUnit; 117 <appendix> member <vmtarget> ; # com/sun/tools/javac/tree/TreeMaker$$Lambda+0x0000000020347a78
instanceKlass com/sun/tools/javac/tree/TreeInfo$2
instanceKlass com/sun/tools/javac/tree/TreeInfo
instanceKlass  @bci com/sun/tools/javac/parser/JavacParser arguments ()Lcom/sun/tools/javac/util/List; 80 <appendix> argL0 ; # com/sun/tools/javac/parser/JavacParser$$Lambda+0x0000000020346b40
instanceKlass com/sun/tools/javac/parser/JavacParser$2
instanceKlass  @bci com/sun/tools/javac/parser/JavacParser accept (Lcom/sun/tools/javac/parser/Tokens$TokenKind;)V 2 <appendix> argL0 ; # com/sun/tools/javac/parser/JavacParser$$Lambda+0x00000000203466e8
instanceKlass com/sun/tools/javac/resources/CompilerProperties$Errors
instanceKlass com/sun/tools/javac/util/IntHashTable
instanceKlass com/sun/tools/javac/parser/LazyDocCommentTable
instanceKlass  @bci com/sun/tools/javac/parser/JavacParser <init> (Lcom/sun/tools/javac/parser/ParserFactory;Lcom/sun/tools/javac/parser/Lexer;ZZZZ)V 70 <appendix> argL0 ; # com/sun/tools/javac/parser/JavacParser$$Lambda+0x0000000020343c98
instanceKlass com/sun/tools/javac/parser/JavacParser$AbstractEndPosTable
instanceKlass com/sun/tools/javac/parser/JavacParser$ErrorRecoveryAction
instanceKlass com/sun/tools/javac/tree/EndPosTable
instanceKlass com/sun/tools/javac/parser/JavacParser
instanceKlass com/sun/tools/javac/parser/Scanner
instanceKlass com/sun/source/tree/LineMap
instanceKlass com/sun/tools/javac/file/BaseFileManager$ContentCacheEntry
instanceKlass com/sun/tools/javac/util/ArrayUtils
instanceKlass com/sun/tools/javac/util/DiagnosticSource
instanceKlass com/sun/tools/javac/main/JavaCompiler$InitialFileParser
instanceKlass com/sun/tools/javac/main/JavaCompiler$InitialFileParserIntf
instanceKlass  @bci com/sun/tools/javac/util/Log$DeferredDiagnosticHandler <init> (Lcom/sun/tools/javac/util/Log;Ljava/util/function/Predicate;Z)V 28 <appendix> argL0 ; # com/sun/tools/javac/util/Log$DeferredDiagnosticHandler$$Lambda+0x0000000020340990
instanceKlass javax/annotation/processing/AbstractProcessor
instanceKlass com/sun/tools/javac/processing/JavacProcessingEnvironment$DiscoveredProcessors$ProcessorStateIterator
instanceKlass com/sun/tools/javac/processing/JavacProcessingEnvironment$DiscoveredProcessors
instanceKlass com/sun/tools/javac/util/Iterators$CompoundIterator
instanceKlass  @bci com/sun/tools/javac/processing/JavacProcessingEnvironment initProcessorIterator (Ljava/lang/Iterable;)V 234 <appendix> argL0 ; # com/sun/tools/javac/processing/JavacProcessingEnvironment$$Lambda+0x0000000020340000
instanceKlass  @bci com/sun/tools/javac/processing/JavacProcessingEnvironment initProcessorIterator (Ljava/lang/Iterable;)V 202 <appendix> argL0 ; # com/sun/tools/javac/processing/JavacProcessingEnvironment$$Lambda+0x000000002033fda0
instanceKlass com/sun/tools/javac/platform/PlatformDescription$PluginInfo
instanceKlass javax/annotation/processing/Processor
instanceKlass com/sun/tools/javac/file/JavacFileManager$3
instanceKlass  @bci com/sun/tools/javac/file/JavacFileManager asFiles (Ljava/lang/Iterable;)Ljava/lang/Iterable; 7 <appendix> member <vmtarget> ; # com/sun/tools/javac/file/JavacFileManager$$Lambda+0x000000002033f8e0
instanceKlass com/sun/tools/javac/model/JavacTypes
instanceKlass com/sun/tools/javac/processing/JavacMessager
instanceKlass com/sun/tools/javac/processing/JavacFiler
instanceKlass com/sun/tools/javac/util/ForwardingDiagnosticFormatter$ForwardingConfiguration
instanceKlass com/sun/tools/javac/code/Types$DefaultSymbolVisitor
instanceKlass com/sun/tools/javac/util/ForwardingDiagnosticFormatter
instanceKlass  @bci com/sun/tools/javac/main/JavaCompiler <init> (Lcom/sun/tools/javac/util/Context;)V 408 <appendix> member <vmtarget> ; # com/sun/tools/javac/main/JavaCompiler$$Lambda+0x000000002033cbb0
instanceKlass com/sun/tools/javac/code/ModuleFinder$ModuleNameFromSourceReader
instanceKlass  @bci com/sun/tools/javac/main/JavaCompiler <init> (Lcom/sun/tools/javac/util/Context;)V 395 <appendix> member <vmtarget> ; # com/sun/tools/javac/main/JavaCompiler$$Lambda+0x000000002033c980
instanceKlass com/sun/tools/javac/comp/Modules$PackageNameFinder
instanceKlass com/sun/tools/javac/api/MultiTaskListener
instanceKlass com/sun/tools/javac/comp/ThisEscapeAnalyzer$Ref
instanceKlass com/sun/tools/javac/comp/WarningAnalyzer
instanceKlass com/sun/tools/javac/parser/UnicodeReader
instanceKlass com/sun/tools/javac/parser/ScannerFactory
instanceKlass com/sun/tools/javac/parser/Tokens$Token
instanceKlass com/sun/tools/javac/parser/Tokens
instanceKlass com/sun/tools/javac/tree/DCTree
instanceKlass com/sun/tools/javac/tree/DocTreeMaker$SentenceBreaker
instanceKlass com/sun/tools/javac/parser/ReferenceParser
instanceKlass com/sun/tools/javac/model/JavacElements
instanceKlass com/sun/tools/javac/tree/DocCommentTable
instanceKlass com/sun/source/util/DocSourcePositions
instanceKlass com/sun/tools/javac/api/JavacTrees$DocCommentTreeTransformer
instanceKlass com/sun/source/tree/Scope
instanceKlass com/sun/source/util/SourcePositions
instanceKlass com/sun/source/doctree/SeeTree
instanceKlass com/sun/source/doctree/EndElementTree
instanceKlass com/sun/source/doctree/CommentTree
instanceKlass com/sun/source/doctree/AttributeTree
instanceKlass com/sun/source/doctree/EntityTree
instanceKlass com/sun/source/doctree/AuthorTree
instanceKlass com/sun/source/doctree/ErroneousTree
instanceKlass com/sun/source/doctree/DeprecatedTree
instanceKlass com/sun/source/doctree/DocTypeTree
instanceKlass com/sun/source/doctree/DocRootTree
instanceKlass com/sun/source/doctree/SpecTree
instanceKlass com/sun/source/doctree/SummaryTree
instanceKlass com/sun/source/doctree/ReferenceTree
instanceKlass com/sun/source/doctree/VersionTree
instanceKlass com/sun/source/doctree/LinkTree
instanceKlass com/sun/source/doctree/LiteralTree
instanceKlass com/sun/source/doctree/ParamTree
instanceKlass com/sun/source/doctree/ProvidesTree
instanceKlass com/sun/source/doctree/SinceTree
instanceKlass com/sun/tools/javac/parser/Tokens$Comment
instanceKlass com/sun/source/doctree/DocCommentTree
instanceKlass com/sun/source/doctree/SnippetTree
instanceKlass com/sun/source/doctree/StartElementTree
instanceKlass com/sun/source/doctree/ReturnTree
instanceKlass com/sun/source/doctree/UnknownBlockTagTree
instanceKlass com/sun/source/doctree/UnknownInlineTagTree
instanceKlass com/sun/source/doctree/UsesTree
instanceKlass com/sun/source/doctree/ValueTree
instanceKlass com/sun/source/doctree/SerialFieldTree
instanceKlass com/sun/source/doctree/RawTextTree
instanceKlass com/sun/source/doctree/EscapeTree
instanceKlass com/sun/source/doctree/TextTree
instanceKlass com/sun/source/doctree/ThrowsTree
instanceKlass com/sun/source/doctree/SerialDataTree
instanceKlass com/sun/source/doctree/SystemPropertyTree
instanceKlass com/sun/source/doctree/InheritDocTree
instanceKlass com/sun/source/doctree/HiddenTree
instanceKlass com/sun/source/doctree/IdentifierTree
instanceKlass com/sun/source/doctree/IndexTree
instanceKlass com/sun/source/doctree/InlineTagTree
instanceKlass com/sun/source/doctree/SerialTree
instanceKlass com/sun/source/doctree/BlockTagTree
instanceKlass com/sun/source/doctree/DocTree
instanceKlass com/sun/tools/javac/tree/DocTreeMaker
instanceKlass com/sun/source/util/DocTreeFactory
instanceKlass com/sun/tools/javac/parser/Lexer
instanceKlass com/sun/tools/javac/parser/ParserFactory
instanceKlass  @bci com/sun/tools/javac/code/ClassFinder <init> (Lcom/sun/tools/javac/util/Context;)V 330 <appendix> argL0 ; # com/sun/tools/javac/code/ClassFinder$$Lambda+0x0000000020336e08
instanceKlass jdk/internal/jimage/ImageReader$Node
instanceKlass jdk/internal/jrtfs/SystemImage$2
instanceKlass  @bci jdk/internal/jrtfs/SystemImage <clinit> ()V 0 <appendix> argL0 ; # jdk/internal/jrtfs/SystemImage$$Lambda+0x00000000202398c0
instanceKlass jdk/internal/jrtfs/SystemImage
instanceKlass jdk/internal/jrtfs/JrtPath
instanceKlass com/sun/tools/javac/file/JRTIndex
instanceKlass com/sun/tools/javac/jvm/ClassReader$AttributeReader
instanceKlass com/sun/tools/javac/code/Preview$1
instanceKlass com/sun/tools/javac/comp/Analyzer$2
instanceKlass com/sun/tools/javac/comp/Analyzer$1
instanceKlass com/sun/tools/javac/comp/Analyzer$StatementAnalyzer
instanceKlass com/sun/tools/javac/comp/Analyzer$DeferredAnalysisHelper
instanceKlass com/sun/tools/javac/comp/Analyzer
instanceKlass  @bci com/sun/tools/javac/code/Symtab <init> (Lcom/sun/tools/javac/util/Context;)V 2310 <appendix> member <vmtarget> ; # com/sun/tools/javac/code/Symtab$$Lambda+0x000000002032aae0
instanceKlass com/sun/tools/javac/code/Symtab$2
instanceKlass com/sun/tools/javac/code/Symtab$1
instanceKlass  @bci com/sun/tools/javac/code/Symtab doEnterClass (Lcom/sun/tools/javac/code/Symbol$ModuleSymbol;Lcom/sun/tools/javac/code/Symbol$ClassSymbol;)V 8 <appendix> argL0 ; # com/sun/tools/javac/code/Symtab$$Lambda+0x000000002032fd88
instanceKlass  @bci com/sun/tools/javac/code/Symtab getClass (Lcom/sun/tools/javac/code/Symbol$ModuleSymbol;Lcom/sun/tools/javac/util/Name;)Lcom/sun/tools/javac/code/Symbol$ClassSymbol; 7 <appendix> member <vmtarget> ; # com/sun/tools/javac/code/Symtab$$Lambda+0x000000002032fb58
instanceKlass  @bci com/sun/tools/javac/code/Symtab enterPackage (Lcom/sun/tools/javac/code/Symbol$ModuleSymbol;Lcom/sun/tools/javac/util/Name;)Lcom/sun/tools/javac/code/Symbol$PackageSymbol; 29 <appendix> member <vmtarget> ; # com/sun/tools/javac/code/Symtab$$Lambda+0x000000002032f928
instanceKlass com/sun/tools/javac/jvm/JNIWriter
instanceKlass com/sun/tools/javac/jvm/Code
instanceKlass com/sun/tools/javac/jvm/PoolWriter$WriteablePoolHelper
instanceKlass com/sun/tools/javac/code/Types$SignatureGenerator
instanceKlass com/sun/tools/javac/jvm/PoolWriter
instanceKlass  @bci com/sun/tools/javac/comp/Lower$TypePairs hashCode ()I 1 <appendix> form vmentry <vmtarget> ; # java/lang/invoke/LambdaForm$MH+0x0000000020329000
# instanceKlass java/lang/invoke/LambdaForm$MH+0x0000000020328c00
# instanceKlass java/lang/invoke/LambdaForm$MH+0x0000000020328800
instanceKlass  @bci com/sun/tools/javac/comp/Lower$TypePairs hashCode ()I 1 <appendix> argL2 argL2 form vmentry <vmtarget> ; # java/lang/invoke/LambdaForm$MH+0x0000000020328400
instanceKlass  @bci java/lang/runtime/ObjectMethods bootstrap (Ljava/lang/invoke/MethodHandles$Lookup;Ljava/lang/String;Ljava/lang/invoke/TypeDescriptor;Ljava/lang/Class;Ljava/lang/String;[Ljava/lang/invoke/MethodHandle;)Ljava/lang/Object; 37 <appendix> argL0 ; # java/lang/runtime/ObjectMethods$$Lambda+0x800000015
instanceKlass java/lang/invoke/MethodHandleImpl$2
instanceKlass java/lang/runtime/ObjectMethods
instanceKlass  @bci com/sun/tools/javac/util/Options lambda$getBoolean$0 (Ljava/lang/String;Z)Ljava/lang/Boolean; 21 <appendix> argL0 ; # com/sun/tools/javac/util/Options$$Lambda+0x000000002032d4f0
instanceKlass  @bci com/sun/tools/javac/util/Options lambda$getBoolean$0 (Ljava/lang/String;Z)Ljava/lang/Boolean; 13 <appendix> member <vmtarget> ; # com/sun/tools/javac/util/Options$$Lambda+0x000000002032d2a0
instanceKlass  @bci com/sun/tools/javac/util/Options getBoolean (Ljava/lang/String;Z)Z 4 <appendix> member <vmtarget> ; # com/sun/tools/javac/util/Options$$Lambda+0x000000002032d070
instanceKlass com/sun/tools/javac/comp/ConstFold
instanceKlass  @bci com/sun/tools/javac/comp/Operators initBinaryOperators ()V 1049 <appendix> argL0 ; # com/sun/tools/javac/comp/Operators$$Lambda+0x0000000020327d28
instanceKlass  @bci com/sun/tools/javac/comp/Operators initBinaryOperators ()V 951 <appendix> argL0 ; # com/sun/tools/javac/comp/Operators$$Lambda+0x0000000020327ad0
instanceKlass  @bci com/sun/tools/javac/comp/Operators initBinaryOperators ()V 855 <appendix> argL0 ; # com/sun/tools/javac/comp/Operators$$Lambda+0x0000000020327878
instanceKlass  @bci com/sun/tools/javac/comp/Operators$BinaryNumericOperator <init> (Lcom/sun/tools/javac/comp/Operators;Lcom/sun/tools/javac/tree/JCTree$Tag;)V 3 <appendix> argL0 ; # com/sun/tools/javac/comp/Operators$BinaryNumericOperator$$Lambda+0x00000000203273a0
instanceKlass  @bci com/sun/tools/javac/comp/Operators$BinaryOperatorHelper addBinaryOperator (Lcom/sun/tools/javac/comp/Operators$OperatorType;Lcom/sun/tools/javac/comp/Operators$OperatorType;Lcom/sun/tools/javac/comp/Operators$OperatorType;[I)Lcom/sun/tools/javac/comp/Operators$BinaryOperatorHelper; 11 <appendix> form vmentry <vmtarget> ; # java/lang/invoke/LambdaForm$DMH+0x0000000020328000
instanceKlass  @bci com/sun/tools/javac/comp/Operators$BinaryOperatorHelper addBinaryOperator (Lcom/sun/tools/javac/comp/Operators$OperatorType;Lcom/sun/tools/javac/comp/Operators$OperatorType;Lcom/sun/tools/javac/comp/Operators$OperatorType;[I)Lcom/sun/tools/javac/comp/Operators$BinaryOperatorHelper; 11 <appendix> member <vmtarget> ; # com/sun/tools/javac/comp/Operators$BinaryOperatorHelper$$Lambda+0x0000000020326ef0
instanceKlass  @bci com/sun/tools/javac/comp/Operators initUnaryOperators ()V 180 <appendix> argL0 ; # com/sun/tools/javac/comp/Operators$$Lambda+0x0000000020326098
instanceKlass  @bci com/sun/tools/javac/comp/Operators$UnaryOperatorHelper addUnaryOperator (Lcom/sun/tools/javac/comp/Operators$OperatorType;Lcom/sun/tools/javac/comp/Operators$OperatorType;[I)Lcom/sun/tools/javac/comp/Operators$UnaryOperatorHelper; 9 <appendix> member <vmtarget> ; # com/sun/tools/javac/comp/Operators$UnaryOperatorHelper$$Lambda+0x0000000020325e68
instanceKlass  @bci com/sun/tools/javac/comp/Operators$OperatorType <clinit> ()V 192 <appendix> argL0 ; # com/sun/tools/javac/comp/Operators$OperatorType$$Lambda+0x0000000020325a20
instanceKlass  @bci com/sun/tools/javac/comp/Operators$OperatorType <clinit> ()V 173 <appendix> argL0 ; # com/sun/tools/javac/comp/Operators$OperatorType$$Lambda+0x00000000203257d8
instanceKlass  @bci com/sun/tools/javac/comp/Operators$OperatorType <clinit> ()V 154 <appendix> argL0 ; # com/sun/tools/javac/comp/Operators$OperatorType$$Lambda+0x0000000020325590
instanceKlass  @bci com/sun/tools/javac/comp/Operators$OperatorType <clinit> ()V 135 <appendix> argL0 ; # com/sun/tools/javac/comp/Operators$OperatorType$$Lambda+0x0000000020325348
instanceKlass  @bci com/sun/tools/javac/comp/Operators$OperatorType <clinit> ()V 116 <appendix> argL0 ; # com/sun/tools/javac/comp/Operators$OperatorType$$Lambda+0x0000000020325100
instanceKlass  @bci com/sun/tools/javac/comp/Operators$OperatorType <clinit> ()V 97 <appendix> argL0 ; # com/sun/tools/javac/comp/Operators$OperatorType$$Lambda+0x0000000020324eb8
instanceKlass  @bci com/sun/tools/javac/comp/Operators$OperatorType <clinit> ()V 79 <appendix> argL0 ; # com/sun/tools/javac/comp/Operators$OperatorType$$Lambda+0x0000000020324c70
instanceKlass  @bci com/sun/tools/javac/comp/Operators$OperatorType <clinit> ()V 61 <appendix> argL0 ; # com/sun/tools/javac/comp/Operators$OperatorType$$Lambda+0x0000000020324a28
instanceKlass  @bci com/sun/tools/javac/comp/Operators$OperatorType <clinit> ()V 43 <appendix> argL0 ; # com/sun/tools/javac/comp/Operators$OperatorType$$Lambda+0x00000000203247e0
instanceKlass  @bci com/sun/tools/javac/comp/Operators$OperatorType <clinit> ()V 25 <appendix> argL0 ; # com/sun/tools/javac/comp/Operators$OperatorType$$Lambda+0x0000000020324598
instanceKlass  @bci com/sun/tools/javac/comp/Operators$OperatorType <clinit> ()V 7 <appendix> argL0 ; # com/sun/tools/javac/comp/Operators$OperatorType$$Lambda+0x0000000020324350
instanceKlass  @bci com/sun/tools/javac/comp/Operators$UnaryNumericOperator <init> (Lcom/sun/tools/javac/comp/Operators;Lcom/sun/tools/javac/tree/JCTree$Tag;)V 3 <appendix> argL0 ; # com/sun/tools/javac/comp/Operators$UnaryNumericOperator$$Lambda+0x0000000020323ea8
instanceKlass  @bci com/sun/tools/javac/code/Symbol$MethodSymbol <clinit> ()V 0 <appendix> argL0 ; # com/sun/tools/javac/code/Symbol$MethodSymbol$$Lambda+0x00000000203235d0
instanceKlass com/sun/tools/javac/comp/Operators$OperatorHelper
instanceKlass com/sun/tools/javac/comp/Operators
instanceKlass com/sun/tools/javac/comp/Lower$EnumMapping
instanceKlass com/sun/tools/javac/jvm/PoolConstant$Dynamic
instanceKlass com/sun/tools/javac/jvm/StringConcat
instanceKlass com/sun/tools/javac/jvm/Gen$GenFinalizer
instanceKlass com/sun/tools/javac/jvm/Items$Item
instanceKlass com/sun/tools/javac/jvm/ClassWriter$AttributeWriter
instanceKlass com/sun/tools/javac/jvm/ClassFile
instanceKlass com/sun/tools/javac/util/MandatoryWarningHandler
instanceKlass  @bci com/sun/tools/javac/util/Options isLintExplicitlyEnabled (Lcom/sun/tools/javac/code/Lint$LintCategory;)Z 10 <appendix> member <vmtarget> ; # com/sun/tools/javac/util/Options$$Lambda+0x000000002031cb40
instanceKlass com/sun/tools/javac/code/Preview
instanceKlass com/sun/tools/javac/code/ModuleFinder$ModuleLocationIterator
instanceKlass com/sun/tools/javac/code/ModuleFinder
instanceKlass com/sun/tools/javac/comp/Flow$PatternDescription
instanceKlass com/sun/tools/javac/comp/Flow
instanceKlass com/sun/tools/javac/comp/Infer$GraphStrategy
instanceKlass com/sun/tools/javac/comp/InferenceContext
instanceKlass com/sun/tools/javac/comp/Infer$IncorporationEngine
instanceKlass com/sun/tools/javac/code/Type$UndetVar$UndetVarListener
instanceKlass javax/lang/model/element/TypeParameterElement
instanceKlass com/sun/tools/javac/comp/Infer
instanceKlass com/sun/tools/javac/util/Dependencies
instanceKlass com/sun/tools/javac/comp/TypeEnvs
instanceKlass com/sun/tools/javac/code/TypeAnnotations
instanceKlass  @bci com/sun/tools/javac/code/DeferredLintHandler pushImmediate (Lcom/sun/tools/javac/code/Lint;)V 5 <appendix> member <vmtarget> ; # com/sun/tools/javac/code/DeferredLintHandler$$Lambda+0x0000000020318958
instanceKlass com/sun/tools/javac/code/DeferredLintHandler$LintLogger
instanceKlass com/sun/tools/javac/code/DeferredLintHandler
instanceKlass  @bci com/sun/tools/javac/comp/TypeEnter$ImportsPhase <init> (Lcom/sun/tools/javac/comp/TypeEnter;)V 28 <appendix> member <vmtarget> ; # com/sun/tools/javac/comp/TypeEnter$ImportsPhase$$Lambda+0x0000000020317c90
instanceKlass com/sun/tools/javac/comp/TypeEnter$DefaultConstructorHelper
instanceKlass com/sun/tools/javac/util/GraphUtils$DependencyKind
instanceKlass com/sun/tools/javac/comp/TypeEnter$Phase
instanceKlass com/sun/tools/javac/comp/TypeEnter
instanceKlass  @bci com/sun/tools/javac/code/Types <init> (Lcom/sun/tools/javac/util/Context;)V 360 <appendix> argL0 ; # com/sun/tools/javac/code/Types$$Lambda+0x0000000020316060
instanceKlass com/sun/tools/javac/code/Types$CandidatesCache
instanceKlass com/sun/tools/javac/code/Types$ImplementationCache
instanceKlass com/sun/tools/javac/code/Types$3
instanceKlass com/sun/tools/javac/code/Types$DescriptorCache
instanceKlass com/sun/tools/javac/code/Types
instanceKlass com/sun/tools/javac/tree/TreeMaker$AnnotationBuilder
instanceKlass com/sun/tools/javac/code/Attribute$Visitor
instanceKlass com/sun/tools/javac/tree/TreeMaker
instanceKlass com/sun/tools/javac/tree/JCTree$Factory
instanceKlass com/sun/tools/javac/comp/DeferredAttr$4
instanceKlass com/sun/tools/javac/tree/TreeCopier
instanceKlass com/sun/tools/javac/comp/DeferredAttr$DeferredAttrContext
instanceKlass com/sun/tools/javac/comp/DeferredAttr$DeferredStuckPolicy
instanceKlass com/sun/tools/javac/comp/AttrRecover
instanceKlass com/sun/tools/javac/comp/Resolve$ReferenceLookupResult
instanceKlass com/sun/tools/javac/api/Formattable$LocalizedString
instanceKlass com/sun/tools/javac/comp/Resolve$10
instanceKlass com/sun/tools/javac/comp/Resolve$9
instanceKlass com/sun/tools/javac/comp/Resolve$8
instanceKlass  @bci com/sun/tools/javac/comp/Resolve onDemandImportScopeRecovery (Z)Lcom/sun/tools/javac/comp/Resolve$RecoveryLoadClass; 2 <appendix> form vmentry <vmtarget> ; # java/lang/invoke/LambdaForm$DMH+0x0000000020308000
instanceKlass  @bci com/sun/tools/javac/comp/Resolve onDemandImportScopeRecovery (Z)Lcom/sun/tools/javac/comp/Resolve$RecoveryLoadClass; 2 <appendix> member <vmtarget> ; # com/sun/tools/javac/comp/Resolve$$Lambda+0x00000000203068b8
instanceKlass  @bci com/sun/tools/javac/comp/Resolve <init> (Lcom/sun/tools/javac/util/Context;)V 86 <appendix> member <vmtarget> ; # com/sun/tools/javac/comp/Resolve$$Lambda+0x0000000020306688
instanceKlass com/sun/tools/javac/comp/Resolve$7
instanceKlass  @bci com/sun/tools/javac/comp/Resolve <init> (Lcom/sun/tools/javac/util/Context;)V 64 <appendix> argL0 ; # com/sun/tools/javac/comp/Resolve$$Lambda+0x0000000020306228
instanceKlass com/sun/tools/javac/comp/Env
instanceKlass com/sun/tools/javac/comp/Resolve$AbstractMethodCheck
instanceKlass com/sun/tools/javac/comp/Resolve$2
instanceKlass com/sun/tools/javac/comp/Resolve$LookupHelper
instanceKlass com/sun/tools/javac/code/Scope$ScopeListener
instanceKlass com/sun/tools/javac/comp/Resolve$ReferenceChooser
instanceKlass com/sun/tools/javac/comp/Resolve$LogResolveHelper
instanceKlass com/sun/tools/javac/comp/Resolve$RecoveryLoadClass
instanceKlass com/sun/tools/javac/comp/Resolve
instanceKlass  @bci com/sun/tools/javac/comp/Check <init> (Lcom/sun/tools/javac/util/Context;)V 62 <appendix> argL0 ; # com/sun/tools/javac/comp/Check$$Lambda+0x00000000202fdd68
instanceKlass com/sun/tools/javac/comp/Check$1
instanceKlass com/sun/tools/javac/util/Warner
instanceKlass com/sun/tools/javac/comp/Check
instanceKlass com/sun/tools/javac/comp/Modules$1
instanceKlass  @bci com/sun/tools/javac/comp/Modules <clinit> ()V 0 <appendix> argL0 ; # com/sun/tools/javac/comp/Modules$$Lambda+0x00000000202fbc20
instanceKlass com/sun/tools/javac/util/Iterators
instanceKlass com/sun/tools/javac/code/Directive
instanceKlass javax/lang/model/element/ModuleElement$RequiresDirective
instanceKlass javax/lang/model/element/ModuleElement$Directive
instanceKlass  @bci com/sun/tools/javac/code/Symtab enterModule (Lcom/sun/tools/javac/util/Name;)Lcom/sun/tools/javac/code/Symbol$ModuleSymbol; 37 <appendix> member <vmtarget> ; # com/sun/tools/javac/code/Symtab$$Lambda+0x00000000202fa218
instanceKlass com/sun/tools/javac/code/Scope$ScopeListenerList
instanceKlass com/sun/tools/javac/code/Scope$Entry
instanceKlass com/sun/tools/javac/comp/Annotate$AnnotationTypeMetadata
instanceKlass  @bci com/sun/tools/javac/code/Symtab addRootPackageFor (Lcom/sun/tools/javac/code/Symbol$ModuleSymbol;)V 36 <appendix> member <vmtarget> ; # com/sun/tools/javac/code/Symtab$$Lambda+0x00000000202f8ae8
instanceKlass  @bci com/sun/tools/javac/code/Symtab doEnterPackage (Lcom/sun/tools/javac/code/Symbol$ModuleSymbol;Lcom/sun/tools/javac/code/Symbol$PackageSymbol;)V 8 <appendix> argL0 ; # com/sun/tools/javac/code/Symtab$$Lambda+0x00000000202f88a0
instanceKlass com/sun/tools/javac/api/Formattable
instanceKlass com/sun/tools/javac/code/Kinds$KindSelector
instanceKlass com/sun/tools/javac/code/MissingInfoHandler
instanceKlass com/sun/tools/javac/code/TypeMetadata
instanceKlass javax/lang/model/type/NullType
instanceKlass com/sun/tools/javac/code/Symtab
instanceKlass com/sun/tools/javac/comp/MatchBindingsComputer$MatchBindings
instanceKlass com/sun/source/util/SimpleTreeVisitor
instanceKlass com/sun/tools/javac/comp/Check$NestedCheckContext
instanceKlass com/sun/tools/javac/comp/Resolve$MethodCheck
instanceKlass javax/lang/model/type/UnionType
instanceKlass javax/lang/model/element/RecordComponentElement
instanceKlass javax/lang/model/type/IntersectionType
instanceKlass com/sun/tools/javac/comp/Attr$ResultInfo
instanceKlass com/sun/tools/javac/code/Types$DefaultTypeVisitor
instanceKlass com/sun/tools/javac/comp/Annotate$2
instanceKlass com/sun/tools/javac/comp/Check$CheckContext
instanceKlass javax/lang/model/element/AnnotationMirror
instanceKlass com/sun/tools/javac/comp/Annotate
instanceKlass com/sun/tools/javac/util/ByteBuffer
instanceKlass com/sun/tools/javac/code/Attribute
instanceKlass javax/lang/model/element/AnnotationValue
instanceKlass com/sun/tools/javac/comp/Annotate$AnnotationTypeCompleter
instanceKlass javax/lang/model/type/PrimitiveType
instanceKlass com/sun/tools/javac/jvm/ClassReader
instanceKlass  @bci com/sun/tools/javac/code/ClassFinder <init> (Lcom/sun/tools/javac/util/Context;)V 23 <appendix> member <vmtarget> ; # com/sun/tools/javac/code/ClassFinder$$Lambda+0x00000000202dda60
instanceKlass com/sun/tools/javac/code/Scope
instanceKlass com/sun/tools/javac/code/ClassFinder
instanceKlass com/sun/tools/javac/util/Convert
instanceKlass com/sun/tools/javac/util/Name
instanceKlass javax/lang/model/element/Name
instanceKlass com/sun/tools/javac/util/Name$Table
instanceKlass com/sun/tools/javac/util/Names
instanceKlass com/sun/tools/javac/code/Symbol$Completer$1
instanceKlass  @bci com/sun/tools/javac/main/JavaCompiler <init> (Lcom/sun/tools/javac/util/Context;)V 6 <appendix> member <vmtarget> ; # com/sun/tools/javac/main/JavaCompiler$$Lambda+0x00000000202db878
instanceKlass javax/lang/model/element/ModuleElement
instanceKlass javax/lang/model/element/PackageElement
instanceKlass com/sun/tools/javac/main/JavaCompiler
instanceKlass javax/lang/model/element/TypeElement
instanceKlass javax/lang/model/element/QualifiedNameable
instanceKlass com/sun/source/tree/UsesTree
instanceKlass com/sun/source/tree/ThrowTree
instanceKlass com/sun/source/tree/UnaryTree
instanceKlass com/sun/source/tree/OpensTree
instanceKlass com/sun/source/tree/TryTree
instanceKlass com/sun/source/tree/YieldTree
instanceKlass com/sun/source/tree/BlockTree
instanceKlass com/sun/source/tree/IfTree
instanceKlass com/sun/source/tree/CaseTree
instanceKlass com/sun/source/tree/BreakTree
instanceKlass com/sun/source/tree/CatchTree
instanceKlass com/sun/source/tree/ModuleTree
instanceKlass com/sun/source/tree/CompoundAssignmentTree
instanceKlass com/sun/source/tree/ArrayAccessTree
instanceKlass com/sun/source/tree/InstanceOfTree
instanceKlass com/sun/source/tree/MethodTree
instanceKlass com/sun/source/tree/LambdaExpressionTree
instanceKlass com/sun/source/tree/ConditionalExpressionTree
instanceKlass com/sun/source/tree/MemberSelectTree
instanceKlass com/sun/source/tree/LabeledStatementTree
instanceKlass com/sun/source/tree/ParenthesizedTree
instanceKlass com/sun/source/tree/EnhancedForLoopTree
instanceKlass com/sun/source/tree/VariableTree
instanceKlass com/sun/source/tree/ArrayTypeTree
instanceKlass com/sun/source/tree/AssignmentTree
instanceKlass com/sun/source/tree/ClassTree
instanceKlass com/sun/source/tree/PrimitiveTypeTree
instanceKlass com/sun/source/tree/MemberReferenceTree
instanceKlass com/sun/source/tree/IntersectionTypeTree
instanceKlass com/sun/source/tree/ParameterizedTypeTree
instanceKlass com/sun/source/tree/DeconstructionPatternTree
instanceKlass com/sun/source/tree/UnionTypeTree
instanceKlass com/sun/source/tree/DoWhileLoopTree
instanceKlass com/sun/source/tree/PackageTree
instanceKlass com/sun/source/tree/IdentifierTree
instanceKlass com/sun/source/tree/MethodInvocationTree
instanceKlass com/sun/source/tree/ExpressionStatementTree
instanceKlass com/sun/source/tree/EmptyStatementTree
instanceKlass com/sun/source/tree/PatternCaseLabelTree
instanceKlass com/sun/source/tree/AnnotatedTypeTree
instanceKlass com/sun/source/tree/ModifiersTree
instanceKlass com/sun/source/tree/AssertTree
instanceKlass com/sun/source/tree/DefaultCaseLabelTree
instanceKlass com/sun/source/tree/SwitchTree
instanceKlass com/sun/source/tree/TypeCastTree
instanceKlass com/sun/source/tree/NewArrayTree
instanceKlass com/sun/source/tree/NewClassTree
instanceKlass com/sun/source/tree/ReturnTree
instanceKlass com/sun/source/tree/SwitchExpressionTree
instanceKlass com/sun/source/tree/ExportsTree
instanceKlass com/sun/source/tree/ForLoopTree
instanceKlass com/sun/source/tree/LiteralTree
instanceKlass com/sun/source/tree/SynchronizedTree
instanceKlass com/sun/source/tree/ConstantCaseLabelTree
instanceKlass com/sun/source/tree/CaseLabelTree
instanceKlass com/sun/source/tree/BindingPatternTree
instanceKlass com/sun/source/tree/AnyPatternTree
instanceKlass com/sun/source/tree/PatternTree
instanceKlass com/sun/source/tree/ImportTree
instanceKlass com/sun/source/tree/ContinueTree
instanceKlass com/sun/source/tree/ErroneousTree
instanceKlass com/sun/source/tree/TypeParameterTree
instanceKlass com/sun/source/tree/WhileLoopTree
instanceKlass com/sun/source/tree/StatementTree
instanceKlass com/sun/source/tree/BinaryTree
instanceKlass com/sun/source/tree/RequiresTree
instanceKlass com/sun/source/tree/ProvidesTree
instanceKlass com/sun/source/tree/DirectiveTree
instanceKlass com/sun/source/tree/AnnotationTree
instanceKlass com/sun/source/tree/WildcardTree
instanceKlass javax/annotation/processing/Messager
instanceKlass javax/annotation/processing/RoundEnvironment
instanceKlass com/sun/tools/javac/processing/JavacProcessingEnvironment$ServiceIterator
instanceKlass javax/annotation/processing/Filer
instanceKlass com/sun/tools/javac/tree/JCTree$Visitor
instanceKlass com/sun/tools/javac/processing/JavacProcessingEnvironment
instanceKlass javax/annotation/processing/ProcessingEnvironment
instanceKlass  @bci com/sun/tools/javac/main/Arguments validate ()Z 1326 <appendix> member <vmtarget> ; # com/sun/tools/javac/main/Arguments$$Lambda+0x00000000202c8b10
instanceKlass  @bci com/sun/tools/javac/main/Arguments validate ()Z 1236 <appendix> member <vmtarget> ; # com/sun/tools/javac/main/Arguments$$Lambda+0x00000000202c88e0
instanceKlass  @bci com/sun/tools/javac/util/Options isSet (Lcom/sun/tools/javac/main/Option;Ljava/lang/String;)Z 4 <appendix> member <vmtarget> ; # com/sun/tools/javac/util/Options$$Lambda+0x00000000202c86b0
instanceKlass  @bci com/sun/tools/javac/util/Options isLintExplicitlyDisabled (Lcom/sun/tools/javac/code/Lint$LintCategory;)Z 10 <appendix> member <vmtarget> ; # com/sun/tools/javac/util/Options$$Lambda+0x00000000202c8450
instanceKlass com/sun/tools/javac/util/Pair
instanceKlass  @bci com/sun/tools/javac/code/DeferredCompletionFailureHandler$1 uninstall ()V 9 <appendix> argL0 ; # com/sun/tools/javac/code/DeferredCompletionFailureHandler$1$$Lambda+0x00000000202c8000
instanceKlass  @bci com/sun/tools/javac/api/JavacTaskImpl doCall ()Lcom/sun/tools/javac/main/Main$Result; 2 <appendix> member <vmtarget> ; # com/sun/tools/javac/api/JavacTaskImpl$$Lambda+0x00000000202c7d18
instanceKlass  @bci com/sun/tools/javac/code/DeferredCompletionFailureHandler$1 install ()V 9 <appendix> argL0 ; # com/sun/tools/javac/code/DeferredCompletionFailureHandler$1$$Lambda+0x00000000202c7890
instanceKlass com/sun/tools/javac/code/DeferredCompletionFailureHandler$FlipSymbolDescription
instanceKlass com/sun/tools/javac/code/DeferredCompletionFailureHandler$3
instanceKlass com/sun/tools/javac/code/DeferredCompletionFailureHandler$2
instanceKlass com/sun/tools/javac/code/Symbol$Completer
instanceKlass com/sun/tools/javac/code/DeferredCompletionFailureHandler$1
instanceKlass com/sun/tools/javac/code/DeferredCompletionFailureHandler$Handler
instanceKlass com/sun/tools/javac/code/DeferredCompletionFailureHandler
instanceKlass com/sun/tools/javac/parser/Parser
instanceKlass com/sun/tools/javac/api/JavacTaskImpl$Filter
instanceKlass  @bci com/sun/tools/javac/util/Options get (Ljava/lang/String;)Ljava/lang/String; 3 <appendix> member <vmtarget> ; # com/sun/tools/javac/util/Options$$Lambda+0x00000000202c5aa8
instanceKlass  @bci com/sun/tools/javac/util/Options isSet (Ljava/lang/String;)Z 3 <appendix> member <vmtarget> ; # com/sun/tools/javac/util/Options$$Lambda+0x00000000202c5878
instanceKlass com/sun/tools/javac/main/DelegatingJavaFileManager
instanceKlass java/time/Year
instanceKlass jdk/nio/zipfs/ZipUtils
instanceKlass  @bci com/sun/tools/javac/platform/JDKPlatformProvider$PlatformDescriptionImpl getFileManager ()Ljavax/tools/JavaFileManager; 542 <appendix> argL0 ; # com/sun/tools/javac/platform/JDKPlatformProvider$PlatformDescriptionImpl$$Lambda+0x00000000202c4aa0
instanceKlass com/sun/tools/javac/resources/CompilerProperties$Fragments
instanceKlass com/sun/tools/javac/platform/JDKPlatformProvider$PlatformDescriptionImpl
instanceKlass  @bci com/sun/tools/javac/platform/PlatformUtils lookupPlatformDescription (Ljava/lang/String;)Lcom/sun/tools/javac/platform/PlatformDescription; 82 <appendix> member <vmtarget> ; # com/sun/tools/javac/platform/PlatformUtils$$Lambda+0x00000000202bee10
instanceKlass  @bci com/sun/tools/javac/platform/PlatformUtils lambda$lookupPlatformDescription$0 (Ljava/lang/String;Lcom/sun/tools/javac/platform/PlatformProvider;)Z 21 <appendix> member <vmtarget> ; # com/sun/tools/javac/platform/PlatformUtils$$Lambda+0x00000000202bebb0
instanceKlass java/util/TreeMap$TreeMapSpliterator
instanceKlass jdk/nio/zipfs/ZipDirectoryStream$1
instanceKlass jdk/nio/zipfs/ZipDirectoryStream
instanceKlass sun/nio/fs/WindowsSecurity
instanceKlass sun/nio/fs/AbstractAclFileAttributeView
instanceKlass java/nio/file/attribute/AclFileAttributeView
instanceKlass  @bci jdk/nio/zipfs/ZipFileSystem <init> (Ljdk/nio/zipfs/ZipFileSystemProvider;Ljava/nio/file/Path;Ljava/util/Map;)V 595 <appendix> member <vmtarget> ; # jdk/nio/zipfs/ZipFileSystem$$Lambda+0x00000000202c3128
instanceKlass java/nio/file/attribute/PosixFileAttributeView
instanceKlass java/nio/file/attribute/FileOwnerAttributeView
instanceKlass jdk/nio/zipfs/ZipFileAttributeView
instanceKlass jdk/nio/zipfs/ZipPath
instanceKlass jdk/nio/zipfs/ZipFileSystem$END
instanceKlass jdk/nio/zipfs/ZipConstants
instanceKlass jdk/nio/zipfs/ZipCoder
instanceKlass jdk/nio/zipfs/ZipFileAttributes
instanceKlass jdk/nio/zipfs/ZipFileSystem$IndexNode
instanceKlass  @bci com/sun/tools/javac/platform/JDKPlatformProvider <clinit> ()V 17 <appendix> argL0 ; # com/sun/tools/javac/platform/JDKPlatformProvider$$Lambda+0x00000000202be710
instanceKlass com/sun/tools/javac/platform/PlatformDescription
instanceKlass com/sun/tools/javac/platform/JDKPlatformProvider
instanceKlass  @bci com/sun/tools/javac/platform/PlatformUtils lookupPlatformDescription (Ljava/lang/String;)Lcom/sun/tools/javac/platform/PlatformDescription; 65 <appendix> member <vmtarget> ; # com/sun/tools/javac/platform/PlatformUtils$$Lambda+0x00000000202be268
instanceKlass com/sun/tools/javac/platform/PlatformProvider
instanceKlass com/sun/tools/javac/platform/PlatformUtils
instanceKlass  @bci com/sun/tools/javac/util/Options isSet (Lcom/sun/tools/javac/main/Option;)Z 3 <appendix> member <vmtarget> ; # com/sun/tools/javac/util/Options$$Lambda+0x00000000202bba10
instanceKlass  @bci com/sun/tools/javac/main/Arguments checkOptionAllowed (ZLcom/sun/tools/javac/main/Arguments$ErrorReporter;[Lcom/sun/tools/javac/main/Option;)V 33 <appendix> member <vmtarget> ; # com/sun/tools/javac/main/Arguments$$Lambda+0x00000000202bb7d0
instanceKlass  @bci com/sun/tools/javac/main/Arguments checkOptionAllowed (ZLcom/sun/tools/javac/main/Arguments$ErrorReporter;[Lcom/sun/tools/javac/main/Option;)V 17 <appendix> member <vmtarget> ; # com/sun/tools/javac/main/Arguments$$Lambda+0x00000000202bb570
instanceKlass  @cpi com/sun/tools/javac/jvm/Items$MemberItem 154 form vmentry <vmtarget> ; # java/lang/invoke/LambdaForm$DMH+0x00000000202bd400
instanceKlass  @bci com/sun/tools/javac/main/Arguments handleReleaseOptions (Ljava/util/function/Predicate;)Z 22 <appendix> member <vmtarget> ; # com/sun/tools/javac/main/Arguments$$Lambda+0x00000000202bb340
instanceKlass com/sun/tools/javac/main/Arguments$ErrorReporter
instanceKlass  @bci com/sun/tools/javac/util/Options get (Lcom/sun/tools/javac/main/Option;)Ljava/lang/String; 3 <appendix> member <vmtarget> ; # com/sun/tools/javac/util/Options$$Lambda+0x00000000202bb110
instanceKlass  @bci com/sun/tools/javac/main/Arguments processArgs (Ljava/lang/Iterable;Ljava/util/Set;Lcom/sun/tools/javac/main/OptionHelper;ZZ)Z 24 <adapter> ; # java/lang/invoke/LambdaForm$MH+0x00000000202bd000
# instanceKlass java/lang/invoke/LambdaForm$DMH+0x00000000202bcc00
instanceKlass  @bci com/sun/tools/javac/main/Arguments processArgs (Ljava/lang/Iterable;Ljava/util/Set;Lcom/sun/tools/javac/main/OptionHelper;ZZ)Z 24 <appendix> form vmentry <vmtarget> ; # java/lang/invoke/LambdaForm$DMH+0x00000000202bc800
instanceKlass  @bci com/sun/tools/javac/main/Arguments processArgs (Ljava/lang/Iterable;Ljava/util/Set;Lcom/sun/tools/javac/main/OptionHelper;ZZ)Z 24 <appendix> member <vmtarget> ; # com/sun/tools/javac/main/Arguments$$Lambda+0x00000000202baeb0
instanceKlass  @cpi com/sun/tools/javac/main/Arguments 1141 form vmentry <vmtarget> ; # java/lang/invoke/LambdaForm$DMH+0x00000000202bc400
instanceKlass java/util/AbstractMap$SimpleEntry
instanceKlass jdk/internal/jimage/ImageBufferCache$2
instanceKlass jdk/internal/jimage/ImageBufferCache
instanceKlass java/nio/channels/AsynchronousFileChannel
instanceKlass java/nio/channels/AsynchronousChannel
instanceKlass java/nio/file/FileStore
instanceKlass com/sun/tools/javac/util/StringUtils
instanceKlass  @bci com/sun/tools/javac/file/CacheFSInfo isFile (Ljava/nio/file/Path;)Z 5 <appendix> argL0 ; # com/sun/tools/javac/file/CacheFSInfo$$Lambda+0x00000000202baa58
instanceKlass java/lang/invoke/TypeConvertingMethodAdapter$BoxHolder
instanceKlass  @cpi com/sun/tools/javac/file/CacheFSInfo 178 form vmentry <vmtarget> ; # java/lang/invoke/LambdaForm$DMH+0x00000000202bc000
instanceKlass  @bci com/sun/tools/javac/file/CacheFSInfo getAttributes (Ljava/nio/file/Path;)Ljava/util/Optional; 6 <appendix> member <vmtarget> ; # com/sun/tools/javac/file/CacheFSInfo$$Lambda+0x00000000202ba808
instanceKlass com/sun/tools/javac/file/BaseFileManager$3
instanceKlass com/sun/tools/doclint/DocLint$1
instanceKlass com/sun/source/tree/CompilationUnitTree
instanceKlass com/sun/source/util/TreePath
instanceKlass javax/lang/model/util/Types
instanceKlass javax/lang/model/util/Elements
instanceKlass com/sun/source/util/Trees
instanceKlass com/sun/source/util/TreeScanner
instanceKlass com/sun/source/tree/TreeVisitor
instanceKlass  @bci com/sun/tools/doclint/DocLint newDocLint ()Lcom/sun/tools/doclint/DocLint; 17 <appendix> argL0 ; # com/sun/tools/doclint/DocLint$$Lambda+0x00000000202b6e30
instanceKlass java/util/ServiceLoader$ProviderSpliterator
instanceKlass com/sun/tools/doclint/DocLint
instanceKlass com/sun/source/util/Plugin
instanceKlass com/sun/tools/javac/util/ListBuffer$1
instanceKlass com/sun/tools/javac/main/Arguments
instanceKlass com/sun/tools/javac/api/ClientCodeWrapper$WrappedDiagnosticListener
instanceKlass com/sun/tools/javac/api/ClientCodeWrapper$Trusted
instanceKlass com/sun/tools/javac/api/ClientCodeWrapper$WrappedJavaFileManager
instanceKlass com/sun/source/util/TaskListener
instanceKlass com/sun/tools/javac/api/ClientCodeWrapper
instanceKlass com/sun/tools/javac/file/PathFileObject
instanceKlass  @bci com/sun/tools/javac/file/CacheFSInfo getCanonicalFile (Ljava/nio/file/Path;)Ljava/nio/file/Path; 6 <appendix> member <vmtarget> ; # com/sun/tools/javac/file/CacheFSInfo$$Lambda+0x00000000202b4098
instanceKlass  @bci com/sun/tools/javac/file/BaseFileManager setContext (Lcom/sun/tools/javac/util/Context;)V 48 <appendix> member <vmtarget> ; # com/sun/tools/javac/file/BaseFileManager$$Lambda+0x00000000202b39b0
instanceKlass  @bci com/sun/tools/javac/util/Log <init> (Lcom/sun/tools/javac/util/Context;Ljava/util/Map;)V 152 <appendix> member <vmtarget> ; # com/sun/tools/javac/util/Log$$Lambda+0x00000000202b3770
instanceKlass  @bci com/sun/tools/javac/util/JCDiagnostic$Factory <init> (Lcom/sun/tools/javac/util/Context;)V 23 <appendix> member <vmtarget> ; # com/sun/tools/javac/util/JCDiagnostic$Factory$$Lambda+0x00000000202b3530
instanceKlass com/sun/tools/javac/util/JCDiagnostic
instanceKlass  @bci com/sun/tools/javac/util/Options whenReady (Ljava/util/function/Consumer;)V 20 <appendix> member <vmtarget> ; # com/sun/tools/javac/util/Options$$Lambda+0x00000000202b2db0
instanceKlass  @bci com/sun/tools/javac/util/JavacMessages <init> (Lcom/sun/tools/javac/util/Context;)V 45 <appendix> member <vmtarget> ; # com/sun/tools/javac/util/JavacMessages$$Lambda+0x00000000202b2b70
instanceKlass com/sun/tools/javac/util/Options
instanceKlass javax/lang/model/element/VariableElement
instanceKlass javax/lang/model/type/ExecutableType
instanceKlass javax/lang/model/type/NoType
instanceKlass javax/lang/model/element/ExecutableElement
instanceKlass javax/lang/model/element/Parameterizable
instanceKlass javax/lang/model/type/ErrorType
instanceKlass javax/lang/model/type/DeclaredType
instanceKlass javax/lang/model/type/ArrayType
instanceKlass com/sun/tools/javac/jvm/PoolConstant$LoadableConstant
instanceKlass javax/lang/model/type/WildcardType
instanceKlass javax/lang/model/type/TypeVariable
instanceKlass javax/lang/model/type/ReferenceType
instanceKlass javax/lang/model/type/TypeMirror
instanceKlass com/sun/tools/javac/code/AnnoConstruct
instanceKlass javax/lang/model/element/Element
instanceKlass javax/lang/model/AnnotatedConstruct
instanceKlass com/sun/tools/javac/jvm/PoolConstant
instanceKlass com/sun/tools/javac/util/AbstractDiagnosticFormatter$SimpleConfiguration
instanceKlass com/sun/source/tree/ExpressionTree
instanceKlass com/sun/tools/javac/tree/JCTree
instanceKlass com/sun/source/tree/Tree
instanceKlass com/sun/tools/javac/api/DiagnosticFormatter$Configuration
instanceKlass com/sun/tools/javac/code/Printer
instanceKlass com/sun/tools/javac/code/Symbol$Visitor
instanceKlass com/sun/tools/javac/code/Type$Visitor
instanceKlass java/util/ResourceBundle$CacheKeyReference
instanceKlass java/util/ResourceBundle$CacheKey
instanceKlass com/sun/tools/javac/util/List$2
instanceKlass  @bci com/sun/tools/javac/util/JavacMessages add (Ljava/lang/String;)V 2 <appendix> member <vmtarget> ; # com/sun/tools/javac/util/JavacMessages$$Lambda+0x00000000202abdb8
instanceKlass com/sun/tools/javac/util/JavacMessages$ResourceBundleHelper
instanceKlass com/sun/tools/javac/util/JavacMessages
instanceKlass com/sun/tools/javac/api/Messages
instanceKlass com/sun/tools/javac/util/JCDiagnostic$Factory
instanceKlass  @bci com/sun/tools/javac/file/JavacFileManager <init> (Lcom/sun/tools/javac/util/Context;ZLjava/nio/charset/Charset;)V 11 <appendix> argL0 ; # com/sun/tools/javac/file/JavacFileManager$$Lambda+0x00000000202a9bf0
instanceKlass java/util/JumboEnumSet$EnumSetIterator
instanceKlass com/sun/tools/javac/file/Locations$ModuleTable
instanceKlass  @bci com/sun/tools/javac/file/Locations$ModuleSourcePathLocationHandler <init> (Lcom/sun/tools/javac/file/Locations;)V 28 <appendix> argL0 ; # com/sun/tools/javac/file/Locations$ModuleSourcePathLocationHandler$$Lambda+0x00000000202a9190
instanceKlass  @bci com/sun/tools/javac/file/Locations <init> ()V 5 <appendix> argL0 ; # com/sun/tools/javac/file/Locations$$Lambda+0x00000000202a82e0
instanceKlass javax/tools/StandardJavaFileManager$PathFactory
instanceKlass com/sun/tools/javac/file/Locations$LocationHandler
instanceKlass com/sun/tools/javac/file/Locations
instanceKlass com/sun/tools/javac/file/JavacFileManager$1
instanceKlass  @bci com/sun/tools/javac/main/Option getOptions (Lcom/sun/tools/javac/main/Option$OptionGroup;)Ljava/util/Set; 17 <appendix> argL0 ; # com/sun/tools/javac/main/Option$$Lambda+0x00000000202a71b0
instanceKlass  @bci com/sun/tools/javac/main/Option getOptions (Lcom/sun/tools/javac/main/Option$OptionGroup;)Ljava/util/Set; 7 <appendix> member <vmtarget> ; # com/sun/tools/javac/main/Option$$Lambda+0x00000000202a6f50
instanceKlass  @bci com/sun/tools/javac/main/Option getXLintChoices ()Ljava/util/Set; 42 <appendix> member <vmtarget> ; # com/sun/tools/javac/main/Option$$Lambda+0x00000000202a6b10
instanceKlass  @bci com/sun/tools/javac/main/Option getXLintChoices ()Ljava/util/Set; 26 <appendix> argL0 ; # com/sun/tools/javac/main/Option$$Lambda+0x00000000202a68c8
instanceKlass  @bci com/sun/tools/javac/code/Lint$LintCategory <init> (Ljava/lang/String;ILjava/lang/String;Z[Ljava/lang/String;)V 60 <appendix> member <vmtarget> ; # com/sun/tools/javac/code/Lint$LintCategory$$Lambda+0x00000000202a6238
instanceKlass com/sun/tools/javac/code/Lint
instanceKlass com/sun/tools/javac/util/Assert
instanceKlass com/sun/tools/javac/file/RelativePath
instanceKlass javax/tools/JavaFileObject
instanceKlass javax/tools/JavaFileManager$Location
instanceKlass javax/tools/FileObject
instanceKlass com/sun/tools/javac/file/JavacFileManager$Container
instanceKlass com/sun/tools/javac/util/JCDiagnostic$DiagnosticInfo
instanceKlass com/sun/tools/javac/main/OptionHelper
instanceKlass  @bci com/sun/tools/javac/file/CacheFSInfo preRegister (Lcom/sun/tools/javac/util/Context;)V 3 <appendix> argL0 ; # com/sun/tools/javac/file/CacheFSInfo$$Lambda+0x000000002029cb38
instanceKlass com/sun/tools/javac/file/FSInfo
instanceKlass com/sun/tools/javac/util/AbstractDiagnosticFormatter
instanceKlass com/sun/tools/javac/api/DiagnosticFormatter
instanceKlass com/sun/tools/javac/util/Log$DiagnosticHandler
instanceKlass com/sun/tools/javac/util/JCDiagnostic$DiagnosticPosition
instanceKlass com/sun/tools/javac/util/AbstractLog
instanceKlass com/sun/tools/javac/util/Context$Factory
instanceKlass com/sun/tools/javac/util/Context$Key
instanceKlass javax/tools/DiagnosticCollector
instanceKlass org/codehaus/plexus/compiler/javac/JavaxToolsCompiler$1
instanceKlass  @bci org/codehaus/plexus/compiler/javac/JavacCompiler$JavaVersion isOlderOrEqualTo (Ljava/lang/String;)Z 33 <appendix> member <vmtarget> ; # org/codehaus/plexus/compiler/javac/JavacCompiler$JavaVersion$$Lambda+0x0000000020292400
instanceKlass org/codehaus/plexus/util/StringUtils
instanceKlass org/apache/maven/shared/utils/io/SelectorUtils
instanceKlass org/apache/maven/shared/utils/io/MatchPattern
instanceKlass org/apache/maven/shared/utils/io/MatchPatterns
instanceKlass org/apache/maven/shared/utils/io/DirectoryScanner
instanceKlass org/apache/maven/shared/utils/io/FileUtils
instanceKlass  @bci java/util/stream/SortedOps$RefSortingSink end ()V 48 <appendix> member <vmtarget> ; # java/util/stream/SortedOps$RefSortingSink$$Lambda+0x0000000020232360
instanceKlass  @cpi com/sun/tools/javac/code/Symtab 1381 form vmentry <vmtarget> ; # java/lang/invoke/LambdaForm$DMH+0x0000000020292000
instanceKlass  @bci org/apache/maven/plugin/compiler/AbstractCompilerMojo executeReal ()V 3304 <appendix> argL0 ; # org/apache/maven/plugin/compiler/AbstractCompilerMojo$$Lambda+0x0000000020297af0
instanceKlass  @bci org/apache/maven/plugin/compiler/AbstractCompilerMojo executeReal ()V 3294 <appendix> argL0 ; # org/apache/maven/plugin/compiler/AbstractCompilerMojo$$Lambda+0x00000000202978a8
instanceKlass java/util/Collections$ReverseComparator
instanceKlass  @bci java/nio/file/Files walk (Ljava/nio/file/Path;I[Ljava/nio/file/FileVisitOption;)Ljava/util/stream/Stream; 43 <appendix> argL0 ; # java/nio/file/Files$$Lambda+0x0000000020231ba0
instanceKlass  @bci java/nio/file/Files walk (Ljava/nio/file/Path;I[Ljava/nio/file/FileVisitOption;)Ljava/util/stream/Stream; 30 <appendix> member <vmtarget> ; # java/nio/file/Files$$Lambda+0x0000000020231970
instanceKlass java/nio/file/FileTreeWalker$Event
instanceKlass java/nio/file/FileTreeWalker$DirectoryNode
instanceKlass java/nio/file/FileTreeWalker
instanceKlass java/nio/file/FileTreeIterator
instanceKlass org/apache/maven/shared/utils/StringUtils
instanceKlass org/apache/maven/shared/utils/logging/AnsiMessageBuilder
instanceKlass org/apache/maven/shared/utils/logging/LoggerLevelRenderer
instanceKlass org/apache/maven/shared/utils/logging/MessageUtils
instanceKlass  @bci org/apache/maven/plugin/compiler/AbstractCompilerMojo executeReal ()V 1279 <appendix> argL0 ; # org/apache/maven/plugin/compiler/AbstractCompilerMojo$$Lambda+0x00000000202966c0
instanceKlass org/apache/maven/plugin/compiler/DeltaList
instanceKlass  @bci java/util/stream/Collectors toCollection (Ljava/util/function/Supplier;)Ljava/util/stream/Collector; 10 <appendix> argL0 ; # java/util/stream/Collectors$$Lambda+0x00000000202304e0
instanceKlass  @bci java/util/stream/Collectors toCollection (Ljava/util/function/Supplier;)Ljava/util/stream/Collector; 5 <appendix> argL0 ; # java/util/stream/Collectors$$Lambda+0x00000000202302a8
instanceKlass  @bci org/apache/maven/plugin/compiler/AbstractCompilerMojo hasInputFileTreeChanged (Lorg/apache/maven/shared/incremental/IncrementalBuildHelper;Ljava/util/Set;)Z 127 <appendix> argL0 ; # org/apache/maven/plugin/compiler/AbstractCompilerMojo$$Lambda+0x0000000020296280
instanceKlass  @bci org/apache/maven/plugin/compiler/AbstractCompilerMojo hasInputFileTreeChanged (Lorg/apache/maven/shared/incremental/IncrementalBuildHelper;Ljava/util/Set;)Z 117 <appendix> argL0 ; # org/apache/maven/plugin/compiler/AbstractCompilerMojo$$Lambda+0x0000000020296038
instanceKlass java/nio/file/attribute/FileTime$1
instanceKlass org/codehaus/plexus/util/io/InputStreamFacade
instanceKlass org/codehaus/plexus/util/BaseFileUtils
instanceKlass  @bci org/apache/maven/plugin/compiler/AbstractCompilerMojo getBuildStartTimeInstant ()Ljava/util/Optional; 26 <appendix> argL0 ; # org/apache/maven/plugin/compiler/AbstractCompilerMojo$$Lambda+0x0000000020295998
instanceKlass  @bci org/apache/maven/plugin/compiler/AbstractCompilerMojo getBuildStartTimeInstant ()Ljava/util/Optional; 18 <appendix> argL0 ; # org/apache/maven/plugin/compiler/AbstractCompilerMojo$$Lambda+0x0000000020295750
instanceKlass  @bci org/apache/maven/plugin/compiler/AbstractCompilerMojo getBuildStartTimeInstant ()Ljava/util/Optional; 10 <appendix> argL0 ; # org/apache/maven/plugin/compiler/AbstractCompilerMojo$$Lambda+0x0000000020295508
instanceKlass org/apache/maven/shared/incremental/IncrementalBuildHelperRequest
instanceKlass org/codehaus/plexus/util/SelectorUtils
instanceKlass org/codehaus/plexus/util/MatchPatterns
instanceKlass org/codehaus/plexus/util/MatchPattern
instanceKlass org/codehaus/plexus/util/AbstractScanner
instanceKlass org/codehaus/plexus/util/Scanner
instanceKlass org/codehaus/plexus/compiler/util/scan/mapping/SuffixMapping
instanceKlass org/codehaus/plexus/compiler/util/scan/AbstractSourceInclusionScanner
instanceKlass  @bci org/apache/maven/plugin/compiler/AbstractCompilerMojo resolveProcessorPathEntries ()Ljava/util/List; 98 <appendix> argL0 ; # org/apache/maven/plugin/compiler/AbstractCompilerMojo$$Lambda+0x0000000020294000
instanceKlass  @bci org/apache/maven/plugin/compiler/AbstractCompilerMojo getAnnotationProcessorPathVersion (Lorg/apache/maven/plugin/compiler/DependencyCoordinate;)Ljava/lang/String; 23 <appendix> member <vmtarget> ; # org/apache/maven/plugin/compiler/AbstractCompilerMojo$$Lambda+0x000000002028dc10
instanceKlass  @bci org/apache/maven/plugin/compiler/AbstractCompilerMojo findManagedVersion (Lorg/apache/maven/plugin/compiler/DependencyCoordinate;Ljava/util/List;)Ljava/util/Optional; 22 <appendix> argL0 ; # org/apache/maven/plugin/compiler/AbstractCompilerMojo$$Lambda+0x000000002028d9c8
instanceKlass  @bci org/apache/maven/plugin/compiler/AbstractCompilerMojo findManagedVersion (Lorg/apache/maven/plugin/compiler/DependencyCoordinate;Ljava/util/List;)Ljava/util/Optional; 7 <appendix> member <vmtarget> ; # org/apache/maven/plugin/compiler/AbstractCompilerMojo$$Lambda+0x000000002028d768
instanceKlass org/apache/maven/project/MavenProject$LoggingList$1
instanceKlass com/sun/tools/javac/file/BaseFileManager
instanceKlass com/sun/tools/javac/util/Context
instanceKlass javax/tools/StandardJavaFileManager
instanceKlass com/sun/source/util/JavacTask
instanceKlass javax/tools/JavaCompiler$CompilationTask
instanceKlass com/sun/tools/javac/api/JavacTool
instanceKlass javax/tools/ToolProvider
instanceKlass java/util/concurrent/ConcurrentLinkedDeque$Node
instanceKlass org/codehaus/plexus/compiler/PlexusLoggerWrapper
instanceKlass  @bci java/util/regex/Pattern ALL ()Ljava/util/regex/Pattern$CharPredicate; 0 <appendix> argL0 ; # java/util/regex/Pattern$$Lambda+0x000000002022f008
instanceKlass org/eclipse/sisu/wire/ProviderIterableAdapter$ProviderEntry
instanceKlass org/eclipse/sisu/wire/ProviderIterableAdapter$ProviderIterator
instanceKlass  @bci org/apache/maven/plugin/internal/AbstractMavenPluginDescriptorSourcedParametersValidator isIgnoredProperty (Ljava/lang/String;)Z 55 <appendix> member <vmtarget> ; # org/apache/maven/plugin/internal/AbstractMavenPluginDescriptorSourcedParametersValidator$$Lambda+0x0000000020284fc8
instanceKlass org/eclipse/sisu/wire/ProviderIterableAdapter
instanceKlass org/apache/maven/toolchain/DefaultToolchainManager$$FastClassByGuice$$217208088
instanceKlass org/apache/maven/plugin/compiler/CompilerMojo$$FastClassByGuice$$216886198
instanceKlass org/codehaus/plexus/compiler/javac/JavaxToolsCompiler$$FastClassByGuice$$214969853
instanceKlass org/codehaus/plexus/compiler/javac/JavacCompiler$$FastClassByGuice$$214022460
instanceKlass org/codehaus/plexus/compiler/manager/DefaultCompilerManager$$FastClassByGuice$$213549122
instanceKlass org/codehaus/plexus/languages/java/jpms/LocationManager$$FastClassByGuice$$212762330
instanceKlass org/eclipse/sisu/wire/BeanProviders$2
instanceKlass javax/tools/Diagnostic
instanceKlass javax/tools/JavaCompiler
instanceKlass javax/tools/Tool
instanceKlass javax/tools/JavaFileManager
instanceKlass javax/tools/OptionChecker
instanceKlass javax/tools/DiagnosticListener
instanceKlass org/codehaus/plexus/compiler/CompilerMessage
instanceKlass org/codehaus/plexus/util/cli/StreamConsumer
instanceKlass org/codehaus/plexus/compiler/CompilerOutputStyle
instanceKlass org/codehaus/plexus/languages/java/jpms/ResolvePathsRequest
instanceKlass org/codehaus/plexus/languages/java/jpms/ResolvePathRequest
instanceKlass org/codehaus/plexus/languages/java/jpms/ResolvePathResult
instanceKlass org/codehaus/plexus/languages/java/jpms/ManifestModuleNameExtractor
instanceKlass org/codehaus/plexus/languages/java/jpms/SourceModuleInfoParser
instanceKlass org/codehaus/plexus/languages/java/jpms/ModuleInfoParser
instanceKlass org/codehaus/plexus/languages/java/jpms/ModuleNameExtractor
instanceKlass org/codehaus/plexus/languages/java/jpms/JavaModuleDescriptor
instanceKlass org/codehaus/plexus/languages/java/jpms/ResolvePathsResult
instanceKlass org/codehaus/plexus/compiler/CompilerResult
instanceKlass org/apache/maven/shared/incremental/IncrementalBuildHelper
instanceKlass org/apache/maven/shared/utils/logging/MessageBuilder
instanceKlass org/codehaus/plexus/compiler/util/scan/SourceInclusionScanner
instanceKlass org/apache/maven/plugin/compiler/DependencyCoordinate
instanceKlass org/codehaus/plexus/compiler/CompilerConfiguration
instanceKlass org/codehaus/plexus/compiler/util/scan/mapping/SourceMapping
instanceKlass org/codehaus/plexus/compiler/javac/JavaxToolsCompiler
instanceKlass org/codehaus/plexus/compiler/javac/InProcessCompiler
instanceKlass org/codehaus/plexus/compiler/AbstractCompiler
instanceKlass org/codehaus/plexus/compiler/Compiler
instanceKlass org/codehaus/plexus/compiler/manager/DefaultCompilerManager
instanceKlass org/codehaus/plexus/compiler/manager/CompilerManager
instanceKlass org/codehaus/plexus/languages/java/jpms/LocationManager
instanceKlass  @bci org/apache/maven/utils/Os getOsFamily ()Ljava/lang/String; 74 <appendix> argL0 ; # org/apache/maven/utils/Os$$Lambda+0x0000000020284690
instanceKlass org/apache/maven/utils/Os
instanceKlass  @bci org/apache/maven/model/building/DefaultModelBuilder lambda$getInterpolatedProfiles$2 (Lorg/codehaus/plexus/interpolation/RegexBasedInterpolator;Lorg/apache/maven/model/building/DefaultModelProblemCollector;Lorg/apache/maven/model/ActivationOS;)V 107 <appendix> member <vmtarget> ; # org/apache/maven/model/building/DefaultModelBuilder$$Lambda+0x0000000020284240
instanceKlass  @bci org/apache/maven/model/building/DefaultModelBuilder lambda$getInterpolatedProfiles$2 (Lorg/codehaus/plexus/interpolation/RegexBasedInterpolator;Lorg/apache/maven/model/building/DefaultModelProblemCollector;Lorg/apache/maven/model/ActivationOS;)V 84 <appendix> member <vmtarget> ; # org/apache/maven/model/building/DefaultModelBuilder$$Lambda+0x0000000020284000
instanceKlass  @bci org/apache/maven/model/building/DefaultModelBuilder lambda$getInterpolatedProfiles$2 (Lorg/codehaus/plexus/interpolation/RegexBasedInterpolator;Lorg/apache/maven/model/building/DefaultModelProblemCollector;Lorg/apache/maven/model/ActivationOS;)V 61 <appendix> member <vmtarget> ; # org/apache/maven/model/building/DefaultModelBuilder$$Lambda+0x0000000020279b98
instanceKlass  @bci org/apache/maven/model/building/DefaultModelBuilder lambda$getInterpolatedProfiles$2 (Lorg/codehaus/plexus/interpolation/RegexBasedInterpolator;Lorg/apache/maven/model/building/DefaultModelProblemCollector;Lorg/apache/maven/model/ActivationOS;)V 38 <appendix> member <vmtarget> ; # org/apache/maven/model/building/DefaultModelBuilder$$Lambda+0x0000000020279958
instanceKlass  @bci org/apache/maven/model/building/DefaultModelBuilder lambda$getInterpolatedProfiles$2 (Lorg/codehaus/plexus/interpolation/RegexBasedInterpolator;Lorg/apache/maven/model/building/DefaultModelProblemCollector;Lorg/apache/maven/model/ActivationOS;)V 12 <appendix> member <vmtarget> ; # org/apache/maven/model/building/DefaultModelBuilder$$Lambda+0x0000000020279728
instanceKlass org/apache/maven/artifact/resolver/filter/AbstractScopeArtifactFilter
instanceKlass org/sonatype/plexus/build/incremental/EmptyScanner
instanceKlass java/nio/file/attribute/PosixFileAttributes
instanceKlass java/nio/BufferMismatch
instanceKlass org/codehaus/plexus/interpolation/PrefixAwareRecursionInterceptor
instanceKlass org/codehaus/plexus/interpolation/SimpleRecursionInterceptor
instanceKlass  @bci org/apache/maven/shared/filtering/BaseFilter createInterpolator (Ljava/util/LinkedHashSet;Ljava/util/List;Lorg/codehaus/plexus/interpolation/ValueSource;Lorg/apache/maven/project/MavenProject;Lorg/apache/maven/execution/MavenSession;Ljava/lang/String;Z)Lorg/codehaus/plexus/interpolation/Interpolator; 126 <appendix> argL0 ; # org/apache/maven/shared/filtering/BaseFilter$$Lambda+0x0000000020282628
instanceKlass org/codehaus/plexus/interpolation/InterpolationPostProcessor
instanceKlass org/codehaus/plexus/interpolation/SingleResponseValueSource
instanceKlass org/codehaus/plexus/interpolation/PrefixedValueSourceWrapper
instanceKlass org/codehaus/plexus/interpolation/FeedbackEnabledValueSource
instanceKlass org/codehaus/plexus/interpolation/AbstractDelegatingValueSource
instanceKlass org/codehaus/plexus/interpolation/QueryEnabledValueSource
instanceKlass org/codehaus/plexus/interpolation/multi/DelimiterSpecification
instanceKlass org/codehaus/plexus/interpolation/multi/MultiDelimiterStringSearchInterpolator
instanceKlass org/apache/maven/shared/filtering/FilteringUtils
instanceKlass org/apache/commons/io/FilenameUtils
instanceKlass org/codehaus/plexus/util/SelectorUtils
instanceKlass org/codehaus/plexus/util/MatchPatterns
instanceKlass org/codehaus/plexus/util/MatchPattern
instanceKlass org/codehaus/plexus/util/AbstractScanner
instanceKlass org/codehaus/plexus/interpolation/RecursionInterceptor
instanceKlass org/codehaus/plexus/interpolation/AbstractValueSource
instanceKlass org/apache/maven/plugins/resources/MavenBuildTimestamp
instanceKlass org/apache/maven/shared/filtering/FilterWrapper
instanceKlass  @bci java/util/regex/CharPredicates forUnicodeBlock (Ljava/lang/String;)Ljava/util/regex/Pattern$CharPredicate; 6 <appendix> member <vmtarget> ; # java/util/regex/CharPredicates$$Lambda+0x000000002022e430
instanceKlass java/lang/Character$Subset
instanceKlass org/apache/commons/lang3/StringUtils
instanceKlass org/codehaus/plexus/util/introspection/MethodMap
instanceKlass org/codehaus/plexus/util/introspection/ClassMap$CacheMiss
instanceKlass org/codehaus/plexus/util/introspection/ClassMap
instanceKlass org/codehaus/plexus/util/introspection/ReflectionValueExtractor$Tokenizer
instanceKlass org/codehaus/plexus/util/introspection/ReflectionValueExtractor
instanceKlass org/eclipse/sisu/plexus/TypeArguments
instanceKlass  @bci jdk/internal/reflect/MethodHandleIntegerFieldAccessorImpl setInt (Ljava/lang/Object;I)V 41 <adapter> ; # java/lang/invoke/LambdaForm$MH+0x0000000020278c00
instanceKlass  @bci com/sun/tools/javac/comp/Lower$TypePairs hashCode ()I 1 <appendix> argL1 form vmentry <vmtarget> ; # java/lang/invoke/LambdaForm$MH+0x0000000020278800
instanceKlass org/eclipse/sisu/plexus/CompositeBeanHelper$1
instanceKlass org/eclipse/sisu/plexus/CompositeBeanHelper
instanceKlass org/apache/maven/plugin/internal/ValidatingConfigurationListener
instanceKlass org/apache/maven/plugin/DebugConfigurationListener
instanceKlass org/eclipse/sisu/inject/MildKeys
instanceKlass  @bci java/time/format/DateTimeFormatter <clinit> ()V 1075 <appendix> argL0 ; # java/time/format/DateTimeFormatter$$Lambda+0x80000001b
instanceKlass  @bci java/time/format/DateTimeFormatter <clinit> ()V 1067 <appendix> argL0 ; # java/time/format/DateTimeFormatter$$Lambda+0x80000001a
instanceKlass java/time/Period
instanceKlass java/time/chrono/ChronoPeriod
instanceKlass java/time/format/DateTimeFormatterBuilder$TextPrinterParser
instanceKlass java/time/format/DateTimeTextProvider$1
instanceKlass java/time/format/DateTimeTextProvider
instanceKlass java/time/format/DateTimeTextProvider$LocaleStore
instanceKlass java/time/format/DateTimeFormatterBuilder$InstantPrinterParser
instanceKlass java/time/format/DateTimeFormatterBuilder$StringLiteralPrinterParser
instanceKlass java/time/format/DateTimeFormatterBuilder$ZoneIdPrinterParser
instanceKlass java/time/format/DateTimeFormatterBuilder$OffsetIdPrinterParser
instanceKlass java/time/format/DecimalStyle
instanceKlass java/time/format/DateTimeFormatterBuilder$CompositePrinterParser
instanceKlass java/time/chrono/AbstractChronology
instanceKlass java/time/chrono/Chronology
instanceKlass java/time/format/DateTimeFormatterBuilder$CharLiteralPrinterParser
instanceKlass java/time/format/DateTimeFormatterBuilder$NumberPrinterParser
instanceKlass java/time/format/DateTimeFormatterBuilder$DateTimePrinterParser
instanceKlass java/time/temporal/JulianFields
instanceKlass java/time/temporal/IsoFields
instanceKlass  @bci java/time/format/DateTimeFormatterBuilder <clinit> ()V 0 <appendix> argL0 ; # java/time/format/DateTimeFormatterBuilder$$Lambda+0x80000001c
instanceKlass java/time/temporal/TemporalQuery
instanceKlass java/time/format/DateTimeFormatterBuilder
instanceKlass java/time/format/DateTimeFormatter
instanceKlass org/codehaus/plexus/component/configurator/converters/ParameterizedConfigurationConverter
instanceKlass org/codehaus/plexus/component/configurator/converters/AbstractConfigurationConverter
instanceKlass org/codehaus/plexus/component/configurator/converters/ConfigurationConverter
instanceKlass org/codehaus/plexus/component/configurator/converters/lookup/DefaultConverterLookup
instanceKlass org/codehaus/plexus/component/configurator/expression/DefaultExpressionEvaluator
instanceKlass  @bci org/apache/maven/plugin/internal/ReadOnlyPluginParametersValidator doValidate (Lorg/apache/maven/execution/MavenSession;Lorg/apache/maven/plugin/descriptor/MojoDescriptor;Ljava/lang/Class;Lorg/codehaus/plexus/configuration/PlexusConfiguration;Lorg/codehaus/plexus/component/configurator/expression/ExpressionEvaluator;)V 35 <appendix> member <vmtarget> ; # org/apache/maven/plugin/internal/ReadOnlyPluginParametersValidator$$Lambda+0x00000000202778d0
instanceKlass  @bci org/apache/maven/plugin/internal/ReadOnlyPluginParametersValidator doValidate (Lorg/apache/maven/execution/MavenSession;Lorg/apache/maven/plugin/descriptor/MojoDescriptor;Ljava/lang/Class;Lorg/codehaus/plexus/configuration/PlexusConfiguration;Lorg/codehaus/plexus/component/configurator/expression/ExpressionEvaluator;)V 17 <appendix> argL0 ; # org/apache/maven/plugin/internal/ReadOnlyPluginParametersValidator$$Lambda+0x0000000020277678
instanceKlass  @bci org/apache/maven/plugin/internal/DeprecatedPluginValidator doValidate (Lorg/apache/maven/execution/MavenSession;Lorg/apache/maven/plugin/descriptor/MojoDescriptor;Ljava/lang/Class;Lorg/codehaus/plexus/configuration/PlexusConfiguration;Lorg/codehaus/plexus/component/configurator/expression/ExpressionEvaluator;)V 71 <appendix> member <vmtarget> ; # org/apache/maven/plugin/internal/DeprecatedPluginValidator$$Lambda+0x0000000020277438
instanceKlass  @cpi org/apache/maven/plugin/internal/ReadOnlyPluginParametersValidator 131 form vmentry <vmtarget> ; # java/lang/invoke/LambdaForm$DMH+0x0000000020278400
instanceKlass  @bci org/apache/maven/plugin/internal/DeprecatedPluginValidator doValidate (Lorg/apache/maven/execution/MavenSession;Lorg/apache/maven/plugin/descriptor/MojoDescriptor;Ljava/lang/Class;Lorg/codehaus/plexus/configuration/PlexusConfiguration;Lorg/codehaus/plexus/component/configurator/expression/ExpressionEvaluator;)V 53 <appendix> argL0 ; # org/apache/maven/plugin/internal/DeprecatedPluginValidator$$Lambda+0x00000000202771e0
instanceKlass  @cpi com/sun/tools/javac/comp/Operators$UnaryNumericOperator 71 form vmentry <vmtarget> ; # java/lang/invoke/LambdaForm$DMH+0x0000000020278000
instanceKlass  @bci org/apache/maven/plugin/internal/DeprecatedPluginValidator doValidate (Lorg/apache/maven/execution/MavenSession;Lorg/apache/maven/plugin/descriptor/MojoDescriptor;Ljava/lang/Class;Lorg/codehaus/plexus/configuration/PlexusConfiguration;Lorg/codehaus/plexus/component/configurator/expression/ExpressionEvaluator;)V 43 <appendix> argL0 ; # org/apache/maven/plugin/internal/DeprecatedPluginValidator$$Lambda+0x0000000020276f88
instanceKlass  @bci org/apache/maven/plugin/internal/DeprecatedCoreExpressionValidator doValidate (Lorg/apache/maven/execution/MavenSession;Lorg/apache/maven/plugin/descriptor/MojoDescriptor;Ljava/lang/Class;Lorg/codehaus/plexus/configuration/PlexusConfiguration;Lorg/codehaus/plexus/component/configurator/expression/ExpressionEvaluator;)V 43 <appendix> member <vmtarget> ; # org/apache/maven/plugin/internal/DeprecatedCoreExpressionValidator$$Lambda+0x0000000020276d48
instanceKlass  @bci org/apache/maven/plugin/internal/DeprecatedCoreExpressionValidator doValidate (Lorg/apache/maven/execution/MavenSession;Lorg/apache/maven/plugin/descriptor/MojoDescriptor;Ljava/lang/Class;Lorg/codehaus/plexus/configuration/PlexusConfiguration;Lorg/codehaus/plexus/component/configurator/expression/ExpressionEvaluator;)V 29 <appendix> member <vmtarget> ; # org/apache/maven/plugin/internal/DeprecatedCoreExpressionValidator$$Lambda+0x0000000020276af8
instanceKlass  @bci org/apache/maven/plugin/internal/DeprecatedCoreExpressionValidator doValidate (Lorg/apache/maven/execution/MavenSession;Lorg/apache/maven/plugin/descriptor/MojoDescriptor;Ljava/lang/Class;Lorg/codehaus/plexus/configuration/PlexusConfiguration;Lorg/codehaus/plexus/component/configurator/expression/ExpressionEvaluator;)V 18 <appendix> member <vmtarget> ; # org/apache/maven/plugin/internal/DeprecatedCoreExpressionValidator$$Lambda+0x0000000020276898
instanceKlass org/apache/maven/plugin/PluginParameterExpressionEvaluator
instanceKlass org/codehaus/plexus/component/configurator/expression/TypeAwareExpressionEvaluator
instanceKlass org/apache/maven/monitor/logging/DefaultLog
instanceKlass org/sonatype/plexus/build/incremental/DefaultBuildContext$$FastClassByGuice$$211518934
instanceKlass org/apache/maven/plugins/resources/ResourcesMojo$$FastClassByGuice$$209827060
instanceKlass org/apache/maven/shared/filtering/DefaultMavenResourcesFiltering$$FastClassByGuice$$208954160
instanceKlass org/apache/maven/shared/filtering/DefaultMavenReaderFilter$$FastClassByGuice$$208274668
instanceKlass org/apache/maven/shared/filtering/DefaultMavenFileFilter$$FastClassByGuice$$207513833
instanceKlass com/google/inject/internal/Messages$Converter
instanceKlass com/google/inject/internal/Messages
instanceKlass org/codehaus/plexus/interpolation/Interpolator
instanceKlass org/codehaus/plexus/interpolation/BasicInterpolator
instanceKlass org/codehaus/plexus/interpolation/ValueSource
instanceKlass org/codehaus/plexus/util/Scanner
instanceKlass org/w3c/dom/Element
instanceKlass org/w3c/dom/Document
instanceKlass org/w3c/dom/Node
instanceKlass org/apache/maven/shared/filtering/AbstractMavenFilteringRequest
instanceKlass org/apache/maven/shared/filtering/DefaultMavenResourcesFiltering
instanceKlass org/apache/maven/shared/filtering/MavenResourcesFiltering
instanceKlass org/apache/maven/shared/filtering/MavenReaderFilter
instanceKlass org/apache/maven/shared/filtering/BaseFilter
instanceKlass org/apache/maven/shared/filtering/MavenFileFilter
instanceKlass org/apache/maven/shared/filtering/DefaultFilterInfo
instanceKlass org/sonatype/plexus/build/incremental/BuildContext
instanceKlass jdk/internal/util/Exceptions$SensitiveInfo
instanceKlass java/util/jar/JarVerifier
instanceKlass org/eclipse/sisu/space/FileEntryIterator
instanceKlass org/eclipse/sisu/space/ResourceEnumeration
instanceKlass org/eclipse/sisu/plexus/ComponentDescriptorBeanModule$PlexusDescriptorBeanSource
instanceKlass org/eclipse/sisu/plexus/ComponentDescriptorBeanModule$ComponentMetadata
instanceKlass org/apache/maven/plugin/AbstractMojo
instanceKlass org/apache/maven/plugin/ContextEnabled
instanceKlass org/apache/maven/plugin/Mojo
instanceKlass org/eclipse/sisu/plexus/ComponentDescriptorBeanModule
instanceKlass org/apache/maven/classrealm/ArtifactClassRealmConstituent
instanceKlass  @bci org/apache/maven/RepositoryUtils toArtifacts (Ljava/util/Collection;)Ljava/util/Collection; 6 <appendix> argL0 ; # org/apache/maven/RepositoryUtils$$Lambda+0x000000002026ef48
instanceKlass org/apache/maven/plugin/internal/WagonExcluder
instanceKlass  @bci org/apache/maven/plugin/DefaultPluginRealmCache get (Lorg/apache/maven/plugin/PluginRealmCache$Key;Lorg/apache/maven/plugin/PluginRealmCache$PluginRealmSupplier;)Lorg/apache/maven/plugin/PluginRealmCache$CacheRecord; 6 <appendix> member <vmtarget> ; # org/apache/maven/plugin/DefaultPluginRealmCache$$Lambda+0x000000002026eab8
instanceKlass  @bci org/apache/maven/plugin/internal/DefaultMavenPluginManager setupPluginRealm (Lorg/apache/maven/plugin/descriptor/PluginDescriptor;Lorg/apache/maven/execution/MavenSession;Ljava/lang/ClassLoader;Ljava/util/List;Lorg/eclipse/aether/graph/DependencyFilter;)V 177 <appendix> form vmentry <vmtarget> ; # java/lang/invoke/LambdaForm$DMH+0x000000002026d800
instanceKlass  @bci org/apache/maven/plugin/internal/DefaultMavenPluginManager setupPluginRealm (Lorg/apache/maven/plugin/descriptor/PluginDescriptor;Lorg/apache/maven/execution/MavenSession;Ljava/lang/ClassLoader;Ljava/util/List;Lorg/eclipse/aether/graph/DependencyFilter;)V 177 <appendix> member <vmtarget> ; # org/apache/maven/plugin/internal/DefaultMavenPluginManager$$Lambda+0x000000002026e888
instanceKlass org/apache/maven/plugin/CacheUtils
instanceKlass org/apache/maven/plugin/DefaultPluginRealmCache$CacheKey
instanceKlass java/util/concurrent/ForkJoinPool$DefaultForkJoinWorkerThreadFactory
instanceKlass java/util/concurrent/ForkJoinPool$1
instanceKlass jdk/internal/access/JavaUtilConcurrentFJPAccess
instanceKlass java/util/concurrent/ForkJoinTask
instanceKlass java/util/concurrent/ForkJoinPool$WorkQueue
instanceKlass java/util/concurrent/CountDownLatch
instanceKlass java/util/concurrent/ForkJoinPool$ForkJoinWorkerThreadFactory
instanceKlass java/util/concurrent/ScheduledExecutorService
instanceKlass java/util/concurrent/ForkJoinPool$ManagedBlocker
# instanceKlass java/lang/invoke/LambdaForm$DMH+0x000000002026d400
# instanceKlass java/lang/invoke/LambdaForm$DMH+0x000000002026d000
instanceKlass sun/security/ssl/PreSharedKeyExtension$SHPreSharedKeySpec
instanceKlass sun/security/ssl/SSLEngineOutputRecord$RecordMemo
instanceKlass sun/security/ssl/SSLEngineOutputRecord$HandshakeFragment
instanceKlass sun/security/ssl/PreSharedKeyExtension$CHPreSharedKeySpec
instanceKlass javax/crypto/spec/HKDFParameterSpec$ExtractThenExpand
instanceKlass sun/security/ssl/PreSharedKeyExtension$PskIdentity
instanceKlass  @bci java/util/concurrent/ConcurrentLinkedQueue clear ()V 1 <appendix> argL0 ; # java/util/concurrent/ConcurrentLinkedQueue$$Lambda+0x0000000020229a98
instanceKlass  @bci sun/security/util/MemoryCache$QueueCacheEntry clear ()V 4 <appendix> argL0 ; # sun/security/util/MemoryCache$QueueCacheEntry$$Lambda+0x0000000020229860
instanceKlass  @bci org/eclipse/aether/util/concurrency/RunnableErrorForwarder wrap (Ljava/lang/Runnable;)Ljava/lang/Runnable; 17 <appendix> member <vmtarget> ; # org/eclipse/aether/util/concurrency/RunnableErrorForwarder$$Lambda+0x000000002026e230
instanceKlass java/util/concurrent/Executors$DefaultThreadFactory
instanceKlass java/util/concurrent/Executors
instanceKlass org/eclipse/aether/util/concurrency/WorkerThreadFactory
instanceKlass org/eclipse/aether/util/graph/visitor/TreeDependencyVisitor
instanceKlass org/eclipse/aether/util/graph/visitor/FilteringDependencyVisitor
instanceKlass org/eclipse/aether/internal/impl/ArtifactRequestBuilder
instanceKlass org/eclipse/aether/util/graph/transformer/NearestVersionSelector$ConflictGroup
instanceKlass org/eclipse/aether/util/graph/transformer/ConflictResolver$ConflictItem
instanceKlass org/eclipse/aether/util/graph/transformer/ConflictResolver$NodeInfo
instanceKlass org/eclipse/aether/util/graph/transformer/ConflictResolver$ScopeContext
instanceKlass org/eclipse/aether/util/graph/transformer/ConflictResolver$ConflictContext
instanceKlass org/eclipse/aether/util/graph/transformer/ConflictResolver$State
instanceKlass org/eclipse/aether/util/graph/transformer/ConflictIdSorter$RootQueue
instanceKlass org/eclipse/aether/util/graph/transformer/ConflictIdSorter$ConflictId
instanceKlass org/eclipse/aether/util/graph/transformer/ConflictMarker$ConflictGroup
instanceKlass org/eclipse/aether/util/graph/transformer/ConflictMarker$Key
instanceKlass org/eclipse/aether/util/graph/transformer/ConflictMarker
instanceKlass org/eclipse/aether/util/graph/transformer/ConflictIdSorter
instanceKlass org/eclipse/aether/util/graph/transformer/TransformationContextKeys
instanceKlass org/eclipse/aether/internal/impl/collect/DefaultDependencyGraphTransformationContext
# instanceKlass java/lang/invoke/LambdaForm$MH+0x000000002026cc00
# instanceKlass java/lang/invoke/LambdaForm$MH+0x000000002026c800
# instanceKlass java/lang/invoke/LambdaForm$MH+0x000000002026c400
# instanceKlass java/lang/invoke/LambdaForm$MH+0x000000002026c000
instanceKlass java/util/concurrent/locks/AbstractQueuedSynchronizer$Node
instanceKlass org/eclipse/aether/util/graph/selector/ExclusionDependencySelector$ExclusionComparator
instanceKlass org/apache/maven/artifact/handler/DefaultArtifactHandler$__sisu12$$FastClassByGuice$$205651864
instanceKlass org/eclipse/aether/collection/DependencyManagement
instanceKlass org/eclipse/aether/internal/impl/collect/DataPool$GraphKey
instanceKlass org/eclipse/aether/internal/impl/collect/DefaultDependencyCycle
instanceKlass org/eclipse/aether/internal/impl/collect/DataPool$Descriptor
instanceKlass  @bci org/eclipse/aether/internal/impl/collect/DataPool$HardInternPool intern (Ljava/lang/Object;Ljava/lang/Object;)Ljava/lang/Object; 6 <appendix> member <vmtarget> ; # org/eclipse/aether/internal/impl/collect/DataPool$HardInternPool$$Lambda+0x0000000020265ca0
instanceKlass org/eclipse/aether/internal/impl/collect/DataPool$DescriptorKey
instanceKlass org/eclipse/aether/internal/impl/collect/DataPool$Constraint$VersionRepo
instanceKlass org/eclipse/aether/internal/impl/collect/DataPool$Constraint
instanceKlass org/eclipse/aether/internal/impl/collect/DataPool$ConstraintKey
instanceKlass org/eclipse/aether/internal/impl/collect/CollectStepDataImpl
instanceKlass org/eclipse/aether/collection/CollectStepData
instanceKlass org/eclipse/aether/graph/Dependency$Exclusions$1
instanceKlass  @bci org/eclipse/aether/util/graph/manager/ClassicDependencyManager deriveChildManager (Lorg/eclipse/aether/collection/DependencyCollectionContext;)Lorg/eclipse/aether/collection/DependencyManager; 420 <appendix> argL0 ; # org/eclipse/aether/util/graph/manager/ClassicDependencyManager$$Lambda+0x0000000020267a88
instanceKlass org/eclipse/aether/util/graph/manager/ClassicDependencyManager$Key
instanceKlass org/eclipse/aether/internal/impl/collect/df/NodeStack
instanceKlass org/eclipse/aether/graph/DependencyCycle
instanceKlass org/eclipse/aether/internal/impl/collect/DataPool$HardInternPool
instanceKlass org/eclipse/aether/internal/impl/collect/DataPool$WeakInternPool
instanceKlass org/eclipse/aether/internal/impl/collect/DataPool$InternPool
instanceKlass org/eclipse/aether/internal/impl/collect/CachingArtifactTypeRegistry
instanceKlass org/apache/maven/artifact/handler/DefaultArtifactHandler$__sisu16$$FastClassByGuice$$204664891
instanceKlass  @bci org/apache/maven/RepositoryUtils toDependency (Lorg/apache/maven/model/Dependency;Lorg/eclipse/aether/artifact/ArtifactTypeRegistry;)Lorg/eclipse/aether/graph/Dependency; 106 <appendix> argL0 ; # org/apache/maven/RepositoryUtils$$Lambda+0x0000000020266d48
instanceKlass  @bci org/apache/maven/RepositoryUtils toDependency (Lorg/apache/maven/artifact/Artifact;Ljava/util/Collection;)Lorg/eclipse/aether/graph/Dependency; 29 <appendix> argL0 ; # org/apache/maven/RepositoryUtils$$Lambda+0x0000000020266b00
instanceKlass org/eclipse/aether/util/artifact/ArtifactIdUtils
instanceKlass org/apache/maven/project/DefaultDependencyResolutionRequest
instanceKlass org/apache/maven/lifecycle/internal/LifecycleDependencyResolver$ReactorDependencyFilter
instanceKlass org/eclipse/aether/util/filter/AndDependencyFilter
instanceKlass org/eclipse/aether/util/filter/ScopeDependencyFilter
instanceKlass  @bci org/apache/maven/project/artifact/DefaultProjectArtifactsCache createKey (Lorg/apache/maven/project/MavenProject;Ljava/util/Collection;Ljava/util/Collection;ZLorg/eclipse/aether/RepositorySystemSession;)Lorg/apache/maven/project/artifact/ProjectArtifactsCache$Key; 26 <appendix> argL0 ; # org/apache/maven/project/artifact/DefaultProjectArtifactsCache$$Lambda+0x00000000202639b0
instanceKlass org/apache/maven/project/artifact/DefaultProjectArtifactsCache$CacheKey
instanceKlass  @bci java/util/function/Predicate and (Ljava/util/function/Predicate;)Ljava/util/function/Predicate; 7 <appendix> member <vmtarget> ; # java/util/function/Predicate$$Lambda+0x0000000020228ac8
instanceKlass  @cpi java/util/function/Predicate 72 form vmentry <vmtarget> ; # java/lang/invoke/LambdaForm$DMH+0x0000000020264800
instanceKlass  @bci org/apache/maven/artifact/resolver/filter/ExclusionArtifactFilter <init> (Ljava/util/List;)V 14 <appendix> argL0 ; # org/apache/maven/artifact/resolver/filter/ExclusionArtifactFilter$$Lambda+0x0000000020263540
instanceKlass  @bci org/apache/maven/artifact/resolver/filter/ExclusionArtifactFilter <init> (Ljava/util/List;)V 5 <appendix> argL0 ; # org/apache/maven/artifact/resolver/filter/ExclusionArtifactFilter$$Lambda+0x00000000202632e8
instanceKlass org/apache/maven/artifact/resolver/filter/ExclusionArtifactFilter
instanceKlass org/apache/maven/lifecycle/internal/MojoExecutor$ProjectLock
instanceKlass org/apache/maven/lifecycle/internal/MojoExecutor$1
instanceKlass org/apache/maven/lifecycle/internal/ExecutionPlanItem
# instanceKlass java/lang/invoke/LambdaForm$DMH+0x0000000020264400
# instanceKlass java/lang/invoke/LambdaForm$DMH+0x0000000020264000
instanceKlass org/apache/maven/model/merge/ModelMerger$NotifierKeyComputer
instanceKlass  @bci org/apache/maven/lifecycle/internal/DefaultMojoExecutionConfigurator getUnknownParameters (Lorg/apache/maven/plugin/MojoExecution;Ljava/util/Set;)Ljava/util/Set; 21 <appendix> member <vmtarget> ; # org/apache/maven/lifecycle/internal/DefaultMojoExecutionConfigurator$$Lambda+0x0000000020262570
instanceKlass  @bci org/apache/maven/lifecycle/internal/DefaultMojoExecutionConfigurator getUnknownParameters (Lorg/apache/maven/plugin/MojoExecution;Ljava/util/Set;)Ljava/util/Set; 10 <appendix> argL0 ; # org/apache/maven/lifecycle/internal/DefaultMojoExecutionConfigurator$$Lambda+0x0000000020262328
instanceKlass  @bci org/apache/maven/lifecycle/internal/DefaultMojoExecutionConfigurator checkUnknownMojoConfigurationParameters (Lorg/apache/maven/plugin/MojoExecution;)V 54 <appendix> member <vmtarget> ; # org/apache/maven/lifecycle/internal/DefaultMojoExecutionConfigurator$$Lambda+0x00000000202620d8
instanceKlass  @bci org/apache/maven/lifecycle/internal/DefaultMojoExecutionConfigurator checkUnknownMojoConfigurationParameters (Lorg/apache/maven/plugin/MojoExecution;)V 37 <appendix> argL0 ; # org/apache/maven/lifecycle/internal/DefaultMojoExecutionConfigurator$$Lambda+0x0000000020261eb0
instanceKlass org/apache/maven/lifecycle/internal/DefaultMojoExecutionConfigurator$$FastClassByGuice$$203881126
instanceKlass org/codehaus/plexus/component/repository/ComponentDependency
instanceKlass org/codehaus/plexus/component/repository/ComponentRequirement
instanceKlass org/apache/maven/model/Notifier
instanceKlass org/apache/maven/plugin/MavenPluginValidator
instanceKlass org/codehaus/plexus/configuration/DefaultPlexusConfiguration
instanceKlass  @bci org/apache/maven/plugin/internal/PlexusContainerDefaultDependenciesValidator doValidate (Lorg/eclipse/aether/RepositorySystemSession;Lorg/eclipse/aether/artifact/Artifact;Lorg/eclipse/aether/resolution/ArtifactDescriptorResult;)V 19 <appendix> argL0 ; # org/apache/maven/plugin/internal/PlexusContainerDefaultDependenciesValidator$$Lambda+0x0000000020260258
instanceKlass  @bci org/apache/maven/plugin/internal/PlexusContainerDefaultDependenciesValidator doValidate (Lorg/eclipse/aether/RepositorySystemSession;Lorg/eclipse/aether/artifact/Artifact;Lorg/eclipse/aether/resolution/ArtifactDescriptorResult;)V 9 <appendix> argL0 ; # org/apache/maven/plugin/internal/PlexusContainerDefaultDependenciesValidator$$Lambda+0x0000000020260000
instanceKlass  @bci org/apache/maven/plugin/internal/MavenScopeDependenciesValidator doValidate (Lorg/eclipse/aether/RepositorySystemSession;Lorg/eclipse/aether/artifact/Artifact;Lorg/eclipse/aether/resolution/ArtifactDescriptorResult;)V 59 <appendix> argL0 ; # org/apache/maven/plugin/internal/MavenScopeDependenciesValidator$$Lambda+0x000000002025dba8
instanceKlass  @bci org/apache/maven/plugin/internal/MavenScopeDependenciesValidator doValidate (Lorg/eclipse/aether/RepositorySystemSession;Lorg/eclipse/aether/artifact/Artifact;Lorg/eclipse/aether/resolution/ArtifactDescriptorResult;)V 49 <appendix> argL0 ; # org/apache/maven/plugin/internal/MavenScopeDependenciesValidator$$Lambda+0x000000002025d950
instanceKlass  @bci org/apache/maven/plugin/internal/MavenScopeDependenciesValidator doValidate (Lorg/eclipse/aether/RepositorySystemSession;Lorg/eclipse/aether/artifact/Artifact;Lorg/eclipse/aether/resolution/ArtifactDescriptorResult;)V 39 <appendix> argL0 ; # org/apache/maven/plugin/internal/MavenScopeDependenciesValidator$$Lambda+0x000000002025d6f8
instanceKlass  @bci org/apache/maven/plugin/internal/MavenScopeDependenciesValidator doValidate (Lorg/eclipse/aether/RepositorySystemSession;Lorg/eclipse/aether/artifact/Artifact;Lorg/eclipse/aether/resolution/ArtifactDescriptorResult;)V 29 <appendix> argL0 ; # org/apache/maven/plugin/internal/MavenScopeDependenciesValidator$$Lambda+0x000000002025d4a0
instanceKlass  @bci org/apache/maven/plugin/internal/MavenScopeDependenciesValidator doValidate (Lorg/eclipse/aether/RepositorySystemSession;Lorg/eclipse/aether/artifact/Artifact;Lorg/eclipse/aether/resolution/ArtifactDescriptorResult;)V 19 <appendix> argL0 ; # org/apache/maven/plugin/internal/MavenScopeDependenciesValidator$$Lambda+0x000000002025d258
instanceKlass  @bci org/apache/maven/plugin/internal/MavenScopeDependenciesValidator doValidate (Lorg/eclipse/aether/RepositorySystemSession;Lorg/eclipse/aether/artifact/Artifact;Lorg/eclipse/aether/resolution/ArtifactDescriptorResult;)V 9 <appendix> argL0 ; # org/apache/maven/plugin/internal/MavenScopeDependenciesValidator$$Lambda+0x000000002025d000
instanceKlass  @bci org/apache/maven/plugin/internal/MavenMixedDependenciesValidator doValidate (Lorg/eclipse/aether/RepositorySystemSession;Lorg/eclipse/aether/artifact/Artifact;Lorg/eclipse/aether/resolution/ArtifactDescriptorResult;)V 39 <appendix> argL0 ; # org/apache/maven/plugin/internal/MavenMixedDependenciesValidator$$Lambda+0x000000002025fdb0
instanceKlass  @bci org/apache/maven/plugin/internal/MavenMixedDependenciesValidator doValidate (Lorg/eclipse/aether/RepositorySystemSession;Lorg/eclipse/aether/artifact/Artifact;Lorg/eclipse/aether/resolution/ArtifactDescriptorResult;)V 29 <appendix> argL0 ; # org/apache/maven/plugin/internal/MavenMixedDependenciesValidator$$Lambda+0x000000002025fb58
instanceKlass  @bci org/apache/maven/plugin/internal/MavenMixedDependenciesValidator doValidate (Lorg/eclipse/aether/RepositorySystemSession;Lorg/eclipse/aether/artifact/Artifact;Lorg/eclipse/aether/resolution/ArtifactDescriptorResult;)V 19 <appendix> argL0 ; # org/apache/maven/plugin/internal/MavenMixedDependenciesValidator$$Lambda+0x000000002025f900
instanceKlass  @bci org/apache/maven/plugin/internal/MavenMixedDependenciesValidator doValidate (Lorg/eclipse/aether/RepositorySystemSession;Lorg/eclipse/aether/artifact/Artifact;Lorg/eclipse/aether/resolution/ArtifactDescriptorResult;)V 9 <appendix> argL0 ; # org/apache/maven/plugin/internal/MavenMixedDependenciesValidator$$Lambda+0x000000002025f6b8
instanceKlass  @bci org/apache/maven/plugin/internal/Maven2DependenciesValidator doValidate (Lorg/eclipse/aether/RepositorySystemSession;Lorg/eclipse/aether/artifact/Artifact;Lorg/eclipse/aether/resolution/ArtifactDescriptorResult;)V 49 <appendix> argL0 ; # org/apache/maven/plugin/internal/Maven2DependenciesValidator$$Lambda+0x000000002025f460
instanceKlass  @bci org/apache/maven/plugin/internal/Maven2DependenciesValidator doValidate (Lorg/eclipse/aether/RepositorySystemSession;Lorg/eclipse/aether/artifact/Artifact;Lorg/eclipse/aether/resolution/ArtifactDescriptorResult;)V 39 <appendix> argL0 ; # org/apache/maven/plugin/internal/Maven2DependenciesValidator$$Lambda+0x000000002025f218
instanceKlass  @bci org/apache/maven/plugin/internal/Maven2DependenciesValidator doValidate (Lorg/eclipse/aether/RepositorySystemSession;Lorg/eclipse/aether/artifact/Artifact;Lorg/eclipse/aether/resolution/ArtifactDescriptorResult;)V 29 <appendix> argL0 ; # org/apache/maven/plugin/internal/Maven2DependenciesValidator$$Lambda+0x000000002025efc0
instanceKlass  @bci org/apache/maven/plugin/internal/Maven2DependenciesValidator doValidate (Lorg/eclipse/aether/RepositorySystemSession;Lorg/eclipse/aether/artifact/Artifact;Lorg/eclipse/aether/resolution/ArtifactDescriptorResult;)V 19 <appendix> argL0 ; # org/apache/maven/plugin/internal/Maven2DependenciesValidator$$Lambda+0x000000002025ed68
instanceKlass  @bci org/apache/maven/plugin/internal/Maven2DependenciesValidator doValidate (Lorg/eclipse/aether/RepositorySystemSession;Lorg/eclipse/aether/artifact/Artifact;Lorg/eclipse/aether/resolution/ArtifactDescriptorResult;)V 9 <appendix> argL0 ; # org/apache/maven/plugin/internal/Maven2DependenciesValidator$$Lambda+0x000000002025eb20
instanceKlass org/apache/maven/model/io/xpp3/MavenXpp3Reader$1
instanceKlass org/apache/maven/model/io/xpp3/MavenXpp3Reader$ContentTransformer
instanceKlass org/apache/maven/model/io/xpp3/MavenXpp3Reader
instanceKlass org/apache/maven/repository/internal/DefaultModelResolver
instanceKlass  @bci org/apache/maven/plugin/internal/DefaultMavenPluginManager getPluginDescriptor (Lorg/apache/maven/model/Plugin;Ljava/util/List;Lorg/eclipse/aether/RepositorySystemSession;)Lorg/apache/maven/plugin/descriptor/PluginDescriptor; 24 <appendix> member <vmtarget> ; # org/apache/maven/plugin/internal/DefaultMavenPluginManager$$Lambda+0x000000002025bca0
instanceKlass  @bci org/apache/maven/plugin/DefaultPluginDescriptorCache createKey (Lorg/apache/maven/model/Plugin;Ljava/util/List;Lorg/eclipse/aether/RepositorySystemSession;)Lorg/apache/maven/plugin/PluginDescriptorCache$Key; 14 <appendix> argL0 ; # org/apache/maven/plugin/DefaultPluginDescriptorCache$$Lambda+0x000000002025ba58
instanceKlass org/apache/maven/plugin/DefaultPluginDescriptorCache$CacheKey
instanceKlass org/apache/maven/lifecycle/internal/GoalTask
instanceKlass org/apache/maven/execution/ProjectExecutionEvent
instanceKlass org/apache/maven/lifecycle/internal/CompoundProjectExecutionListener
instanceKlass org/apache/maven/lifecycle/internal/DefaultLifecycleMappingDelegate$$FastClassByGuice$$202563490
instanceKlass org/apache/maven/lifecycle/internal/DefaultLifecycleExecutionPlanCalculator$$FastClassByGuice$$201906574
instanceKlass org/apache/maven/project/artifact/DefaultProjectArtifactsCache$$FastClassByGuice$$200815042
instanceKlass org/apache/maven/lifecycle/internal/builder/singlethreaded/SingleThreadedBuilder$$FastClassByGuice$$200217899
instanceKlass org/apache/maven/graph/DefaultProjectDependencyGraph$MavenProjectComparator
instanceKlass org/apache/maven/graph/FilteredProjectDependencyGraph$Key
instanceKlass org/apache/maven/lifecycle/internal/LifecycleTask
instanceKlass  @bci org/apache/maven/plugin/internal/DefaultPluginValidationManager validationPluginExcludes (Lorg/eclipse/aether/RepositorySystemSession;)Ljava/util/List; 11 <appendix> member <vmtarget> ; # org/apache/maven/plugin/internal/DefaultPluginValidationManager$$Lambda+0x0000000020259b40
instanceKlass  @bci org/apache/maven/plugin/internal/DefaultPluginValidationManager validationReportLevel (Lorg/eclipse/aether/RepositorySystemSession;)Lorg/apache/maven/plugin/internal/DefaultPluginValidationManager$ValidationReportLevel; 10 <appendix> member <vmtarget> ; # org/apache/maven/plugin/internal/DefaultPluginValidationManager$$Lambda+0x0000000020259910
instanceKlass  @bci org/apache/maven/graph/FilteredProjectDependencyGraph <init> (Lorg/apache/maven/execution/ProjectDependencyGraph;Ljava/util/Collection;)V 103 <appendix> member <vmtarget> ; # org/apache/maven/graph/FilteredProjectDependencyGraph$$Lambda+0x00000000202596b0
instanceKlass org/apache/maven/graph/FilteredProjectDependencyGraph
instanceKlass org/apache/maven/internal/aether/MavenChainedWorkspaceReader
instanceKlass  @bci java/util/stream/Collectors lambda$groupingBy$0 (Ljava/util/function/Function;Ljava/util/function/Supplier;Ljava/util/function/BiConsumer;Ljava/util/Map;Ljava/lang/Object;)V 20 <appendix> member <vmtarget> ; # java/util/stream/Collectors$$Lambda+0x0000000020228878
instanceKlass  @bci java/util/stream/Collectors groupingBy (Ljava/util/function/Function;Ljava/util/function/Supplier;Ljava/util/stream/Collector;)Ljava/util/stream/Collector; 19 <appendix> member <vmtarget> ; # java/util/stream/Collectors$$Lambda+0x0000000020228638
instanceKlass  @bci java/util/stream/Collectors groupingBy (Ljava/util/function/Function;Ljava/util/stream/Collector;)Ljava/util/stream/Collector; 1 <appendix> argL0 ; # java/util/stream/Collectors$$Lambda+0x0000000020228410
instanceKlass  @bci org/apache/maven/ReactorReader <init> (Lorg/apache/maven/execution/MavenSession;)V 14 <appendix> argL0 ; # org/apache/maven/ReactorReader$$Lambda+0x0000000020258da8
instanceKlass  @bci org/apache/maven/ReactorReader <init> (Lorg/apache/maven/execution/MavenSession;)V 5 <appendix> argL0 ; # org/apache/maven/ReactorReader$$Lambda+0x0000000020258b60
instanceKlass  @bci org/apache/maven/session/scope/internal/SessionScope$ScopeState scope (Lcom/google/inject/Key;Lcom/google/inject/Provider;)Lcom/google/inject/Provider; 6 <appendix> member <vmtarget> ; # org/apache/maven/session/scope/internal/SessionScope$ScopeState$$Lambda+0x0000000020258910
instanceKlass  @bci org/apache/maven/execution/MavenSession setProjects (Ljava/util/List;)V 40 <appendix> argL0 ; # org/apache/maven/execution/MavenSession$$Lambda+0x00000000202586b8
instanceKlass  @bci org/apache/maven/execution/MavenSession setProjects (Ljava/util/List;)V 22 <appendix> member <vmtarget> ; # org/apache/maven/execution/MavenSession$$Lambda+0x0000000020258488
instanceKlass org/codehaus/plexus/util/dag/TopologicalSorter
instanceKlass org/codehaus/plexus/util/dag/Vertex
instanceKlass org/codehaus/plexus/util/dag/DAG
instanceKlass org/apache/maven/project/ProjectSorter
instanceKlass org/apache/maven/graph/DefaultProjectDependencyGraph
instanceKlass org/apache/maven/project/DefaultProjectBuildingResult
instanceKlass org/apache/maven/lifecycle/mapping/DefaultLifecycleMapping$$FastClassByGuice$$198854549
instanceKlass  @bci org/apache/maven/model/building/DefaultModelBuilder lambda$getInterpolatedProfiles$1 (Lorg/apache/maven/model/profile/DefaultProfileActivationContext;Lorg/apache/maven/model/building/DefaultModelProblemCollector;Lorg/apache/maven/model/ActivationFile;)V 57 <appendix> member <vmtarget> ; # org/apache/maven/model/building/DefaultModelBuilder$$Lambda+0x0000000020257240
instanceKlass  @bci org/apache/maven/model/building/DefaultModelBuilder lambda$getInterpolatedProfiles$1 (Lorg/apache/maven/model/profile/DefaultProfileActivationContext;Lorg/apache/maven/model/building/DefaultModelProblemCollector;Lorg/apache/maven/model/ActivationFile;)V 34 <appendix> member <vmtarget> ; # org/apache/maven/model/building/DefaultModelBuilder$$Lambda+0x0000000020257000
instanceKlass  @bci org/apache/maven/model/building/DefaultModelBuilder lambda$getInterpolatedProfiles$1 (Lorg/apache/maven/model/profile/DefaultProfileActivationContext;Lorg/apache/maven/model/building/DefaultModelProblemCollector;Lorg/apache/maven/model/ActivationFile;)V 8 <appendix> member <vmtarget> ; # org/apache/maven/model/building/DefaultModelBuilder$$Lambda+0x0000000020253d98
instanceKlass java/util/IdentityHashMap$IdentityHashMapIterator
instanceKlass org/apache/maven/model/Site
instanceKlass java/util/stream/Streams$RangeIntSpliterator
instanceKlass  @bci org/apache/maven/model/building/DefaultModelBuilder lambda$getInterpolatedProfiles$4 (Lorg/apache/maven/model/Activation;Lorg/codehaus/plexus/interpolation/RegexBasedInterpolator;Lorg/apache/maven/model/building/DefaultModelProblemCollector;Ljava/lang/String;)V 32 <appendix> member <vmtarget> ; # org/apache/maven/model/building/DefaultModelBuilder$$Lambda+0x00000000202538b0
instanceKlass  @bci org/apache/maven/model/building/DefaultModelBuilder lambda$getInterpolatedProfiles$4 (Lorg/apache/maven/model/Activation;Lorg/codehaus/plexus/interpolation/RegexBasedInterpolator;Lorg/apache/maven/model/building/DefaultModelProblemCollector;Ljava/lang/String;)V 12 <appendix> member <vmtarget> ; # org/apache/maven/model/building/DefaultModelBuilder$$Lambda+0x0000000020253680
instanceKlass java/nio/file/Path$1
instanceKlass org/apache/maven/lifecycle/Lifecycle$__sisu7$$FastClassByGuice$$197183658
instanceKlass org/apache/maven/lifecycle/Lifecycle$__sisu8$$FastClassByGuice$$196744958
instanceKlass org/apache/maven/lifecycle/mapping/LifecycleMojo
instanceKlass org/apache/maven/lifecycle/mapping/DefaultLifecycleMapping$__sisu1$$FastClassByGuice$$196045456
instanceKlass org/apache/maven/lifecycle/mapping/Lifecycle
instanceKlass org/apache/maven/model/building/DefaultModelBuildingEvent
instanceKlass org/apache/maven/model/building/ModelBuildingEventCatapult$1
instanceKlass org/apache/maven/project/DefaultProjectBuilder$InterimResult
instanceKlass org/apache/maven/artifact/handler/DefaultArtifactHandler$__sisu13$$FastClassByGuice$$194270274
instanceKlass org/apache/maven/artifact/versioning/Restriction
# instanceKlass java/lang/invoke/LambdaForm$MH+0x0000000020256800
# instanceKlass java/lang/invoke/LambdaForm$MH+0x0000000020256400
# instanceKlass java/lang/invoke/LambdaForm$MH+0x0000000020256000
# instanceKlass java/lang/invoke/LambdaForm$BMH+0x0000000020255c00
# instanceKlass java/lang/invoke/LambdaForm$DMH+0x0000000020255800
# instanceKlass java/lang/invoke/LambdaForm$DMH+0x0000000020255400
# instanceKlass java/lang/invoke/LambdaForm$MH+0x0000000020255000
# instanceKlass java/lang/invoke/LambdaForm$MH+0x0000000020254c00
# instanceKlass java/lang/invoke/LambdaForm$MH+0x0000000020254800
# instanceKlass java/lang/invoke/LambdaForm$MH+0x0000000020254400
instanceKlass org/apache/maven/artifact/handler/DefaultArtifactHandler$__sisu9$$FastClassByGuice$$193107094
instanceKlass org/apache/maven/artifact/versioning/ComparableVersion$StringItem
instanceKlass org/apache/maven/artifact/ArtifactUtils
instanceKlass org/apache/maven/artifact/DefaultArtifact
instanceKlass org/apache/maven/artifact/handler/DefaultArtifactHandler$$FastClassByGuice$$192856950
instanceKlass org/apache/maven/artifact/versioning/ComparableVersion$IntItem
instanceKlass org/apache/maven/artifact/versioning/ComparableVersion$Item
instanceKlass org/apache/maven/artifact/versioning/ComparableVersion
instanceKlass org/apache/maven/artifact/versioning/DefaultArtifactVersion
instanceKlass org/apache/maven/repository/internal/ArtifactDescriptorUtils
instanceKlass  @bci org/apache/maven/model/building/DefaultModelBuilder interpolateModel (Lorg/apache/maven/model/Model;Lorg/apache/maven/model/building/ModelBuildingRequest;Lorg/apache/maven/model/building/ModelProblemCollector;)Lorg/apache/maven/model/Model; 219 <appendix> member <vmtarget> ; # org/apache/maven/model/building/DefaultModelBuilder$$Lambda+0x0000000020250750
instanceKlass  @cpi org/apache/maven/model/building/DefaultModelBuilder 1548 form vmentry <vmtarget> ; # java/lang/invoke/LambdaForm$DMH+0x0000000020254000
instanceKlass java/util/function/IntConsumer
instanceKlass java/util/Spliterator$OfInt
instanceKlass java/util/Spliterator$OfPrimitive
instanceKlass java/util/stream/IntStream
instanceKlass org/apache/maven/model/Extension
instanceKlass org/codehaus/plexus/interpolation/util/StringUtils
instanceKlass org/apache/maven/model/DistributionManagement
instanceKlass org/apache/maven/model/Prerequisites
instanceKlass org/apache/maven/model/Organization
instanceKlass org/apache/maven/model/MailingList
instanceKlass org/apache/maven/model/CiManagement
instanceKlass org/codehaus/plexus/interpolation/reflection/MethodMap
instanceKlass org/codehaus/plexus/interpolation/reflection/ClassMap$CacheMiss
instanceKlass org/codehaus/plexus/interpolation/reflection/ClassMap
instanceKlass org/codehaus/plexus/interpolation/reflection/ReflectionValueExtractor$Tokenizer
instanceKlass org/codehaus/plexus/interpolation/reflection/ReflectionValueExtractor
instanceKlass org/codehaus/plexus/interpolation/util/ValueSourceUtils
instanceKlass org/apache/maven/model/interpolation/StringVisitorModelInterpolator$ModelVisitor
instanceKlass org/apache/maven/model/interpolation/StringVisitorModelInterpolator$1
instanceKlass org/codehaus/plexus/interpolation/PrefixAwareRecursionInterceptor
instanceKlass org/apache/maven/model/interpolation/UrlNormalizingPostProcessor
instanceKlass org/apache/maven/model/interpolation/PathTranslatingPostProcessor
instanceKlass java/text/DontCareFieldPosition$1
instanceKlass java/text/Format$FieldDelegate
instanceKlass org/apache/maven/model/interpolation/MavenBuildTimestamp
instanceKlass org/apache/maven/model/interpolation/ProblemDetectingValueSource
instanceKlass org/codehaus/plexus/interpolation/PrefixedValueSourceWrapper
instanceKlass org/codehaus/plexus/interpolation/FeedbackEnabledValueSource
instanceKlass org/codehaus/plexus/interpolation/AbstractDelegatingValueSource
instanceKlass org/codehaus/plexus/interpolation/QueryEnabledValueSource
instanceKlass org/apache/maven/model/merge/ModelMerger$ExtensionKeyComputer
instanceKlass org/apache/maven/model/merge/ModelMerger$ResourceKeyComputer
instanceKlass org/apache/maven/model/merge/ModelMerger$SourceDominant
instanceKlass org/apache/maven/model/merge/ModelMerger$DependencyKeyComputer
instanceKlass  @bci org/apache/maven/model/building/DefaultModelBuilder lambda$getInterpolatedProfiles$3 (Lorg/codehaus/plexus/interpolation/RegexBasedInterpolator;Lorg/apache/maven/model/building/DefaultModelProblemCollector;Lorg/apache/maven/model/ActivationProperty;)V 61 <appendix> member <vmtarget> ; # org/apache/maven/model/building/DefaultModelBuilder$$Lambda+0x000000002024abf0
instanceKlass  @bci org/apache/maven/model/building/DefaultModelBuilder lambda$getInterpolatedProfiles$3 (Lorg/codehaus/plexus/interpolation/RegexBasedInterpolator;Lorg/apache/maven/model/building/DefaultModelProblemCollector;Lorg/apache/maven/model/ActivationProperty;)V 38 <appendix> member <vmtarget> ; # org/apache/maven/model/building/DefaultModelBuilder$$Lambda+0x000000002024a9b0
instanceKlass  @bci org/apache/maven/model/building/DefaultModelBuilder lambda$getInterpolatedProfiles$3 (Lorg/codehaus/plexus/interpolation/RegexBasedInterpolator;Lorg/apache/maven/model/building/DefaultModelProblemCollector;Lorg/apache/maven/model/ActivationProperty;)V 12 <appendix> member <vmtarget> ; # org/apache/maven/model/building/DefaultModelBuilder$$Lambda+0x000000002024a780
instanceKlass org/apache/maven/model/building/DefaultModelBuilder$InterpolateString
instanceKlass org/apache/maven/model/building/DefaultModelBuilder$1Interpolation
instanceKlass org/apache/maven/model/Exclusion
instanceKlass org/apache/maven/model/DependencyManagement
instanceKlass  @bci org/apache/maven/model/building/DefaultModelBuilder getInterpolatedProfiles (Lorg/apache/maven/model/Model;Lorg/apache/maven/model/profile/DefaultProfileActivationContext;Lorg/apache/maven/model/building/DefaultModelProblemCollector;)Ljava/util/List; 205 <appendix> member <vmtarget> ; # org/apache/maven/model/building/DefaultModelBuilder$$Lambda+0x0000000020249e30
instanceKlass  @cpi com/sun/tools/javac/comp/Annotate 1389 form vmentry <vmtarget> ; # java/lang/invoke/LambdaForm$DMH+0x000000002024c000
instanceKlass  @bci org/apache/maven/model/building/DefaultModelBuilder getInterpolatedProfiles (Lorg/apache/maven/model/Model;Lorg/apache/maven/model/profile/DefaultProfileActivationContext;Lorg/apache/maven/model/building/DefaultModelProblemCollector;)Ljava/util/List; 191 <appendix> argL0 ; # org/apache/maven/model/building/DefaultModelBuilder$$Lambda+0x0000000020249be8
instanceKlass  @bci org/apache/maven/model/building/DefaultModelBuilder getInterpolatedProfiles (Lorg/apache/maven/model/Model;Lorg/apache/maven/model/profile/DefaultProfileActivationContext;Lorg/apache/maven/model/building/DefaultModelProblemCollector;)Ljava/util/List; 181 <appendix> member <vmtarget> ; # org/apache/maven/model/building/DefaultModelBuilder$$Lambda+0x00000000202499a8
instanceKlass  @bci org/apache/maven/model/building/DefaultModelBuilder getInterpolatedProfiles (Lorg/apache/maven/model/Model;Lorg/apache/maven/model/profile/DefaultProfileActivationContext;Lorg/apache/maven/model/building/DefaultModelProblemCollector;)Ljava/util/List; 169 <appendix> argL0 ; # org/apache/maven/model/building/DefaultModelBuilder$$Lambda+0x0000000020249760
instanceKlass  @bci org/apache/maven/model/building/DefaultModelBuilder getInterpolatedProfiles (Lorg/apache/maven/model/Model;Lorg/apache/maven/model/profile/DefaultProfileActivationContext;Lorg/apache/maven/model/building/DefaultModelProblemCollector;)Ljava/util/List; 159 <appendix> member <vmtarget> ; # org/apache/maven/model/building/DefaultModelBuilder$$Lambda+0x0000000020249520
instanceKlass  @bci org/apache/maven/model/building/DefaultModelBuilder getInterpolatedProfiles (Lorg/apache/maven/model/Model;Lorg/apache/maven/model/profile/DefaultProfileActivationContext;Lorg/apache/maven/model/building/DefaultModelProblemCollector;)Ljava/util/List; 147 <appendix> argL0 ; # org/apache/maven/model/building/DefaultModelBuilder$$Lambda+0x00000000202492d8
instanceKlass  @bci org/apache/maven/model/building/DefaultModelBuilder getInterpolatedProfiles (Lorg/apache/maven/model/Model;Lorg/apache/maven/model/profile/DefaultProfileActivationContext;Lorg/apache/maven/model/building/DefaultModelProblemCollector;)Ljava/util/List; 137 <appendix> member <vmtarget> ; # org/apache/maven/model/building/DefaultModelBuilder$$Lambda+0x0000000020249098
instanceKlass  @cpi com/sun/tools/javac/comp/Annotate 1392 form vmentry <vmtarget> ; # java/lang/invoke/LambdaForm$DMH+0x0000000020242c00
instanceKlass  @bci org/apache/maven/model/building/DefaultModelBuilder getInterpolatedProfiles (Lorg/apache/maven/model/Model;Lorg/apache/maven/model/profile/DefaultProfileActivationContext;Lorg/apache/maven/model/building/DefaultModelProblemCollector;)Ljava/util/List; 126 <appendix> argL0 ; # org/apache/maven/model/building/DefaultModelBuilder$$Lambda+0x0000000020248e50
instanceKlass org/apache/maven/model/IssueManagement
instanceKlass org/apache/maven/model/building/FilterModelBuildingRequest
instanceKlass  @bci org/eclipse/aether/internal/impl/DefaultUpdateCheckManager setUpdated (Lorg/eclipse/aether/RepositorySystemSession;Ljava/lang/Object;)V 21 <appendix> argL0 ; # org/eclipse/aether/internal/impl/DefaultUpdateCheckManager$$Lambda+0x0000000020243af8
instanceKlass java/io/RandomAccessFile$1
instanceKlass  @bci java/util/Map$Entry comparingByKey ()Ljava/util/Comparator; 0 <appendix> argL0 ; # java/util/Map$Entry$$Lambda+0x0000000020227358
instanceKlass java/text/StringBufFactory$StringBuilderImpl
instanceKlass java/text/Format$StringBuf
instanceKlass java/text/StringBufFactory
instanceKlass  @bci com/sun/tools/javac/util/Options getBoolean (Ljava/lang/String;Z)Z 4 <adapter> ; # java/lang/invoke/LambdaForm$MH+0x0000000020242800
instanceKlass  @bci com/sun/tools/javac/util/Options getBoolean (Ljava/lang/String;Z)Z 4 <appendix> form vmentry <vmtarget> ; # java/lang/invoke/LambdaForm$DMH+0x0000000020242400
instanceKlass  @bci sun/util/cldr/CLDRTimeZoneNameProviderImpl deriveFallbackName ([Ljava/lang/String;ILjava/util/Locale;Z)V 176 <appendix> member <vmtarget> ; # sun/util/cldr/CLDRTimeZoneNameProviderImpl$$Lambda+0x0000000020226ee0
instanceKlass sun/util/cldr/CLDRBaseLocaleDataMetaInfo$CLDRMapHolder
instanceKlass java/time/zone/Ser
instanceKlass java/io/Externalizable
instanceKlass java/time/zone/ZoneRulesProvider
instanceKlass sun/util/resources/provider/NonBaseLocaleDataMetaInfo
instanceKlass sun/util/locale/provider/BaseLocaleDataMetaInfo
instanceKlass sun/util/locale/provider/TimeZoneNameUtility$TimeZoneNameGetter
instanceKlass sun/util/locale/provider/TimeZoneNameUtility
instanceKlass sun/nio/cs/Surrogate
instanceKlass sun/nio/cs/Surrogate$Parser
instanceKlass sun/nio/ch/FileKey
instanceKlass sun/nio/ch/FileLockTable
instanceKlass org/eclipse/aether/repository/LocalArtifactRegistration
instanceKlass  @bci org/eclipse/aether/internal/impl/DefaultFileProcessor write (Ljava/io/File;Ljava/lang/String;)V 5 <appendix> member <vmtarget> ; # org/eclipse/aether/internal/impl/DefaultFileProcessor$$Lambda+0x00000000202436b0
instanceKlass org/eclipse/aether/util/FileUtils$FileWriter
instanceKlass  @bci org/eclipse/aether/connector/basic/ChecksumValidator validateChecksums (Ljava/util/Map;Lorg/eclipse/aether/spi/connector/checksum/ChecksumPolicy$ChecksumKind;Ljava/util/Map;)Z 79 <appendix> member <vmtarget> ; # org/eclipse/aether/connector/basic/ChecksumValidator$$Lambda+0x0000000020243450
instanceKlass org/eclipse/aether/util/ChecksumUtils
instanceKlass org/apache/http/util/EntityUtils
instanceKlass  @bci org/eclipse/aether/transport/http/HttpTransporter$EntityGetter extractChecksums (Lorg/apache/http/client/methods/CloseableHttpResponse;)V 68 <appendix> member <vmtarget> ; # org/eclipse/aether/transport/http/HttpTransporter$EntityGetter$$Lambda+0x0000000020247898
instanceKlass java/text/CalendarBuilder
instanceKlass org/apache/http/client/utils/DateUtils$DateFormatHolder
instanceKlass org/apache/http/client/utils/DateUtils
instanceKlass sun/security/provider/ByteArrayAccess$LE
instanceKlass sun/nio/fs/WindowsChannelFactory$2
instanceKlass org/eclipse/aether/transport/http/AuthSchemePool
instanceKlass org/apache/http/entity/HttpEntityWrapper
instanceKlass org/apache/http/conn/EofSensorWatcher
instanceKlass org/apache/http/impl/execchain/HttpResponseProxy
instanceKlass org/apache/http/message/BasicHeaderElementIterator
instanceKlass org/apache/http/message/BasicHeaderIterator
instanceKlass org/apache/http/message/BasicTokenIterator
instanceKlass org/apache/http/message/BasicHeaderElement
instanceKlass org/apache/http/message/BasicNameValuePair
instanceKlass org/apache/http/message/BasicHeaderValueParser
instanceKlass org/apache/http/message/HeaderValueParser
instanceKlass org/apache/http/entity/AbstractHttpEntity
instanceKlass org/apache/http/message/BufferedHeader
instanceKlass org/apache/http/message/BasicStatusLine
instanceKlass org/apache/http/protocol/HTTP
instanceKlass  @bci sun/security/util/MemoryCache put (Ljava/lang/Object;Ljava/lang/Object;Z)V 126 <appendix> member <vmtarget> ; # sun/security/util/MemoryCache$$TypeSwitch+0x0000000020222e20
instanceKlass sun/security/util/MemoryCache$QueueCacheEntry
instanceKlass org/apache/http/FormattedHeader
instanceKlass org/apache/http/message/BasicListHeaderIterator
instanceKlass org/apache/http/impl/auth/HttpAuthenticator$1
instanceKlass org/apache/http/conn/util/DnsUtils
instanceKlass org/apache/http/conn/ssl/DefaultHostnameVerifier$1
instanceKlass org/apache/http/conn/ssl/SubjectName
instanceKlass com/sun/crypto/provider/GaloisCounterMode$EncryptOp
instanceKlass sun/security/ssl/SSLBasicKeyDerivation
instanceKlass sun/security/ssl/Finished$1
instanceKlass sun/security/ssl/Finished$T13VerifyDataGenerator
instanceKlass sun/security/ssl/Finished$T12VerifyDataGenerator
instanceKlass sun/security/ssl/Finished$T10VerifyDataGenerator
instanceKlass sun/security/ssl/Finished$S30VerifyDataGenerator
instanceKlass sun/security/ssl/Finished$VerifyDataGenerator
instanceKlass sun/security/util/math/IntegerModuloP$MultiplicativeInverser$Secp256R1Field
instanceKlass sun/security/ssl/X509Authentication$X509Credentials
instanceKlass sun/security/ssl/SSLConfiguration$1
instanceKlass javax/net/ssl/SSLParameters
instanceKlass sun/security/validator/CamerfirmaTLSPolicy
instanceKlass sun/security/validator/EntrustTLSPolicy
instanceKlass sun/security/validator/SymantecTLSPolicy
instanceKlass java/util/RegularEnumSet$EnumSetIterator
instanceKlass java/security/cert/PKIXCertPathValidatorResult
instanceKlass java/security/cert/CertPathValidatorResult
instanceKlass  @bci sun/security/ec/ECDSASignature engineVerify ([B)Z 37 <appendix> member <vmtarget> ; # sun/security/ec/ECDSASignature$$Lambda+0x000000002021d8f0
instanceKlass  @bci sun/security/ec/ECDSAOperations forParameters (Ljava/security/spec/ECParameterSpec;)Ljava/util/Optional; 7 <appendix> member <vmtarget> ; # sun/security/ec/ECDSAOperations$$Lambda+0x000000002021d438
instanceKlass sun/security/ec/ECDSAOperations
instanceKlass sun/security/rsa/RSAPadding
instanceKlass sun/security/rsa/RSACore
instanceKlass java/security/interfaces/RSAPrivateCrtKey
instanceKlass java/security/interfaces/RSAPrivateKey
instanceKlass sun/security/util/SignatureUtil
instanceKlass java/security/interfaces/DSAPublicKey
instanceKlass java/security/interfaces/DSAKey
instanceKlass sun/security/util/Length
instanceKlass sun/security/provider/certpath/CertPathConstraintsParameters
instanceKlass sun/security/util/ConstraintsParameters
instanceKlass sun/security/provider/certpath/PKIXMasterCertPathValidator
instanceKlass sun/security/provider/certpath/PolicyNodeImpl
instanceKlass java/security/cert/PolicyNode
instanceKlass sun/security/util/DisabledAlgorithmConstraints$CertPathHolder
instanceKlass  @bci sun/security/x509/X509CertImpl getFingerprint (Ljava/lang/String;Lsun/security/util/Debug;)Ljava/lang/String; 7 <appendix> member <vmtarget> ; # sun/security/x509/X509CertImpl$$Lambda+0x000000002021ac98
instanceKlass sun/security/util/UntrustedCertificates
instanceKlass java/security/cert/X509CertSelector
instanceKlass java/security/cert/CertSelector
instanceKlass sun/security/provider/certpath/PKIX$ValidatorParams
instanceKlass sun/security/provider/certpath/PKIX
instanceKlass java/security/cert/CertPath
instanceKlass java/security/cert/CertPathValidatorSpi
instanceKlass java/security/cert/CertPathValidator
instanceKlass java/security/cert/PKIXCertPathChecker
instanceKlass java/security/cert/CertPathChecker
instanceKlass java/security/Timestamp
instanceKlass sun/security/ssl/SSLAlgorithmConstraints$SupportedSignatureAlgorithmConstraints
instanceKlass jdk/internal/util/HexDigits
instanceKlass jdk/internal/icu/impl/NormalizerImpl$IsAcceptable
instanceKlass jdk/internal/icu/impl/NormalizerImpl
instanceKlass jdk/internal/icu/impl/Norm2AllModes$Norm2AllModesSingleton
instanceKlass jdk/internal/icu/impl/Norm2AllModes$NFKCSingleton
instanceKlass jdk/internal/icu/impl/Norm2AllModes
instanceKlass jdk/internal/icu/text/Normalizer2
instanceKlass jdk/internal/icu/text/NormalizerBase$ModeImpl
instanceKlass jdk/internal/icu/text/NormalizerBase$NFKDModeImpl
instanceKlass jdk/internal/icu/text/NormalizerBase$1
instanceKlass jdk/internal/icu/text/NormalizerBase$Mode
instanceKlass jdk/internal/icu/text/NormalizerBase
instanceKlass java/text/Normalizer
instanceKlass  @bci sun/security/pkcs/PKCS9Attribute <clinit> ()V 531 <appendix> argL0 ; # sun/security/pkcs/PKCS9Attribute$$Lambda+0x0000000020216218
instanceKlass  @bci sun/security/pkcs/PKCS9Attribute <clinit> ()V 526 <appendix> argL0 ; # sun/security/pkcs/PKCS9Attribute$$Lambda+0x0000000020215ff0
instanceKlass  @bci sun/security/pkcs/PKCS9Attribute <clinit> ()V 504 <appendix> argL0 ; # sun/security/pkcs/PKCS9Attribute$$Lambda+0x0000000020215dc8
instanceKlass  @bci sun/security/pkcs/PKCS9Attribute <clinit> ()V 499 <appendix> argL0 ; # sun/security/pkcs/PKCS9Attribute$$Lambda+0x0000000020215ba0
instanceKlass  @bci sun/security/pkcs/PKCS9Attribute <clinit> ()V 477 <appendix> argL0 ; # sun/security/pkcs/PKCS9Attribute$$Lambda+0x0000000020215978
instanceKlass  @bci sun/security/pkcs/PKCS9Attribute <clinit> ()V 472 <appendix> argL0 ; # sun/security/pkcs/PKCS9Attribute$$Lambda+0x0000000020215750
instanceKlass sun/security/pkcs/SigningCertificateInfo
instanceKlass  @bci sun/security/pkcs/PKCS9Attribute <clinit> ()V 449 <appendix> argL0 ; # sun/security/pkcs/PKCS9Attribute$$Lambda+0x0000000020215308
instanceKlass  @bci sun/security/pkcs/PKCS9Attribute <clinit> ()V 444 <appendix> argL0 ; # sun/security/pkcs/PKCS9Attribute$$Lambda+0x00000000202150e0
instanceKlass  @bci sun/security/pkcs/PKCS9Attribute <clinit> ()V 401 <appendix> argL0 ; # sun/security/pkcs/PKCS9Attribute$$Lambda+0x0000000020214eb8
instanceKlass  @bci sun/security/pkcs/PKCS9Attribute <clinit> ()V 396 <appendix> argL0 ; # sun/security/pkcs/PKCS9Attribute$$Lambda+0x0000000020214c90
instanceKlass  @bci sun/security/pkcs/PKCS9Attribute <clinit> ()V 353 <appendix> argL0 ; # sun/security/pkcs/PKCS9Attribute$$Lambda+0x0000000020214a68
instanceKlass  @bci sun/security/pkcs/PKCS9Attribute <clinit> ()V 348 <appendix> argL0 ; # sun/security/pkcs/PKCS9Attribute$$Lambda+0x0000000020214840
instanceKlass  @bci sun/security/pkcs/PKCS9Attribute <clinit> ()V 325 <appendix> argL0 ; # sun/security/pkcs/PKCS9Attribute$$Lambda+0x0000000020214618
instanceKlass  @bci sun/security/pkcs/PKCS9Attribute <clinit> ()V 320 <appendix> argL0 ; # sun/security/pkcs/PKCS9Attribute$$Lambda+0x00000000202143f0
instanceKlass sun/security/pkcs/SignerInfo
instanceKlass  @bci sun/security/pkcs/PKCS9Attribute <clinit> ()V 292 <appendix> argL0 ; # sun/security/pkcs/PKCS9Attribute$$Lambda+0x0000000020213f20
instanceKlass  @bci sun/security/pkcs/PKCS9Attribute <clinit> ()V 287 <appendix> argL0 ; # sun/security/pkcs/PKCS9Attribute$$Lambda+0x0000000020213cf8
instanceKlass  @bci sun/security/pkcs/PKCS9Attribute <clinit> ()V 265 <appendix> argL0 ; # sun/security/pkcs/PKCS9Attribute$$Lambda+0x0000000020213ad0
instanceKlass  @bci sun/security/pkcs/PKCS9Attribute <clinit> ()V 260 <appendix> argL0 ; # sun/security/pkcs/PKCS9Attribute$$Lambda+0x00000000202138a8
instanceKlass  @bci sun/security/pkcs/PKCS9Attribute <clinit> ()V 238 <appendix> argL0 ; # sun/security/pkcs/PKCS9Attribute$$Lambda+0x0000000020213680
instanceKlass  @bci sun/security/pkcs/PKCS9Attribute <clinit> ()V 233 <appendix> argL0 ; # sun/security/pkcs/PKCS9Attribute$$Lambda+0x0000000020213458
instanceKlass  @bci sun/security/pkcs/PKCS9Attribute <clinit> ()V 185 <appendix> argL0 ; # sun/security/pkcs/PKCS9Attribute$$Lambda+0x0000000020213230
instanceKlass  @bci sun/security/pkcs/PKCS9Attribute <clinit> ()V 180 <appendix> argL0 ; # sun/security/pkcs/PKCS9Attribute$$Lambda+0x0000000020213008
instanceKlass  @bci sun/security/pkcs/PKCS9Attribute <clinit> ()V 157 <appendix> argL0 ; # sun/security/pkcs/PKCS9Attribute$$Lambda+0x0000000020212bc8
instanceKlass sun/security/pkcs/PKCS9Attribute$Encoder
instanceKlass  @bci sun/security/pkcs/PKCS9Attribute <clinit> ()V 152 <appendix> argL0 ; # sun/security/pkcs/PKCS9Attribute$$Lambda+0x00000000202129a0
instanceKlass sun/security/pkcs/PKCS9Attribute$Decoder
instanceKlass sun/security/pkcs/PKCS9Attribute
instanceKlass sun/security/x509/AVAKeyword
instanceKlass javax/security/auth/x500/X500Principal$1
instanceKlass jdk/internal/access/JavaxSecurityAccess
instanceKlass javax/security/auth/x500/X500Principal
instanceKlass java/security/cert/PKIXParameters
instanceKlass java/security/cert/CertPathParameters
instanceKlass sun/security/provider/certpath/CertPathHelper
instanceKlass java/security/cert/TrustAnchor
instanceKlass sun/security/validator/EndEntityChecker
instanceKlass sun/security/validator/Validator
instanceKlass javax/net/ssl/SSLEngine
instanceKlass sun/security/ssl/CertificateMessage$CertificateEntry
instanceKlass sun/security/ssl/ServerNameExtension$SHServerNamesSpec
instanceKlass com/sun/crypto/provider/GaloisCounterMode$DecryptOp
instanceKlass com/sun/crypto/provider/GaloisCounterMode$GCMOperation
instanceKlass com/sun/crypto/provider/GHASH
instanceKlass com/sun/crypto/provider/GCM
instanceKlass com/sun/crypto/provider/GaloisCounterMode$GCMEngine
instanceKlass javax/crypto/spec/GCMParameterSpec
instanceKlass sun/security/ssl/ChangeCipherSpec$T13ChangeCipherSpecConsumer
instanceKlass sun/security/ssl/ChangeCipherSpec$T10ChangeCipherSpecProducer
instanceKlass sun/security/ssl/ChangeCipherSpec$T10ChangeCipherSpecConsumer
instanceKlass sun/security/ssl/ChangeCipherSpec
instanceKlass javax/crypto/spec/IvParameterSpec
instanceKlass sun/security/ssl/SSLTrafficKeyDerivation$T13TrafficKeyDerivation
instanceKlass sun/security/ssl/SSLTrafficKeyDerivation$1
instanceKlass sun/security/ssl/SSLTrafficKeyDerivation$T13TrafficKeyDerivationGenerator
instanceKlass sun/security/ssl/SSLTrafficKeyDerivation$T12TrafficKeyDerivationGenerator
instanceKlass sun/security/ssl/SSLTrafficKeyDerivation$T10TrafficKeyDerivationGenerator
instanceKlass sun/security/ssl/SSLTrafficKeyDerivation$S30TrafficKeyDerivationGenerator
instanceKlass sun/security/ssl/SSLKeyDerivationGenerator
instanceKlass javax/crypto/spec/HKDFParameterSpec$Expand
instanceKlass sun/security/ssl/SSLSecretDerivation
instanceKlass javax/crypto/MacSpi
instanceKlass javax/crypto/Mac
instanceKlass javax/crypto/spec/HKDFParameterSpec$Extract
instanceKlass javax/crypto/spec/HKDFParameterSpec$Builder
instanceKlass javax/crypto/spec/HKDFParameterSpec
instanceKlass javax/crypto/KDFSpi
instanceKlass javax/crypto/KDF
instanceKlass  @bci javax/crypto/spec/SecretKeySpec <clinit> ()V 0 <appendix> argL0 ; # javax/crypto/spec/SecretKeySpec$$Lambda+0x0000000020209b48
instanceKlass jdk/internal/access/JavaxCryptoSpecAccess
instanceKlass javax/crypto/spec/SecretKeySpec
instanceKlass javax/crypto/SecretKey
instanceKlass  @bci sun/security/ec/XDHKeyAgreement engineDoPhase (Ljava/security/Key;Z)Ljava/security/Key; 70 <appendix> argL0 ; # sun/security/ec/XDHKeyAgreement$$Lambda+0x0000000020209648
instanceKlass  @bci sun/security/ec/XDHKeyAgreement initImpl (Ljava/security/Key;)V 66 <appendix> argL0 ; # sun/security/ec/XDHKeyAgreement$$Lambda+0x0000000020209420
instanceKlass  @bci sun/security/ec/XDHKeyAgreement initImpl (Ljava/security/Key;)V 38 <appendix> argL0 ; # sun/security/ec/XDHKeyAgreement$$Lambda+0x00000000202091d8
instanceKlass  @bci sun/security/ec/XDHKeyAgreement initImpl (Ljava/security/Key;)V 22 <appendix> argL0 ; # sun/security/ec/XDHKeyAgreement$$Lambda+0x0000000020208f90
instanceKlass javax/crypto/KeyAgreementSpi
instanceKlass sun/security/ssl/KAKeyDerivation
instanceKlass sun/security/ssl/XDHKeyExchange$XDHEKAGenerator
instanceKlass sun/security/ssl/XDHKeyExchange
instanceKlass  @bci sun/security/util/DisabledAlgorithmConstraints getNamedParametersFromKey (Ljava/security/Key;)Ljava/util/List; 11 <appendix> member <vmtarget> ; # sun/security/util/DisabledAlgorithmConstraints$$TypeSwitch+0x0000000020207fe8
# instanceKlass java/lang/invoke/LambdaForm$MH+0x0000000020242000
# instanceKlass java/lang/invoke/LambdaForm$MH+0x0000000020241c00
# instanceKlass java/lang/invoke/LambdaForm$MH+0x0000000020241800
# instanceKlass java/lang/invoke/LambdaForm$DMH+0x0000000020241400
# instanceKlass java/lang/invoke/LambdaForm$DMH+0x0000000020241000
instanceKlass java/lang/invoke/MethodHandleImpl$ArrayAccessor
# instanceKlass java/lang/invoke/LambdaForm$MH+0x0000000020240c00
instanceKlass  @bci javax/lang/model/SourceVersion getLatestSupported ()Ljavax/lang/model/SourceVersion; 19 <appendix> form vmentry <vmtarget> ; # java/lang/invoke/LambdaForm$MH+0x0000000020240800
# instanceKlass java/lang/invoke/LambdaForm$DMH+0x0000000020240400
instanceKlass  @bci java/lang/invoke/BootstrapMethodInvoker invoke (Ljava/lang/Class;Ljava/lang/invoke/MethodHandle;Ljava/lang/String;Ljava/lang/Object;Ljava/lang/Object;Ljava/lang/Class;)Ljava/lang/Object; 211 <adapter> ; # java/lang/invoke/LambdaForm$MH+0x0000000020240000
instanceKlass  @bci sun/security/ec/XDHKeyFactory generatePublicImpl (Ljava/security/spec/KeySpec;)Ljava/security/PublicKey; 101 <appendix> argL0 ; # sun/security/ec/XDHKeyFactory$$Lambda+0x0000000020207128
instanceKlass  @bci sun/security/ec/XDHKeyFactory generatePublicImpl (Ljava/security/spec/KeySpec;)Ljava/security/PublicKey; 85 <appendix> argL0 ; # sun/security/ec/XDHKeyFactory$$Lambda+0x0000000020206ee0
instanceKlass  @bci sun/security/ec/XDHKeyFactory generatePublicImpl (Ljava/security/spec/KeySpec;)Ljava/security/PublicKey; 6 <appendix> member <vmtarget> ; # sun/security/ec/XDHKeyFactory$$TypeSwitch+0x0000000020206a68
instanceKlass java/security/spec/XECPublicKeySpec
instanceKlass sun/security/ssl/XDHKeyExchange$XDHECredentials
instanceKlass sun/security/ssl/NamedGroupCredentials
instanceKlass sun/security/ssl/KeyShareExtension$SHKeyShareSpec
instanceKlass sun/security/ssl/HandshakeHash$CloneableHash
instanceKlass sun/security/ssl/HandshakeHash$T13HandshakeHash
instanceKlass sun/security/ssl/SupportedVersionsExtension$SHSupportedVersionsSpec
instanceKlass sun/security/ssl/TransportContext$1
instanceKlass sun/security/ssl/Plaintext
instanceKlass sun/security/ssl/OutputRecord$T13PaddingHolder
instanceKlass sun/security/ssl/KeyShareExtension$CHKeyShareSpec
instanceKlass sun/security/util/math/IntegerModuloP$MultiplicativeInverser$Secp256R1
instanceKlass sun/security/ec/point/MutablePoint
instanceKlass sun/security/ec/ECOperations$DefaultMultiplier
instanceKlass sun/security/ec/ECOperations$Secp256R1GeneratorMontgomeryMultiplier
instanceKlass sun/security/ec/ECOperations$PointMultiplier
instanceKlass  @bci sun/security/ec/ECPrivateKeyImpl calculatePublicKey ()Ljava/security/PublicKey; 9 <appendix> argL0 ; # sun/security/ec/ECPrivateKeyImpl$$Lambda+0x0000000020202588
instanceKlass sun/security/util/ArrayUtil
instanceKlass java/security/interfaces/ECPrivateKey
instanceKlass sun/security/ec/ECOperations
instanceKlass sun/security/ssl/ECDHKeyExchange$ECDHEPossession
instanceKlass sun/security/ssl/KeyShareExtension$KeyShareEntry
instanceKlass sun/security/ssl/XDHKeyExchange$1
instanceKlass sun/security/pkcs/PKCS8Key
instanceKlass sun/security/util/InternalPrivateKey
instanceKlass java/security/interfaces/XECPrivateKey
instanceKlass java/security/PrivateKey
instanceKlass javax/security/auth/Destroyable
instanceKlass java/security/interfaces/XECPublicKey
instanceKlass java/security/interfaces/XECKey
instanceKlass java/security/KeyPair
instanceKlass java/math/MutableBigInteger
instanceKlass sun/security/util/math/IntegerModuloP$MultiplicativeInverser$Default
instanceKlass sun/security/util/math/IntegerModuloP$MultiplicativeInverser
instanceKlass sun/security/util/math/MutableIntegerModuloP
instanceKlass sun/security/jca/JCAUtil$CachedSecureRandomHolder
instanceKlass sun/security/ec/XECOperations
instanceKlass sun/security/ec/XECParameters
instanceKlass  @bci sun/security/ec/XDHKeyPairGenerator initialize (Ljava/security/spec/AlgorithmParameterSpec;Ljava/security/SecureRandom;)V 0 <appendix> argL0 ; # sun/security/ec/XDHKeyPairGenerator$$Lambda+0x00000000201e5ba0
instanceKlass sun/security/ssl/XDHKeyExchange$XDHEPossession
instanceKlass sun/security/ssl/ECDHKeyExchange$ECDHEXDHKAGenerator
instanceKlass sun/security/ssl/ECDHKeyExchange$ECDHEKAGenerator
instanceKlass sun/security/ssl/ECDHKeyExchange$ECDHKAGenerator
instanceKlass sun/security/ssl/ECDHKeyExchange$ECDHEPossessionGenerator
instanceKlass sun/security/ssl/ECDHKeyExchange
instanceKlass sun/security/ssl/DHKeyExchange$DHEKAGenerator
instanceKlass sun/security/ssl/DHKeyExchange$DHEPossessionGenerator
instanceKlass sun/security/ssl/DHKeyExchange
instanceKlass sun/security/ssl/RSAKeyExchange$RSAKAGenerator
instanceKlass sun/security/ssl/RSAKeyExchange$EphemeralRSAPossessionGenerator
instanceKlass sun/security/ssl/RSAKeyExchange
instanceKlass sun/security/ssl/SSLKeyExchange$T13KeyAgreement
instanceKlass sun/security/ssl/SSLKeyAgreement
instanceKlass sun/security/ssl/SSLPossessionGenerator
instanceKlass sun/security/ssl/SSLKeyExchange
instanceKlass sun/security/ssl/SSLHandshakeBinding
instanceKlass sun/security/ssl/SSLKeyAgreementGenerator
instanceKlass sun/security/ssl/PskKeyExchangeModesExtension$PskKeyExchangeModesSpec
instanceKlass sun/security/ssl/SupportedVersionsExtension$CHSupportedVersionsSpec
instanceKlass sun/security/ssl/SignatureAlgorithmsExtension$SignatureSchemesSpec
instanceKlass  @bci sun/security/util/DisabledAlgorithmConstraints permits (Ljava/lang/String;Ljava/util/Set;)Z 20 <appendix> member <vmtarget> ; # sun/security/util/DisabledAlgorithmConstraints$$Lambda+0x00000000201edd98
instanceKlass sun/security/ssl/ExtendedMasterSecretExtension$ExtendedMasterSecretSpec
instanceKlass sun/security/ssl/CertStatusExtension$CertStatusRequestV2Spec
instanceKlass sun/security/ssl/ECPointFormatsExtension$ECPointFormatsSpec
instanceKlass sun/security/ssl/SupportedGroupsExtension$SupportedGroupsSpec
instanceKlass sun/security/ssl/CertStatusExtension$CertStatusRequest
instanceKlass sun/security/ssl/CertStatusExtension$CertStatusRequestSpec
instanceKlass sun/security/ssl/ServerNameExtension$CHServerNamesSpec
instanceKlass sun/security/ssl/SSLExtension$SSLExtensionSpec
instanceKlass sun/security/ssl/SSLExtension$ClientExtensions
instanceKlass sun/security/ssl/PreSharedKeyExtension$SHPreSharedKeyStringizer
instanceKlass sun/security/ssl/PreSharedKeyExtension$SHPreSharedKeyAbsence
instanceKlass sun/security/ssl/PreSharedKeyExtension$SHPreSharedKeyConsumer
instanceKlass sun/security/ssl/PreSharedKeyExtension$SHPreSharedKeyProducer
instanceKlass sun/security/ssl/PreSharedKeyExtension$CHPreSharedKeyStringizer
instanceKlass sun/security/ssl/PreSharedKeyExtension$CHPreSharedKeyOnTradeAbsence
instanceKlass sun/security/ssl/PreSharedKeyExtension$CHPreSharedKeyUpdate
instanceKlass sun/security/ssl/PreSharedKeyExtension$CHPreSharedKeyOnLoadAbsence
instanceKlass sun/security/ssl/PreSharedKeyExtension$CHPreSharedKeyConsumer
instanceKlass sun/security/ssl/PreSharedKeyExtension$CHPreSharedKeyProducer
instanceKlass sun/security/ssl/PreSharedKeyExtension
instanceKlass sun/security/ssl/RenegoInfoExtension$RenegotiationInfoStringizer
instanceKlass sun/security/ssl/RenegoInfoExtension$SHRenegotiationInfoAbsence
instanceKlass sun/security/ssl/RenegoInfoExtension$SHRenegotiationInfoConsumer
instanceKlass sun/security/ssl/RenegoInfoExtension$SHRenegotiationInfoProducer
instanceKlass sun/security/ssl/RenegoInfoExtension$CHRenegotiationInfoAbsence
instanceKlass sun/security/ssl/RenegoInfoExtension$CHRenegotiationInfoConsumer
instanceKlass sun/security/ssl/RenegoInfoExtension$CHRenegotiationInfoProducer
instanceKlass sun/security/ssl/RenegoInfoExtension
instanceKlass sun/security/ssl/KeyShareExtension$HRRKeyShareStringizer
instanceKlass sun/security/ssl/KeyShareExtension$HRRKeyShareReproducer
instanceKlass sun/security/ssl/KeyShareExtension$HRRKeyShareConsumer
instanceKlass sun/security/ssl/KeyShareExtension$HRRKeyShareProducer
instanceKlass sun/security/ssl/KeyShareExtension$SHKeyShareStringizer
instanceKlass sun/security/ssl/KeyShareExtension$SHKeyShareAbsence
instanceKlass sun/security/ssl/KeyShareExtension$SHKeyShareConsumer
instanceKlass sun/security/ssl/KeyShareExtension$SHKeyShareProducer
instanceKlass sun/security/ssl/KeyShareExtension$CHKeyShareStringizer
instanceKlass sun/security/ssl/KeyShareExtension$CHKeyShareOnTradeAbsence
instanceKlass sun/security/ssl/KeyShareExtension$CHKeyShareConsumer
instanceKlass sun/security/ssl/KeyShareExtension$CHKeyShareProducer
instanceKlass sun/security/ssl/KeyShareExtension
instanceKlass sun/security/ssl/CertSignAlgsExtension$CertSignatureSchemesStringizer
instanceKlass sun/security/ssl/CertSignAlgsExtension$CRCertSignatureSchemesUpdate
instanceKlass sun/security/ssl/CertSignAlgsExtension$CRCertSignatureSchemesConsumer
instanceKlass sun/security/ssl/CertSignAlgsExtension$CRCertSignatureSchemesProducer
instanceKlass sun/security/ssl/CertSignAlgsExtension$CHCertSignatureSchemesUpdate
instanceKlass sun/security/ssl/CertSignAlgsExtension$CHCertSignatureSchemesConsumer
instanceKlass sun/security/ssl/CertSignAlgsExtension$CHCertSignatureSchemesProducer
instanceKlass sun/security/ssl/CertSignAlgsExtension
instanceKlass sun/security/ssl/CertificateAuthoritiesExtension$CertificateAuthoritiesStringizer
instanceKlass sun/security/ssl/CertificateAuthoritiesExtension$CRCertificateAuthoritiesConsumer
instanceKlass sun/security/ssl/CertificateAuthoritiesExtension$CRCertificateAuthoritiesProducer
instanceKlass sun/security/ssl/CertificateAuthoritiesExtension$CHCertificateAuthoritiesConsumer
instanceKlass sun/security/ssl/CertificateAuthoritiesExtension$CHCertificateAuthoritiesProducer
instanceKlass sun/security/ssl/CertificateAuthoritiesExtension
instanceKlass sun/security/ssl/PskKeyExchangeModesExtension$PskKeyExchangeModesStringizer
instanceKlass sun/security/ssl/PskKeyExchangeModesExtension$PskKeyExchangeModesOnTradeAbsence
instanceKlass sun/security/ssl/PskKeyExchangeModesExtension$PskKeyExchangeModesOnLoadAbsence
instanceKlass sun/security/ssl/PskKeyExchangeModesExtension$PskKeyExchangeModesConsumer
instanceKlass sun/security/ssl/PskKeyExchangeModesExtension$PskKeyExchangeModesProducer
instanceKlass sun/security/ssl/PskKeyExchangeModesExtension
instanceKlass sun/security/ssl/CookieExtension$CookieStringizer
instanceKlass sun/security/ssl/CookieExtension$HRRCookieReproducer
instanceKlass sun/security/ssl/CookieExtension$HRRCookieConsumer
instanceKlass sun/security/ssl/CookieExtension$HRRCookieProducer
instanceKlass sun/security/ssl/CookieExtension$CHCookieUpdate
instanceKlass sun/security/ssl/CookieExtension$CHCookieConsumer
instanceKlass sun/security/ssl/CookieExtension$CHCookieProducer
instanceKlass sun/security/ssl/CookieExtension
instanceKlass sun/security/ssl/SupportedVersionsExtension$HRRSupportedVersionsReproducer
instanceKlass sun/security/ssl/SupportedVersionsExtension$HRRSupportedVersionsConsumer
instanceKlass sun/security/ssl/SupportedVersionsExtension$HRRSupportedVersionsProducer
instanceKlass sun/security/ssl/SupportedVersionsExtension$SHSupportedVersionsStringizer
instanceKlass sun/security/ssl/SupportedVersionsExtension$SHSupportedVersionsConsumer
instanceKlass sun/security/ssl/SupportedVersionsExtension$SHSupportedVersionsProducer
instanceKlass sun/security/ssl/SupportedVersionsExtension$CHSupportedVersionsStringizer
instanceKlass sun/security/ssl/SupportedVersionsExtension$CHSupportedVersionsConsumer
instanceKlass sun/security/ssl/SupportedVersionsExtension$CHSupportedVersionsProducer
instanceKlass sun/security/ssl/SupportedVersionsExtension
instanceKlass sun/security/ssl/SignatureAlgorithmsExtension$SignatureSchemesStringizer
instanceKlass sun/security/ssl/SignatureAlgorithmsExtension$CRSignatureSchemesUpdate
instanceKlass sun/security/ssl/SignatureAlgorithmsExtension$CRSignatureSchemesAbsence
instanceKlass sun/security/ssl/SignatureAlgorithmsExtension$CRSignatureSchemesConsumer
instanceKlass sun/security/ssl/SignatureAlgorithmsExtension$CRSignatureSchemesProducer
instanceKlass sun/security/ssl/SignatureAlgorithmsExtension$CHSignatureSchemesOnTradeAbsence
instanceKlass sun/security/ssl/SignatureAlgorithmsExtension$CHSignatureSchemesUpdate
instanceKlass sun/security/ssl/SignatureAlgorithmsExtension$CHSignatureSchemesOnLoadAbsence
instanceKlass sun/security/ssl/SignatureAlgorithmsExtension$CHSignatureSchemesConsumer
instanceKlass sun/security/ssl/SignatureAlgorithmsExtension$CHSignatureSchemesProducer
instanceKlass sun/security/ssl/SignatureAlgorithmsExtension
instanceKlass sun/security/ssl/SessionTicketExtension$SessionTicketStringizer
instanceKlass sun/security/ssl/SessionTicketExtension$T12SHSessionTicketConsumer
instanceKlass sun/security/ssl/SessionTicketExtension$T12SHSessionTicketProducer
instanceKlass sun/security/ssl/SessionTicketExtension$T12CHSessionTicketConsumer
instanceKlass sun/security/ssl/SessionTicketExtension$T12CHSessionTicketProducer
instanceKlass sun/security/ssl/SessionTicketExtension
instanceKlass sun/security/ssl/ExtendedMasterSecretExtension$ExtendedMasterSecretStringizer
instanceKlass sun/security/ssl/ExtendedMasterSecretExtension$SHExtendedMasterSecretAbsence
instanceKlass sun/security/ssl/ExtendedMasterSecretExtension$SHExtendedMasterSecretConsumer
instanceKlass sun/security/ssl/ExtendedMasterSecretExtension$SHExtendedMasterSecretProducer
instanceKlass sun/security/ssl/ExtendedMasterSecretExtension$CHExtendedMasterSecretAbsence
instanceKlass sun/security/ssl/ExtendedMasterSecretExtension$CHExtendedMasterSecretConsumer
instanceKlass sun/security/ssl/ExtendedMasterSecretExtension$CHExtendedMasterSecretProducer
instanceKlass sun/security/ssl/ExtendedMasterSecretExtension
instanceKlass sun/security/ssl/AlpnExtension$AlpnStringizer
instanceKlass sun/security/ssl/AlpnExtension$SHAlpnAbsence
instanceKlass sun/security/ssl/AlpnExtension$SHAlpnConsumer
instanceKlass sun/security/ssl/AlpnExtension$SHAlpnProducer
instanceKlass sun/security/ssl/AlpnExtension$CHAlpnAbsence
instanceKlass sun/security/ssl/AlpnExtension$CHAlpnConsumer
instanceKlass sun/security/ssl/AlpnExtension$CHAlpnProducer
instanceKlass sun/security/ssl/AlpnExtension
instanceKlass sun/security/ssl/ECPointFormatsExtension$ECPointFormatsStringizer
instanceKlass sun/security/ssl/ECPointFormatsExtension$SHECPointFormatsConsumer
instanceKlass sun/security/ssl/ECPointFormatsExtension$CHECPointFormatsConsumer
instanceKlass sun/security/ssl/ECPointFormatsExtension$CHECPointFormatsProducer
instanceKlass sun/security/ssl/ECPointFormatsExtension
instanceKlass sun/security/ssl/SupportedGroupsExtension$EESupportedGroupsConsumer
instanceKlass sun/security/ssl/SupportedGroupsExtension$EESupportedGroupsProducer
instanceKlass sun/security/ssl/SupportedGroupsExtension$SupportedGroupsStringizer
instanceKlass sun/security/ssl/SupportedGroupsExtension$CHSupportedGroupsOnTradeAbsence
instanceKlass sun/security/ssl/SupportedGroupsExtension$CHSupportedGroupsConsumer
instanceKlass sun/security/ssl/SupportedGroupsExtension$CHSupportedGroupsProducer
instanceKlass sun/security/ssl/SupportedGroupsExtension
instanceKlass sun/security/ssl/CertStatusExtension$CertStatusRespStringizer
instanceKlass sun/security/ssl/CertStatusExtension$CertStatusRequestsStringizer
instanceKlass sun/security/ssl/CertStatusExtension$SHCertStatusReqV2Consumer
instanceKlass sun/security/ssl/CertStatusExtension$SHCertStatusReqV2Producer
instanceKlass sun/security/ssl/CertStatusExtension$CHCertStatusReqV2Consumer
instanceKlass sun/security/ssl/CertStatusExtension$CHCertStatusReqV2Producer
instanceKlass sun/security/ssl/CertStatusExtension$CertStatusRequestStringizer
instanceKlass sun/security/ssl/CertStatusExtension$CTCertStatusResponseConsumer
instanceKlass sun/security/ssl/CertStatusExtension$CTCertStatusResponseProducer
instanceKlass sun/security/ssl/CertStatusExtension$SHCertStatusReqConsumer
instanceKlass sun/security/ssl/CertStatusExtension$SHCertStatusReqProducer
instanceKlass sun/security/ssl/CertStatusExtension$CHCertStatusReqConsumer
instanceKlass sun/security/ssl/CertStatusExtension$CHCertStatusReqProducer
instanceKlass sun/security/ssl/CertStatusExtension
instanceKlass sun/security/ssl/MaxFragExtension$MaxFragLenStringizer
instanceKlass sun/security/ssl/MaxFragExtension$EEMaxFragmentLengthUpdate
instanceKlass sun/security/ssl/MaxFragExtension$EEMaxFragmentLengthConsumer
instanceKlass sun/security/ssl/MaxFragExtension$EEMaxFragmentLengthProducer
instanceKlass sun/security/ssl/MaxFragExtension$SHMaxFragmentLengthUpdate
instanceKlass sun/security/ssl/MaxFragExtension$SHMaxFragmentLengthConsumer
instanceKlass sun/security/ssl/MaxFragExtension$SHMaxFragmentLengthProducer
instanceKlass sun/security/ssl/MaxFragExtension$CHMaxFragmentLengthConsumer
instanceKlass sun/security/ssl/MaxFragExtension$CHMaxFragmentLengthProducer
instanceKlass sun/security/ssl/MaxFragExtension
instanceKlass sun/security/ssl/ServerNameExtension$EEServerNameConsumer
instanceKlass sun/security/ssl/ServerNameExtension$EEServerNameProducer
instanceKlass sun/security/ssl/ServerNameExtension$SHServerNamesStringizer
instanceKlass sun/security/ssl/ServerNameExtension$SHServerNameConsumer
instanceKlass sun/security/ssl/ServerNameExtension$SHServerNameProducer
instanceKlass sun/security/ssl/ServerNameExtension$CHServerNamesStringizer
instanceKlass sun/security/ssl/ServerNameExtension$CHServerNameConsumer
instanceKlass sun/security/ssl/SSLExtension$ExtensionConsumer
instanceKlass sun/security/ssl/ServerNameExtension$CHServerNameProducer
instanceKlass sun/security/ssl/ServerNameExtension
instanceKlass sun/security/ssl/SSLStringizer
instanceKlass sun/security/ssl/SSLExtensions
instanceKlass sun/security/ssl/SSLHandshake$HandshakeMessage
instanceKlass sun/security/ssl/RandomCookie
instanceKlass sun/security/util/KeyUtil
instanceKlass sun/security/ssl/SSLKeyDerivation
instanceKlass sun/security/ssl/SSLCredentials
instanceKlass sun/security/ssl/NamedGroupPossession
instanceKlass sun/security/ssl/SSLPossession
instanceKlass sun/security/ssl/HandshakeContext
instanceKlass jdk/internal/icu/util/CodePointTrie$Data
instanceKlass jdk/internal/icu/util/CodePointMap
instanceKlass jdk/internal/icu/impl/Trie2$UTrie2Header
instanceKlass jdk/internal/icu/impl/Trie2$1
instanceKlass jdk/internal/icu/impl/Trie2$ValueMapper
instanceKlass jdk/internal/icu/impl/Trie2
instanceKlass jdk/internal/icu/impl/UCharacterProperty$IsAcceptable
instanceKlass jdk/internal/icu/impl/UCharacterProperty$IntProperty
instanceKlass jdk/internal/icu/impl/UCharacterProperty
instanceKlass jdk/internal/icu/lang/UCharacter
instanceKlass jdk/internal/icu/util/VersionInfo
instanceKlass jdk/internal/icu/impl/Trie
instanceKlass jdk/internal/icu/text/StringPrep$StringPrepTrieImpl
instanceKlass jdk/internal/icu/impl/Trie$DataManipulate
instanceKlass jdk/internal/icu/impl/ICUBinary
instanceKlass jdk/internal/icu/impl/StringPrepDataReader
instanceKlass jdk/internal/icu/impl/ICUBinary$Authenticate
instanceKlass  @bci jdk/internal/module/SystemModuleFinders$SystemModuleReader open (Ljava/lang/String;)Ljava/util/Optional; 6 <appendix> member <vmtarget> ; # jdk/internal/module/SystemModuleFinders$SystemModuleReader$$Lambda+0x00000000201bafc0
instanceKlass jdk/internal/module/SystemModuleFinders
instanceKlass jdk/internal/icu/text/StringPrep
instanceKlass java/net/IDN
instanceKlass javax/net/ssl/SNIServerName
instanceKlass sun/security/ssl/DTLSRecord
instanceKlass sun/security/ssl/SessionId
instanceKlass java/security/spec/MGF1ParameterSpec
instanceKlass sun/security/ec/ParametersMap$1
instanceKlass  @bci sun/security/ec/ed/EdDSAParameters <clinit> ()V 268 <appendix> argL0 ; # sun/security/ec/ed/EdDSAParameters$$Lambda+0x00000000201b8500
instanceKlass sun/security/ec/ed/EdDSAParameters$SHAKE256DigesterFactory
instanceKlass sun/security/ec/point/ProjectivePoint
instanceKlass  @bci sun/security/ec/ed/EdDSAParameters <clinit> ()V 117 <appendix> argL0 ; # sun/security/ec/ed/EdDSAParameters$$Lambda+0x00000000201b7460
instanceKlass sun/security/ec/ed/EdDSAParameters$SHA512DigesterFactory
instanceKlass sun/security/ec/ed/EdDSAParameters$DigesterFactory
instanceKlass sun/security/util/math/IntegerMontgomeryFieldModuloP
instanceKlass sun/security/ec/point/ExtendedHomogeneousPoint
instanceKlass sun/security/ec/point/ImmutablePoint
instanceKlass sun/security/ec/point/Point
instanceKlass sun/security/ec/point/AffinePoint
instanceKlass sun/security/util/math/intpoly/IntegerPolynomial$Limb
instanceKlass sun/security/util/math/SmallValue
instanceKlass sun/security/ec/ed/EdECOperations
instanceKlass sun/security/util/math/intpoly/IntegerPolynomial$Element
instanceKlass sun/security/util/math/ImmutableIntegerModuloP
instanceKlass sun/security/util/math/IntegerModuloP
instanceKlass sun/security/util/math/intpoly/IntegerPolynomial
instanceKlass sun/security/util/math/IntegerFieldModuloP
instanceKlass sun/security/ec/ParametersMap
instanceKlass sun/security/ec/ed/EdDSAParameters
instanceKlass  @bci sun/security/ec/ed/EdDSASignature <init> (Ljava/security/spec/NamedParameterSpec;)V 27 <appendix> argL0 ; # sun/security/ec/ed/EdDSASignature$$Lambda+0x00000000201b56c8
instanceKlass java/security/spec/EdDSAParameterSpec
instanceKlass javax/net/ssl/ExtendedSSLSession
instanceKlass javax/net/ssl/SSLSession
instanceKlass javax/crypto/spec/DHParameterSpec
instanceKlass sun/security/ssl/PredefinedDHParameterSpecs
instanceKlass  @bci sun/security/pkcs11/SunPKCS11 register (Lsun/security/pkcs11/SunPKCS11$Descriptor;)V 27 <appendix> argL0 ; # sun/security/pkcs11/SunPKCS11$$Lambda+0x00000000201e3718
instanceKlass sun/security/pkcs11/SunPKCS11$Descriptor
instanceKlass javax/security/auth/Subject
instanceKlass javax/security/auth/callback/CallbackHandler
instanceKlass org/jcp/xml/dsig/internal/dom/XMLDSigRI$2
instanceKlass org/jcp/xml/dsig/internal/dom/XMLDSigRI$1
instanceKlass sun/security/smartcardio/SunPCSC$1
instanceKlass sun/security/jca/ProviderConfig$ProviderLoader
instanceKlass sun/security/ssl/NamedGroup$SupportedGroups
instanceKlass sun/security/ssl/SSLConfiguration$CustomizedClientSignatureSchemes
instanceKlass javax/crypto/KeyGeneratorSpi
instanceKlass javax/crypto/KeyGenerator
instanceKlass sun/security/ssl/SSLConfiguration
instanceKlass sun/security/ssl/SSLCipher$SSLWriteCipher
instanceKlass sun/security/ssl/KeyUpdate$KeyUpdateProducer
instanceKlass sun/security/ssl/KeyUpdate$KeyUpdateConsumer
instanceKlass sun/security/ssl/KeyUpdate$KeyUpdateKickstartProducer
instanceKlass sun/security/ssl/KeyUpdate
instanceKlass sun/security/ssl/CertificateStatus$CertificateStatusAbsence
instanceKlass sun/security/ssl/HandshakeAbsence
instanceKlass sun/security/ssl/CertificateStatus$CertificateStatusProducer
instanceKlass sun/security/ssl/CertificateStatus$CertificateStatusConsumer
instanceKlass sun/security/ssl/CertificateStatus
instanceKlass sun/security/ssl/Finished$T13FinishedProducer
instanceKlass sun/security/ssl/Finished$T13FinishedConsumer
instanceKlass sun/security/ssl/Finished$T12FinishedProducer
instanceKlass sun/security/ssl/Finished$T12FinishedConsumer
instanceKlass sun/security/ssl/Finished
instanceKlass sun/security/ssl/ClientKeyExchange$ClientKeyExchangeProducer
instanceKlass sun/security/ssl/ClientKeyExchange$ClientKeyExchangeConsumer
instanceKlass sun/security/ssl/ClientKeyExchange
instanceKlass sun/security/ssl/CertificateVerify$T13CertificateVerifyProducer
instanceKlass sun/security/ssl/CertificateVerify$T13CertificateVerifyConsumer
instanceKlass sun/security/ssl/CertificateVerify$T12CertificateVerifyProducer
instanceKlass sun/security/ssl/CertificateVerify$T12CertificateVerifyConsumer
instanceKlass sun/security/ssl/CertificateVerify$T10CertificateVerifyProducer
instanceKlass sun/security/ssl/CertificateVerify$T10CertificateVerifyConsumer
instanceKlass sun/security/ssl/CertificateVerify$S30CertificateVerifyProducer
instanceKlass sun/security/ssl/CertificateVerify$S30CertificateVerifyConsumer
instanceKlass sun/security/ssl/CertificateVerify
instanceKlass sun/security/ssl/ServerHelloDone$ServerHelloDoneProducer
instanceKlass sun/security/ssl/ServerHelloDone$ServerHelloDoneConsumer
instanceKlass sun/security/ssl/ServerHelloDone
instanceKlass sun/security/ssl/CertificateRequest$T13CertificateRequestProducer
instanceKlass sun/security/ssl/CertificateRequest$T13CertificateRequestConsumer
instanceKlass sun/security/ssl/CertificateRequest$T12CertificateRequestProducer
instanceKlass sun/security/ssl/CertificateRequest$T12CertificateRequestConsumer
instanceKlass sun/security/ssl/CertificateRequest$T10CertificateRequestProducer
instanceKlass sun/security/ssl/CertificateRequest$T10CertificateRequestConsumer
instanceKlass sun/security/ssl/CertificateRequest
instanceKlass sun/security/ssl/ServerKeyExchange$ServerKeyExchangeProducer
instanceKlass sun/security/ssl/ServerKeyExchange$ServerKeyExchangeConsumer
instanceKlass sun/security/ssl/ServerKeyExchange
instanceKlass sun/security/ssl/CertificateMessage$T13CertificateProducer
instanceKlass sun/security/ssl/CertificateMessage$T13CertificateConsumer
instanceKlass sun/security/ssl/CertificateMessage$T12CertificateProducer
instanceKlass sun/security/ssl/CertificateMessage$T12CertificateConsumer
instanceKlass sun/security/ssl/CertificateMessage
instanceKlass sun/security/ssl/EncryptedExtensions$EncryptedExtensionsConsumer
instanceKlass sun/security/ssl/EncryptedExtensions$EncryptedExtensionsProducer
instanceKlass sun/security/ssl/EncryptedExtensions
instanceKlass sun/security/ssl/NewSessionTicket$T12NewSessionTicketProducer
instanceKlass sun/security/ssl/NewSessionTicket$T13NewSessionTicketProducer
instanceKlass sun/security/ssl/NewSessionTicket$T12NewSessionTicketConsumer
instanceKlass sun/security/ssl/NewSessionTicket$T13NewSessionTicketConsumer
instanceKlass sun/security/ssl/NewSessionTicket
instanceKlass sun/security/ssl/HelloVerifyRequest$HelloVerifyRequestProducer
instanceKlass sun/security/ssl/HelloVerifyRequest$HelloVerifyRequestConsumer
instanceKlass sun/security/ssl/HelloVerifyRequest
instanceKlass sun/security/ssl/ServerHello$T13HelloRetryRequestConsumer
instanceKlass sun/security/ssl/ServerHello$T13ServerHelloConsumer
instanceKlass sun/security/ssl/ServerHello$T12ServerHelloConsumer
instanceKlass sun/security/ssl/ServerHello$T13HelloRetryRequestReproducer
instanceKlass sun/security/ssl/ServerHello$T13HelloRetryRequestProducer
instanceKlass sun/security/ssl/ServerHello$T13ServerHelloProducer
instanceKlass sun/security/ssl/ServerHello$T12ServerHelloProducer
instanceKlass sun/security/ssl/ServerHello$ServerHelloConsumer
instanceKlass sun/security/ssl/ServerHello
instanceKlass sun/security/ssl/ClientHello$D13ClientHelloConsumer
instanceKlass sun/security/ssl/ClientHello$D12ClientHelloConsumer
instanceKlass sun/security/ssl/ClientHello$T13ClientHelloConsumer
instanceKlass sun/security/ssl/ClientHello$T12ClientHelloConsumer
instanceKlass sun/security/ssl/HandshakeConsumer
instanceKlass sun/security/ssl/ClientHello$ClientHelloProducer
instanceKlass sun/security/ssl/ClientHello$ClientHelloConsumer
instanceKlass sun/security/ssl/ClientHello$ClientHelloKickstartProducer
instanceKlass sun/security/ssl/ClientHello
instanceKlass sun/security/ssl/HelloRequest$HelloRequestProducer
instanceKlass sun/security/ssl/HelloRequest$HelloRequestConsumer
instanceKlass sun/security/ssl/HelloRequest$HelloRequestKickstartProducer
instanceKlass sun/security/ssl/SSLProducer
instanceKlass sun/security/ssl/HelloRequest
instanceKlass sun/security/ssl/HandshakeProducer
instanceKlass sun/security/ssl/SSLConsumer
instanceKlass sun/security/ssl/Authenticator$MacImpl
instanceKlass sun/security/ssl/Authenticator$MAC
instanceKlass sun/security/ssl/Authenticator
instanceKlass sun/security/ssl/SSLCipher$SSLReadCipher
instanceKlass sun/security/ssl/InputRecord
instanceKlass sun/security/ssl/SSLRecord
instanceKlass sun/security/ssl/Record
instanceKlass sun/security/ssl/TransportContext
instanceKlass sun/security/ssl/ConnectionContext
instanceKlass sun/security/ssl/HandshakeHash$CacheOnlyHash
instanceKlass sun/security/ssl/HandshakeHash$TranscriptHash
instanceKlass sun/security/ssl/HandshakeHash
instanceKlass sun/security/ssl/SSLTransport
instanceKlass sun/net/NetHooks
instanceKlass sun/net/spi/DefaultProxySelector$NonProxyInfo
instanceKlass sun/net/NetProperties
instanceKlass java/net/Proxy
instanceKlass java/net/ProxySelector
instanceKlass java/net/InetSocketAddress$InetSocketAddressHolder
instanceKlass sun/nio/ch/ExtendedSocketOption$1
instanceKlass sun/nio/ch/ExtendedSocketOption
instanceKlass sun/nio/ch/OptionKey
instanceKlass sun/nio/ch/SocketOptionRegistry$LazyInitialization
instanceKlass sun/nio/ch/SocketOptionRegistry$RegistryKey
instanceKlass sun/nio/ch/SocketOptionRegistry
instanceKlass java/net/StandardSocketOptions$StdSocketOption
instanceKlass java/net/StandardSocketOptions
instanceKlass  @bci sun/nio/ch/NioSocketImpl closerFor (Ljava/io/FileDescriptor;)Ljava/lang/Runnable; 1 <appendix> member <vmtarget> ; # sun/nio/ch/NioSocketImpl$$Lambda+0x00000000201a0eb0
instanceKlass jdk/net/ExtendedSocketOptions$2
instanceKlass jdk/net/ExtendedSocketOptions$PlatformSocketOptions
instanceKlass jdk/net/ExtendedSocketOptions$ExtSocketOption
instanceKlass java/net/SocketOption
instanceKlass jdk/net/ExtendedSocketOptions
instanceKlass sun/net/ext/ExtendedSocketOptions
instanceKlass jdk/internal/lang/stable/StableValueImpl
instanceKlass java/lang/StableValue
instanceKlass sun/nio/ch/Net$1
instanceKlass java/net/ProtocolFamily
instanceKlass sun/nio/ch/Net
instanceKlass java/net/SocksConsts
instanceKlass sun/net/PlatformSocketImpl
instanceKlass java/net/SocketImpl
instanceKlass java/net/SocketOptions
instanceKlass java/util/concurrent/ThreadLocalRandom$Access$1
instanceKlass jdk/internal/access/JavaUtilConcurrentTLRAccess
instanceKlass java/util/concurrent/ThreadLocalRandom$Access
instanceKlass java/net/InetAddress$CachedLookup
instanceKlass sun/net/InetAddressCachePolicy
instanceKlass  @bci java/net/InetAddress getAddressesFromNameService (Ljava/lang/String;)[Ljava/net/InetAddress; 94 <appendix> argL0 ; # java/net/InetAddress$$Lambda+0x000000002019d860
instanceKlass  @bci java/net/InetAddress loadResolver ()Ljava/net/spi/InetAddressResolver; 8 <appendix> argL0 ; # java/net/InetAddress$$Lambda+0x000000002019d618
instanceKlass java/net/spi/InetAddressResolverProvider
instanceKlass java/net/InetAddress$NameServiceAddresses
instanceKlass java/net/InetAddress$Addresses
instanceKlass java/util/concurrent/ConcurrentSkipListMap$Iter
instanceKlass org/apache/http/conn/routing/RouteTracker
instanceKlass org/apache/http/impl/execchain/ConnectionHolder
instanceKlass org/apache/http/conn/ConnectionReleaseTrigger
instanceKlass org/apache/http/impl/conn/CPoolProxy
instanceKlass org/apache/http/impl/conn/Wire
instanceKlass org/apache/http/impl/io/AbstractMessageParser
instanceKlass org/apache/http/util/CharArrayBuffer
instanceKlass org/apache/http/impl/io/AbstractMessageWriter
instanceKlass org/apache/http/impl/HttpConnectionMetricsImpl
instanceKlass org/apache/http/impl/io/SessionOutputBufferImpl
instanceKlass org/apache/http/util/ByteArrayBuffer
instanceKlass org/apache/http/config/MessageConstraints$Builder
instanceKlass org/apache/http/config/MessageConstraints
instanceKlass org/apache/http/impl/io/SessionInputBufferImpl
instanceKlass org/apache/http/io/BufferInfo
instanceKlass org/apache/http/impl/io/HttpTransportMetricsImpl
instanceKlass org/apache/http/io/SessionInputBuffer
instanceKlass org/apache/http/io/SessionOutputBuffer
instanceKlass org/apache/http/HttpConnectionMetrics
instanceKlass org/apache/http/io/HttpTransportMetrics
instanceKlass org/apache/http/config/ConnectionConfig$Builder
instanceKlass org/apache/http/config/ConnectionConfig
instanceKlass org/apache/http/impl/conn/PoolingHttpClientConnectionManager$1
instanceKlass org/apache/http/pool/AbstractConnPool$2
instanceKlass org/apache/http/util/Asserts
instanceKlass org/apache/http/util/LangUtils
instanceKlass org/apache/http/impl/cookie/AbstractCookieAttributeHandler
instanceKlass org/apache/http/impl/cookie/PublicSuffixDomainFilter
instanceKlass org/apache/http/impl/cookie/BasicDomainHandler
instanceKlass org/apache/http/message/TokenParser
instanceKlass org/apache/http/cookie/SetCookie
instanceKlass org/apache/http/cookie/Cookie
instanceKlass org/apache/http/impl/cookie/RFC6265CookieSpec
instanceKlass org/apache/http/impl/cookie/RFC6265CookieSpecProvider$2
instanceKlass org/apache/http/cookie/CookieOrigin
instanceKlass org/apache/http/conn/routing/HttpRoute
instanceKlass org/apache/http/auth/AuthState
instanceKlass org/apache/http/message/BasicRequestLine
instanceKlass org/apache/http/params/HttpProtocolParams
instanceKlass org/apache/http/params/CoreProtocolPNames
instanceKlass org/apache/http/params/AbstractHttpParams
instanceKlass org/apache/http/params/HttpParamsNames
instanceKlass org/eclipse/aether/transport/http/SharingAuthCache
instanceKlass org/apache/http/protocol/BasicHttpContext
instanceKlass org/apache/http/protocol/HttpCoreContext
instanceKlass org/apache/http/HeaderElement
instanceKlass org/apache/http/message/BasicHeader
instanceKlass java/util/concurrent/atomic/AtomicMarkableReference$Pair
instanceKlass java/util/concurrent/atomic/AtomicMarkableReference
instanceKlass org/apache/http/message/HeaderGroup
instanceKlass org/apache/http/conn/util/InetAddressUtils
instanceKlass sun/nio/cs/ThreadLocalCoders$Cache
instanceKlass sun/nio/cs/ThreadLocalCoders
instanceKlass org/apache/http/message/ParserCursor
instanceKlass org/apache/http/client/utils/URLEncodedUtils
instanceKlass org/apache/http/client/utils/URIBuilder
instanceKlass org/eclipse/aether/transport/http/UriUtils
instanceKlass org/apache/http/params/HttpParams
instanceKlass org/apache/http/message/AbstractHttpMessage
instanceKlass org/apache/http/client/methods/AbortableHttpRequest
instanceKlass org/apache/http/client/methods/HttpExecutionAware
instanceKlass org/eclipse/aether/transport/http/HttpTransporter$EntityGetter
instanceKlass org/eclipse/aether/internal/impl/checksum/MessageDigestChecksumAlgorithmFactorySupport$1
instanceKlass org/eclipse/aether/connector/basic/ChecksumCalculator$Checksum
instanceKlass org/eclipse/aether/connector/basic/ChecksumCalculator
instanceKlass org/eclipse/aether/util/FileUtils$2
instanceKlass jdk/internal/util/random/RandomSupport
instanceKlass org/eclipse/aether/util/FileUtils$CollocatedTempFile
instanceKlass org/eclipse/aether/util/FileUtils$TempFile
instanceKlass org/eclipse/aether/util/FileUtils
instanceKlass org/eclipse/aether/transfer/TransferEvent
instanceKlass org/eclipse/aether/connector/basic/ChecksumValidator
instanceKlass org/eclipse/aether/connector/basic/BasicRepositoryConnector$TaskRunner
instanceKlass org/eclipse/aether/connector/basic/ChecksumValidator$ChecksumFetcher
instanceKlass org/eclipse/aether/spi/connector/layout/RepositoryLayout$ChecksumLocation
instanceKlass  @bci org/eclipse/aether/internal/impl/checksum/DefaultChecksumAlgorithmFactorySelector isChecksumExtension (Ljava/lang/String;)Z 55 <appendix> member <vmtarget> ; # org/eclipse/aether/internal/impl/checksum/DefaultChecksumAlgorithmFactorySelector$$Lambda+0x00000000201d4b28
instanceKlass org/eclipse/aether/internal/impl/AbstractChecksumPolicy
instanceKlass org/eclipse/aether/transfer/TransferEvent$Builder
instanceKlass java/util/AbstractMap$ValueIterator
instanceKlass org/eclipse/aether/util/concurrency/RunnableErrorForwarder
instanceKlass  @bci org/eclipse/aether/util/concurrency/ExecutorUtils <clinit> ()V 0 <appendix> argL0 ; # org/eclipse/aether/util/concurrency/ExecutorUtils$$Lambda+0x00000000201cf8a8
instanceKlass  @cpi sun/security/util/MemoryCache$QueueCacheEntry 137 form vmentry <vmtarget> ; # java/lang/invoke/LambdaForm$DMH+0x00000000201d0000
instanceKlass org/eclipse/aether/util/concurrency/ExecutorUtils
instanceKlass org/apache/http/conn/ClientConnectionManager
instanceKlass org/apache/http/cookie/CookieIdentityComparator
instanceKlass org/apache/http/impl/client/BasicCookieStore
instanceKlass org/apache/http/impl/cookie/IgnoreSpecProvider
instanceKlass org/apache/http/impl/cookie/NetscapeDraftSpecProvider
instanceKlass org/apache/http/impl/cookie/RFC6265CookieSpecProvider
instanceKlass org/apache/http/cookie/CookieSpec
instanceKlass org/apache/http/impl/cookie/BasicPathHandler
instanceKlass org/apache/http/cookie/CommonCookieAttributeHandler
instanceKlass org/apache/http/cookie/CookieAttributeHandler
instanceKlass org/apache/http/impl/cookie/DefaultCookieSpecProvider
instanceKlass org/apache/http/cookie/CookieSpecProvider
instanceKlass org/apache/http/impl/client/CookieSpecRegistries
instanceKlass org/apache/http/impl/execchain/RedirectExec
instanceKlass org/apache/http/impl/execchain/ServiceUnavailableRetryExec
instanceKlass org/apache/http/impl/conn/DefaultRoutePlanner
instanceKlass org/apache/http/impl/execchain/RetryExec
instanceKlass org/apache/http/impl/execchain/ProtocolExec
instanceKlass org/apache/http/client/entity/DeflateInputStreamFactory
instanceKlass org/apache/http/client/entity/GZIPInputStreamFactory
instanceKlass org/apache/http/client/entity/InputStreamFactory
instanceKlass org/apache/http/client/protocol/ResponseContentEncoding
instanceKlass org/apache/http/client/protocol/ResponseProcessCookies
instanceKlass org/apache/http/client/protocol/RequestAuthCache
instanceKlass org/apache/http/client/protocol/RequestAcceptEncoding
instanceKlass org/apache/http/client/protocol/RequestAddCookies
instanceKlass org/apache/http/protocol/ChainBuilder
instanceKlass org/apache/http/client/protocol/RequestExpectContinue
instanceKlass org/apache/http/client/protocol/RequestClientConnControl
instanceKlass org/apache/http/protocol/RequestContent
instanceKlass org/apache/http/client/protocol/RequestDefaultHeaders
instanceKlass org/apache/http/protocol/HttpProcessorBuilder
instanceKlass org/apache/http/conn/routing/BasicRouteDirector
instanceKlass org/apache/http/impl/auth/HttpAuthenticator
instanceKlass org/apache/http/conn/routing/RouteInfo
instanceKlass org/apache/http/conn/routing/HttpRouteDirector
instanceKlass org/apache/http/impl/execchain/MainClientExec
instanceKlass org/apache/http/protocol/RequestUserAgent
instanceKlass org/apache/http/protocol/RequestTargetHost
instanceKlass org/apache/http/protocol/ImmutableHttpProcessor
instanceKlass org/apache/http/impl/client/DefaultUserTokenHandler
instanceKlass org/apache/http/impl/client/AuthenticationStrategyImpl
instanceKlass org/apache/http/HeaderElementIterator
instanceKlass org/apache/http/impl/client/DefaultConnectionKeepAliveStrategy
instanceKlass org/apache/http/HeaderIterator
instanceKlass org/apache/http/TokenIterator
instanceKlass org/apache/http/impl/DefaultConnectionReuseStrategy
instanceKlass org/apache/http/protocol/HttpRequestExecutor
instanceKlass org/apache/http/impl/client/BasicCredentialsProvider
instanceKlass org/eclipse/aether/transport/http/DeferredCredentialsProvider
instanceKlass org/apache/http/impl/client/DefaultRedirectStrategy
instanceKlass org/apache/http/client/methods/Configurable
instanceKlass org/apache/http/client/CookieStore
instanceKlass org/apache/http/conn/routing/HttpRoutePlanner
instanceKlass org/apache/http/impl/execchain/ClientExecChain
instanceKlass org/apache/http/protocol/HttpProcessor
instanceKlass org/apache/http/HttpResponseInterceptor
instanceKlass org/apache/http/HttpRequestInterceptor
instanceKlass org/apache/http/client/UserTokenHandler
instanceKlass org/apache/http/client/AuthenticationStrategy
instanceKlass org/apache/http/conn/ConnectionKeepAliveStrategy
instanceKlass org/apache/http/impl/client/HttpClientBuilder
instanceKlass org/eclipse/aether/transport/http/HttpTransporter$ResolverServiceUnavailableRetryStrategy
instanceKlass org/apache/http/impl/client/DefaultHttpRequestRetryHandler
instanceKlass org/apache/http/client/config/RequestConfig$Builder
instanceKlass org/apache/http/client/config/RequestConfig
instanceKlass org/apache/http/config/SocketConfig$Builder
instanceKlass org/apache/http/config/SocketConfig
instanceKlass org/apache/http/impl/auth/KerberosSchemeFactory
instanceKlass org/apache/http/impl/auth/SPNegoSchemeFactory
instanceKlass org/apache/http/impl/auth/NTLMSchemeFactory
instanceKlass org/apache/http/impl/auth/DigestSchemeFactory
instanceKlass org/apache/http/impl/auth/BasicSchemeFactory
instanceKlass org/apache/http/auth/AuthSchemeProvider
instanceKlass org/apache/http/auth/AuthSchemeFactory
instanceKlass org/eclipse/aether/transport/http/GlobalState$CompoundKey
instanceKlass org/apache/http/impl/conn/PoolingHttpClientConnectionManager$InternalConnectionFactory
instanceKlass org/apache/http/pool/RouteSpecificPool
instanceKlass org/apache/http/pool/AbstractConnPool
instanceKlass org/apache/http/pool/ConnPool
instanceKlass org/apache/http/impl/conn/PoolingHttpClientConnectionManager$ConfigData
instanceKlass org/apache/http/impl/entity/StrictContentLengthStrategy
instanceKlass org/apache/http/impl/entity/LaxContentLengthStrategy
instanceKlass org/apache/http/impl/EnglishReasonPhraseCatalog
instanceKlass org/apache/http/ReasonPhraseCatalog
instanceKlass org/apache/http/impl/DefaultHttpResponseFactory
instanceKlass org/apache/http/StatusLine
instanceKlass org/apache/http/RequestLine
instanceKlass org/apache/http/ProtocolVersion
instanceKlass org/apache/http/message/BasicLineParser
instanceKlass org/apache/http/io/HttpMessageParser
instanceKlass org/apache/http/HttpResponseFactory
instanceKlass org/apache/http/message/LineParser
instanceKlass org/apache/http/impl/conn/DefaultHttpResponseParserFactory
instanceKlass org/apache/http/message/BasicLineFormatter
instanceKlass org/apache/http/io/HttpMessageWriter
instanceKlass org/apache/http/message/LineFormatter
instanceKlass org/apache/http/impl/io/DefaultHttpRequestWriterFactory
instanceKlass org/apache/http/impl/BHttpConnectionBase
instanceKlass org/apache/http/conn/ManagedHttpClientConnection
instanceKlass org/apache/http/HttpInetConnection
instanceKlass org/apache/http/HttpClientConnection
instanceKlass org/apache/http/HttpConnection
instanceKlass org/apache/http/entity/ContentLengthStrategy
instanceKlass org/apache/http/io/HttpMessageParserFactory
instanceKlass org/apache/http/io/HttpMessageWriterFactory
instanceKlass org/apache/http/impl/conn/ManagedHttpClientConnectionFactory
instanceKlass org/apache/http/impl/conn/SystemDefaultDnsResolver
instanceKlass org/apache/http/impl/conn/DefaultSchemePortResolver
instanceKlass org/apache/http/impl/conn/DefaultHttpClientConnectionOperator
instanceKlass org/apache/http/pool/PoolEntry
instanceKlass org/apache/http/conn/ConnectionRequest
instanceKlass org/apache/http/concurrent/Cancellable
instanceKlass org/apache/http/pool/PoolEntryCallback
instanceKlass org/apache/http/pool/ConnFactory
instanceKlass org/apache/http/conn/util/PublicSuffixMatcher
instanceKlass org/apache/http/conn/util/PublicSuffixList
instanceKlass org/apache/http/Consts
instanceKlass org/apache/http/conn/util/PublicSuffixListParser
instanceKlass org/apache/http/conn/util/PublicSuffixMatcherLoader
instanceKlass org/apache/http/conn/ssl/DefaultHostnameVerifier
instanceKlass org/slf4j/spi/LocationAwareLogger
instanceKlass org/apache/commons/logging/impl/SLF4JLog
instanceKlass org/apache/commons/logging/impl/SLF4JLocationAwareLog
instanceKlass org/apache/commons/logging/Log
instanceKlass org/apache/commons/logging/LogFactory
instanceKlass java/util/ComparableTimSort
instanceKlass org/apache/http/conn/ssl/AbstractVerifier
instanceKlass java/net/Socket
instanceKlass org/apache/http/conn/ssl/X509HostnameVerifier
instanceKlass org/apache/http/conn/ssl/SSLConnectionSocketFactory
instanceKlass org/apache/http/conn/socket/LayeredConnectionSocketFactory
instanceKlass sun/security/provider/AbstractDrbg$NonceProvider
instanceKlass  @bci sun/security/provider/AbstractDrbg$SeederHolder <clinit> ()V 42 <appendix> member <vmtarget> ; # sun/security/provider/AbstractDrbg$SeederHolder$$Lambda+0x0000000020198290
instanceKlass  @cpi sun/security/provider/AbstractDrbg$SeederHolder 91 form vmentry <vmtarget> ; # java/lang/invoke/LambdaForm$DMH+0x00000000201c0400
# instanceKlass java/lang/invoke/LambdaForm$DMH+0x00000000201c0000
instanceKlass java/nio/file/Files$AcceptAllFilter
instanceKlass java/net/NetworkInterface$1
instanceKlass java/net/DefaultInterface
instanceKlass java/net/Inet6Address$Inet6AddressHolder
instanceKlass java/net/InetAddress$PlatformResolver
instanceKlass java/net/spi/InetAddressResolver
instanceKlass java/net/spi/InetAddressResolver$LookupPolicy
instanceKlass java/net/Inet4AddressImpl
instanceKlass java/net/Inet6AddressImpl
instanceKlass java/net/InetAddressImpl
instanceKlass java/util/concurrent/ConcurrentSkipListMap$Node
instanceKlass java/util/concurrent/ConcurrentSkipListMap$Index
instanceKlass java/util/concurrent/ConcurrentNavigableMap
instanceKlass java/net/InetAddress$InetAddressHolder
instanceKlass sun/security/util/SecurityProperties
instanceKlass jdk/internal/util/Exceptions
instanceKlass java/net/InetAddress$1
instanceKlass jdk/internal/access/JavaNetInetAddressAccess
instanceKlass java/net/InetAddress
instanceKlass java/net/InterfaceAddress
instanceKlass java/net/NetworkInterface
instanceKlass sun/security/provider/ByteArrayAccess$BE
instanceKlass sun/security/provider/ByteArrayAccess
instanceKlass sun/security/provider/SeedGenerator
instanceKlass sun/security/provider/AbstractDrbg$SeederHolder
instanceKlass java/security/DrbgParameters$NextBytes
instanceKlass  @bci sun/security/ssl/SSLContextImpl engineInit ([Ljavax/net/ssl/KeyManager;[Ljavax/net/ssl/TrustManager;Ljava/security/SecureRandom;)V 57 <appendix> argL0 ; # sun/security/ssl/SSLContextImpl$$Lambda+0x0000000020196b70
instanceKlass javax/net/ssl/X509ExtendedKeyManager
instanceKlass javax/net/ssl/X509KeyManager
instanceKlass javax/net/ssl/KeyManager
instanceKlass javax/net/ssl/KeyManagerFactorySpi
instanceKlass javax/net/ssl/KeyManagerFactory
instanceKlass javax/net/ssl/X509ExtendedTrustManager
instanceKlass javax/net/ssl/X509TrustManager
instanceKlass javax/net/ssl/TrustManager
instanceKlass sun/security/validator/TrustStoreUtil
instanceKlass sun/security/x509/AccessDescription
instanceKlass sun/security/x509/DNSName
instanceKlass sun/security/x509/URIName
instanceKlass sun/security/x509/DistributionPoint
instanceKlass sun/security/x509/NetscapeCertTypeExtension$MapEntry
instanceKlass java/security/cert/PolicyQualifierInfo
instanceKlass sun/security/x509/CertificatePolicyId
instanceKlass sun/security/x509/PolicyInformation
instanceKlass java/security/interfaces/ECPublicKey
instanceKlass java/security/interfaces/ECKey
instanceKlass  @bci sun/security/ec/ECKeyFactory implGeneratePublic (Ljava/security/spec/KeySpec;)Ljava/security/PublicKey; 6 <appendix> member <vmtarget> ; # sun/security/ec/ECKeyFactory$$TypeSwitch+0x00000000201927d8
instanceKlass java/security/spec/ECPublicKeySpec
instanceKlass sun/security/x509/GeneralName
instanceKlass java/security/PKCS12Attribute
instanceKlass java/security/KeyStore$Entry$Attribute
instanceKlass sun/security/pkcs12/PKCS12KeyStore$Entry
instanceKlass sun/util/logging/PlatformLogger$ConfigurableBridge$LoggerConfiguration
instanceKlass jdk/internal/logger/LoggerFinderLoader
instanceKlass jdk/internal/logger/LazyLoggers$LazyLoggerFactories
instanceKlass jdk/internal/logger/LazyLoggers$1
instanceKlass jdk/internal/logger/LazyLoggers
instanceKlass jdk/internal/event/EventHelper$ThreadTrackHolder
instanceKlass java/util/jar/JarFile$ThreadTrackHolder
instanceKlass jdk/internal/event/EventHelper
instanceKlass sun/security/jca/JCAUtil
instanceKlass sun/security/util/MemoryCache$CacheEntry
instanceKlass sun/security/x509/GeneralNames
instanceKlass sun/security/x509/KeyIdentifier
instanceKlass sun/security/x509/OIDMap$OIDInfo
instanceKlass sun/security/x509/PKIXExtensions
instanceKlass sun/security/x509/OIDMap
instanceKlass sun/security/x509/Extension
instanceKlass java/security/cert/Extension
instanceKlass sun/security/x509/CertificateExtensions
instanceKlass sun/security/rsa/RSAUtil
instanceKlass java/security/interfaces/RSAPublicKey
instanceKlass java/security/interfaces/RSAKey
instanceKlass  @bci sun/security/rsa/RSAKeyFactory generatePublic (Ljava/security/spec/KeySpec;)Ljava/security/PublicKey; 6 <appendix> member <vmtarget> ; # sun/security/rsa/RSAKeyFactory$$TypeSwitch+0x000000002018d4b8
instanceKlass java/lang/classfile/instruction/SwitchCase
instanceKlass  @bci java/lang/runtime/SwitchBootstraps generateTypeSwitchSkeleton (Ljava/lang/Class;[Ljava/lang/Object;Ljava/util/List;Ljava/util/List;)Ljava/util/function/Consumer; 45 <appendix> member <vmtarget> ; # java/lang/runtime/SwitchBootstraps$$Lambda+0x800000019
instanceKlass  @bci java/lang/runtime/SwitchBootstraps generateTypeSwitch (Ljava/lang/invoke/MethodHandles$Lookup;Ljava/lang/Class;[Ljava/lang/Object;)Ljava/lang/invoke/MethodHandle; 70 <appendix> member <vmtarget> ; # java/lang/runtime/SwitchBootstraps$$Lambda+0x800000018
instanceKlass java/lang/invoke/DirectMethodHandle$1
instanceKlass jdk/internal/misc/PreviewFeatures
instanceKlass java/lang/runtime/SwitchBootstraps
instanceKlass java/security/spec/PSSParameterSpec
instanceKlass java/security/spec/RSAPrivateKeySpec
instanceKlass java/security/spec/RSAPublicKeySpec
instanceKlass  @bci java/security/spec/EncodedKeySpec <clinit> ()V 0 <appendix> argL0 ; # java/security/spec/EncodedKeySpec$$Lambda+0x000000002018ba98
instanceKlass jdk/internal/access/JavaSecuritySpecAccess
instanceKlass java/security/spec/EncodedKeySpec
instanceKlass java/security/spec/KeySpec
instanceKlass sun/security/util/BitArray
instanceKlass sun/security/x509/X509Key
instanceKlass java/security/PublicKey
instanceKlass java/security/AsymmetricKey
instanceKlass sun/security/x509/CertificateX509Key
instanceKlass sun/security/x509/CertificateValidity
instanceKlass sun/security/x509/AVA
instanceKlass sun/security/x509/RDN
instanceKlass sun/security/x509/X500Name
instanceKlass sun/security/x509/GeneralNameInterface
instanceKlass sun/security/x509/CertificateAlgorithmId
instanceKlass sun/security/x509/SerialNumber
instanceKlass sun/security/x509/CertificateSerialNumber
instanceKlass sun/security/x509/CertificateVersion
instanceKlass sun/security/x509/X509CertInfo
instanceKlass sun/security/x509/AlgorithmId
instanceKlass java/security/DEREncodable
instanceKlass java/security/cert/X509Extension
instanceKlass sun/security/util/Cache$EqualByteArray
instanceKlass java/security/cert/CertificateFactorySpi
instanceKlass java/security/cert/CertificateFactory
instanceKlass sun/security/pkcs/ContentInfo
instanceKlass sun/security/util/IOUtils
instanceKlass sun/security/util/DerInputStream
instanceKlass sun/security/util/DerValue
instanceKlass java/security/KeyStoreSpi
instanceKlass java/security/KeyStore
instanceKlass sun/security/util/FilePaths
instanceKlass sun/security/ssl/TrustStoreManager$TrustStoreDescriptor
instanceKlass sun/security/ssl/TrustStoreManager$TrustAnchorManager
instanceKlass sun/security/ssl/TrustStoreManager
instanceKlass javax/net/ssl/TrustManagerFactorySpi
instanceKlass javax/net/ssl/TrustManagerFactory
instanceKlass sun/security/ssl/SSLContextImpl$DefaultManagersHolder
instanceKlass sun/security/util/Cache
instanceKlass sun/security/ssl/SSLSessionContextImpl
instanceKlass javax/net/ssl/SSLSessionContext
instanceKlass sun/security/ssl/EphemeralKeyManager$EphemeralKeyPair
instanceKlass sun/security/ssl/EphemeralKeyManager
instanceKlass sun/security/ssl/SSLContextImpl$CustomizedSSLProtocols
instanceKlass java/security/spec/NamedParameterSpec
instanceKlass sun/security/util/ECKeySizeParameterSpec
instanceKlass java/security/AlgorithmParametersSpi
instanceKlass java/security/AlgorithmParameters
instanceKlass sun/security/util/ECUtil
instanceKlass java/security/KeyPairGeneratorSpi
instanceKlass java/security/KeyFactorySpi
instanceKlass java/security/KeyFactory
instanceKlass javax/crypto/KeyAgreement
instanceKlass sun/security/util/MessageDigestSpi2
instanceKlass sun/security/jca/GetInstance$Instance
instanceKlass java/security/MessageDigestSpi
instanceKlass java/security/Signature$1
instanceKlass jdk/internal/access/JavaSecuritySignatureAccess
instanceKlass java/security/SignatureSpi
instanceKlass sun/security/ssl/JsseJce$EcAvailability
instanceKlass sun/security/ssl/SSLAlgorithmDecomposer$1
instanceKlass sun/security/ssl/Utilities
instanceKlass sun/security/ssl/JsseJce
instanceKlass sun/security/ssl/NamedGroup$XDHScheme
instanceKlass sun/security/ssl/NamedGroup$FFDHEScheme
instanceKlass sun/security/ssl/NamedGroup$ECDHEScheme
instanceKlass sun/security/ssl/NamedGroup$NamedGroupScheme
instanceKlass sun/security/ssl/SSLCipher$T13CC20P1305WriteCipherGenerator
instanceKlass sun/security/ssl/SSLCipher$T12CC20P1305WriteCipherGenerator
instanceKlass sun/security/ssl/SSLCipher$T13CC20P1305ReadCipherGenerator
instanceKlass sun/security/ssl/SSLCipher$T12CC20P1305ReadCipherGenerator
instanceKlass sun/security/ssl/SSLCipher$T13GcmWriteCipherGenerator
instanceKlass sun/security/ssl/SSLCipher$T13GcmReadCipherGenerator
instanceKlass sun/security/ssl/SSLCipher$T12GcmWriteCipherGenerator
instanceKlass sun/security/ssl/SSLCipher$T12GcmReadCipherGenerator
instanceKlass com/sun/crypto/provider/AESConstants
instanceKlass java/util/Vector$1
instanceKlass javax/crypto/JceSecurityManager
instanceKlass sun/security/ssl/SSLCipher$T11BlockWriteCipherGenerator
instanceKlass sun/security/ssl/SSLCipher$T11BlockReadCipherGenerator
instanceKlass com/sun/crypto/provider/PKCS5Padding
instanceKlass com/sun/crypto/provider/Padding
instanceKlass com/sun/crypto/provider/FeedbackCipher
instanceKlass com/sun/crypto/provider/SymmetricCipher
instanceKlass com/sun/crypto/provider/DESConstants
instanceKlass com/sun/crypto/provider/CipherCore
instanceKlass sun/security/ssl/SSLCipher$T10BlockWriteCipherGenerator
instanceKlass sun/security/ssl/SSLCipher$T10BlockReadCipherGenerator
instanceKlass javax/crypto/CipherSpi
instanceKlass javax/crypto/ProviderVerifier
instanceKlass java/lang/Class$Holder
instanceKlass javax/crypto/JceSecurity$1
instanceKlass java/util/Vector$Itr
instanceKlass javax/crypto/CryptoPolicyParser$CryptoPermissionEntry
instanceKlass javax/crypto/CryptoPolicyParser$GrantEntry
instanceKlass java/io/StreamTokenizer
instanceKlass javax/crypto/CryptoPolicyParser
instanceKlass sun/nio/fs/BasicFileAttributesHolder
instanceKlass sun/nio/fs/WindowsDirectoryStream$WindowsDirectoryIterator
instanceKlass java/nio/file/Files$1
instanceKlass java/nio/file/DirectoryStream$Filter
instanceKlass sun/nio/fs/WindowsFileSystem$1
instanceKlass java/nio/file/PathMatcher
instanceKlass sun/nio/fs/Globs
instanceKlass javax/crypto/JceSecurity
instanceKlass sun/security/jca/ProviderList$ServiceIterator
instanceKlass sun/security/jca/ServiceId
instanceKlass javax/crypto/Cipher$Transform
instanceKlass javax/crypto/Cipher
instanceKlass sun/security/ssl/SSLCipher$StreamWriteCipherGenerator
instanceKlass sun/security/ssl/SSLCipher$StreamReadCipherGenerator
instanceKlass sun/security/ssl/SSLCipher$NullWriteCipherGenerator
instanceKlass sun/security/ssl/SSLCipher$WriteCipherGenerator
instanceKlass sun/security/ssl/SSLCipher$NullReadCipherGenerator
instanceKlass sun/security/ssl/SSLCipher$ReadCipherGenerator
instanceKlass  @bci sun/security/util/DisabledAlgorithmConstraints checkDisabledPatterns (Ljava/lang/String;)Z 17 <appendix> member <vmtarget> ; # sun/security/util/DisabledAlgorithmConstraints$$Lambda+0x0000000020178e28
instanceKlass java/time/zone/ZoneOffsetTransition
instanceKlass java/time/LocalTime
instanceKlass java/time/Instant
instanceKlass java/time/temporal/ValueRange
instanceKlass java/time/temporal/TemporalField
instanceKlass java/time/LocalDate
instanceKlass java/time/chrono/ChronoLocalDate
instanceKlass java/time/ZonedDateTime
instanceKlass java/time/chrono/ChronoZonedDateTime
instanceKlass java/time/LocalDateTime
instanceKlass java/time/chrono/ChronoLocalDateTime
instanceKlass java/time/temporal/Temporal
instanceKlass java/time/zone/ZoneOffsetTransitionRule
instanceKlass java/time/zone/ZoneRules
instanceKlass java/time/temporal/TemporalAdjuster
instanceKlass java/time/temporal/TemporalAccessor
instanceKlass sun/security/util/DisabledAlgorithmConstraints$Constraints$Holder
instanceKlass sun/security/util/DisabledAlgorithmConstraints$Constraint
instanceKlass sun/security/util/DisabledAlgorithmConstraints$Constraints
instanceKlass sun/security/util/AlgorithmDecomposer
instanceKlass sun/security/util/AbstractAlgorithmConstraints
instanceKlass sun/security/ssl/SSLAlgorithmConstraints
instanceKlass java/security/AlgorithmConstraints
instanceKlass sun/security/ssl/SSLLogger
instanceKlass java/security/spec/ECFieldF2m
instanceKlass sun/security/util/ObjectIdentifier
instanceKlass sun/security/util/ByteArrayTagOrder
instanceKlass sun/security/util/ByteArrayLexOrder
instanceKlass sun/security/util/DerEncoder
instanceKlass java/security/spec/ECParameterSpec
instanceKlass java/security/spec/ECPoint
instanceKlass java/security/spec/EllipticCurve
instanceKlass java/security/spec/ECFieldFp
instanceKlass java/security/spec/ECField
instanceKlass sun/security/util/CurveDB
instanceKlass sun/security/rsa/SunRsaSignEntries
instanceKlass sun/security/jca/GetInstance
instanceKlass javax/net/ssl/SSLContextSpi
instanceKlass javax/net/ssl/SSLContext
instanceKlass javax/net/ssl/SSLSocketFactory$DefaultFactoryHolder
instanceKlass javax/net/SocketFactory
instanceKlass java/net/SocketAddress
instanceKlass org/apache/http/conn/socket/PlainConnectionSocketFactory
instanceKlass org/apache/http/conn/socket/ConnectionSocketFactory
instanceKlass org/apache/http/config/RegistryBuilder
instanceKlass  @bci org/eclipse/aether/transport/http/GlobalState getConnectionManager (Lorg/eclipse/aether/transport/http/ConnMgrConfig;)Lorg/apache/http/conn/HttpClientConnectionManager; 5 <appendix> argL0 ; # org/eclipse/aether/transport/http/GlobalState$$Lambda+0x000000002016c910
instanceKlass org/apache/http/conn/HttpClientConnectionOperator
instanceKlass org/apache/http/conn/HttpConnectionFactory
instanceKlass org/apache/http/conn/SchemePortResolver
instanceKlass org/apache/http/conn/DnsResolver
instanceKlass javax/net/ssl/HostnameVerifier
instanceKlass org/eclipse/aether/transport/http/GlobalState
instanceKlass org/eclipse/aether/transport/http/ConnMgrConfig
instanceKlass org/eclipse/aether/transport/http/LocalState
instanceKlass org/eclipse/aether/repository/AuthenticationContext
instanceKlass org/apache/http/util/TextUtils
instanceKlass org/apache/http/util/Args
instanceKlass org/apache/http/HttpHost
instanceKlass org/apache/http/client/utils/URIUtils
instanceKlass org/eclipse/aether/transport/http/DeferredCredentialsProvider$Factory
instanceKlass org/apache/http/HttpEntityEnclosingRequest
instanceKlass org/apache/http/ConnectionReuseStrategy
instanceKlass org/eclipse/aether/spi/connector/transport/TransportTask
instanceKlass org/eclipse/aether/spi/connector/transport/AbstractTransporter
instanceKlass org/eclipse/aether/internal/impl/Maven2RepositoryLayoutFactory$Maven2RepositoryLayout
instanceKlass  @bci org/eclipse/aether/internal/impl/Maven2RepositoryLayoutFactory newInstance (Lorg/eclipse/aether/RepositorySystemSession;Lorg/eclipse/aether/repository/RemoteRepository;)Lorg/eclipse/aether/spi/connector/layout/RepositoryLayout; 141 <appendix> argL0 ; # org/eclipse/aether/internal/impl/Maven2RepositoryLayoutFactory$$Lambda+0x0000000020166130
instanceKlass  @bci java/util/stream/Collectors toSet ()Ljava/util/stream/Collector; 14 <appendix> argL0 ; # java/util/stream/Collectors$$Lambda+0x800000040
instanceKlass  @bci java/util/stream/Collectors toSet ()Ljava/util/stream/Collector; 9 <appendix> argL0 ; # java/util/stream/Collectors$$Lambda+0x800000038
instanceKlass  @bci java/util/stream/Collectors toSet ()Ljava/util/stream/Collector; 4 <appendix> argL0 ; # java/util/stream/Collectors$$Lambda+0x800000045
instanceKlass  @bci org/eclipse/aether/internal/impl/Maven2RepositoryLayoutFactory newInstance (Lorg/eclipse/aether/RepositorySystemSession;Lorg/eclipse/aether/repository/RemoteRepository;)Lorg/eclipse/aether/spi/connector/layout/RepositoryLayout; 111 <appendix> argL0 ; # org/eclipse/aether/internal/impl/Maven2RepositoryLayoutFactory$$Lambda+0x0000000020165ed8
instanceKlass  @bci org/eclipse/aether/internal/impl/checksum/DefaultChecksumAlgorithmFactorySelector selectList (Ljava/util/Collection;)Ljava/util/List; 7 <appendix> member <vmtarget> ; # org/eclipse/aether/internal/impl/checksum/DefaultChecksumAlgorithmFactorySelector$$Lambda+0x0000000020165c88
instanceKlass  @cpi com/sun/tools/javac/code/DeferredLintHandler 214 form vmentry <vmtarget> ; # java/lang/invoke/LambdaForm$DMH+0x0000000020168000
instanceKlass  @bci org/eclipse/aether/util/ConfigUtils parseCommaSeparatedNames (Ljava/lang/String;)Ljava/util/List; 27 <appendix> argL0 ; # org/eclipse/aether/util/ConfigUtils$$Lambda+0x0000000020165a30
instanceKlass org/eclipse/aether/spi/connector/transport/TransportListener
instanceKlass org/eclipse/aether/connector/basic/BasicRepositoryConnector
instanceKlass org/eclipse/aether/repository/AuthenticationDigest
instanceKlass sun/nio/fs/WindowsDirectoryStream
instanceKlass java/nio/file/DirectoryStream
instanceKlass sun/nio/fs/WindowsFileSystemProvider$1
instanceKlass org/eclipse/aether/resolution/ResolutionErrorPolicyRequest
instanceKlass  @bci org/eclipse/aether/named/support/NamedLockFactorySupport closeLock (Ljava/lang/String;)V 6 <appendix> member <vmtarget> ; # org/eclipse/aether/named/support/NamedLockFactorySupport$$Lambda+0x0000000020164058
instanceKlass org/eclipse/aether/internal/impl/DefaultArtifactResolver$ResolutionItem
instanceKlass org/eclipse/aether/internal/impl/Utils
instanceKlass org/eclipse/aether/repository/LocalArtifactRequest
instanceKlass org/apache/maven/repository/internal/DefaultVersionResolver$Key
instanceKlass org/eclipse/aether/internal/impl/DefaultRepositoryEventDispatcher$1
instanceKlass org/eclipse/aether/RepositoryEvent$Builder
instanceKlass org/eclipse/aether/internal/impl/filter/RemoteRepositoryFilterSourceSupport$SimpleResult
instanceKlass  @bci org/eclipse/aether/internal/impl/filter/DefaultRemoteRepositoryFilterManager getRemoteRepositoryFilter (Lorg/eclipse/aether/RepositorySystemSession;)Lorg/eclipse/aether/spi/connector/filter/RemoteRepositoryFilter; 11 <appendix> member <vmtarget> ; # org/eclipse/aether/internal/impl/filter/DefaultRemoteRepositoryFilterManager$$Lambda+0x0000000020162b10
instanceKlass  @bci org/eclipse/aether/named/support/ReadWriteLockNamedLock <init> (Ljava/lang/String;Lorg/eclipse/aether/named/support/NamedLockFactorySupport;Ljava/util/concurrent/locks/ReadWriteLock;)V 7 <appendix> argL0 ; # org/eclipse/aether/named/support/ReadWriteLockNamedLock$$Lambda+0x0000000020162498
instanceKlass org/eclipse/aether/named/support/Retry$DoNotRetry
instanceKlass  @bci org/eclipse/aether/named/support/NamedLockFactorySupport getLock (Ljava/lang/String;)Lorg/eclipse/aether/named/support/NamedLockSupport; 6 <appendix> member <vmtarget> ; # org/eclipse/aether/named/support/NamedLockFactorySupport$$Lambda+0x0000000020161ff0
instanceKlass java/time/temporal/TemporalUnit
instanceKlass java/time/Duration
instanceKlass java/time/temporal/TemporalAmount
instanceKlass org/eclipse/aether/internal/impl/synccontext/named/NamedLockFactoryAdapter$AdaptedLockSyncContext
instanceKlass org/eclipse/aether/internal/impl/synccontext/named/GAVNameMapper
instanceKlass org/eclipse/aether/internal/impl/synccontext/named/NameMappers
instanceKlass org/eclipse/sisu/wire/NamedIterableAdapter$NamedEntry
instanceKlass org/eclipse/sisu/wire/NamedIterableAdapter$NamedIterator
instanceKlass  @bci org/eclipse/aether/DefaultSessionData computeIfAbsent (Ljava/lang/Object;Ljava/util/function/Supplier;)Ljava/lang/Object; 6 <appendix> member <vmtarget> ; # org/eclipse/aether/DefaultSessionData$$Lambda+0x0000000020161230
instanceKlass  @bci org/eclipse/aether/internal/impl/synccontext/DefaultSyncContextFactory newInstance (Lorg/eclipse/aether/RepositorySystemSession;Z)Lorg/eclipse/aether/SyncContext; 18 <appendix> member <vmtarget> ; # org/eclipse/aether/internal/impl/synccontext/DefaultSyncContextFactory$$Lambda+0x0000000020161000
instanceKlass org/apache/maven/project/ReactorModelPool$CacheKey
instanceKlass org/eclipse/aether/util/version/GenericVersion$Item
instanceKlass org/eclipse/aether/util/version/GenericVersion$Tokenizer
instanceKlass org/eclipse/aether/util/version/GenericVersion
instanceKlass org/eclipse/aether/util/version/GenericVersionConstraint
instanceKlass org/eclipse/aether/version/VersionRange
instanceKlass org/eclipse/aether/version/VersionConstraint
instanceKlass org/eclipse/aether/util/version/GenericVersionScheme
instanceKlass org/eclipse/aether/artifact/AbstractArtifact
instanceKlass org/apache/maven/repository/internal/DefaultModelCache$Key
instanceKlass org/apache/maven/model/building/ModelCacheTag$2
instanceKlass org/apache/maven/model/building/ModelCacheTag$1
instanceKlass  @bci org/apache/maven/model/profile/DefaultProfileActivationContext setProjectProperties (Ljava/util/Properties;)Lorg/apache/maven/model/profile/DefaultProfileActivationContext; 27 <appendix> argL0 ; # org/apache/maven/model/profile/DefaultProfileActivationContext$$Lambda+0x00000000201596e0
instanceKlass  @bci org/apache/maven/model/profile/DefaultProfileActivationContext setProjectProperties (Ljava/util/Properties;)Lorg/apache/maven/model/profile/DefaultProfileActivationContext; 19 <appendix> argL0 ; # org/apache/maven/model/profile/DefaultProfileActivationContext$$Lambda+0x0000000020159498
instanceKlass  @bci org/apache/maven/model/profile/DefaultProfileActivationContext setProjectProperties (Ljava/util/Properties;)Lorg/apache/maven/model/profile/DefaultProfileActivationContext; 14 <appendix> argL0 ; # org/apache/maven/model/profile/DefaultProfileActivationContext$$Lambda+0x0000000020159250
instanceKlass  @bci org/apache/maven/model/building/DefaultModelBuilder getProfileActivationContext (Lorg/apache/maven/model/building/ModelBuildingRequest;Lorg/apache/maven/model/Model;)Lorg/apache/maven/model/profile/DefaultProfileActivationContext; 55 <appendix> member <vmtarget> ; # org/apache/maven/model/building/DefaultModelBuilder$$Lambda+0x0000000020159000
instanceKlass org/apache/maven/model/building/ModelProblemUtils
instanceKlass org/apache/maven/model/io/xpp3/MavenXpp3ReaderEx$Xpp3DomBuilderInputLocationBuilder
instanceKlass org/apache/maven/model/Scm
instanceKlass org/apache/maven/model/License
instanceKlass org/apache/maven/model/Parent
instanceKlass org/apache/maven/model/io/xpp3/MavenXpp3ReaderEx$1
instanceKlass org/codehaus/plexus/util/xml/Xpp3DomBuilder$InputLocationBuilder
instanceKlass org/apache/maven/model/io/xpp3/MavenXpp3ReaderEx$ContentTransformer
instanceKlass org/apache/maven/model/io/xpp3/MavenXpp3ReaderEx
instanceKlass org/apache/maven/model/building/ModelSource2
instanceKlass org/apache/maven/model/building/DefaultModelBuildingResult
instanceKlass org/apache/maven/model/building/AbstractModelBuildingListener
instanceKlass org/apache/maven/project/ProjectModelResolver
instanceKlass org/apache/maven/model/building/DefaultModelBuildingRequest
instanceKlass org/apache/maven/artifact/repository/LegacyLocalRepositoryManager
instanceKlass org/apache/maven/repository/internal/DefaultModelCache
instanceKlass org/apache/maven/project/DefaultProjectBuildingRequest
instanceKlass org/apache/maven/shared/utils/logging/AnsiMessageBuilder
instanceKlass org/netbeans/shaded/json/simple/JSONValue
instanceKlass org/netbeans/shaded/json/simple/JSONStreamAware
instanceKlass org/netbeans/shaded/json/simple/JSONAware
instanceKlass org/apache/maven/lifecycle/internal/DefaultExecutionEventCatapult$1
instanceKlass org/apache/maven/lifecycle/internal/DefaultExecutionEvent
instanceKlass org/apache/maven/AbstractMavenLifecycleParticipant
instanceKlass java/util/concurrent/atomic/AtomicReference
instanceKlass org/apache/maven/session/scope/internal/SessionScope$CachingProvider
instanceKlass  @bci org/apache/maven/session/scope/internal/SessionScope seed (Ljava/lang/Class;Ljava/lang/Object;)V 3 <appendix> member <vmtarget> ; # org/apache/maven/session/scope/internal/SessionScope$$Lambda+0x000000002015cd90
instanceKlass org/apache/maven/settings/RuntimeInfo
instanceKlass org/eclipse/aether/internal/impl/LocalPathPrefixComposerFactorySupport$LocalPathPrefixComposerSupport
instanceKlass org/eclipse/aether/internal/impl/SimpleLocalRepositoryManager
instanceKlass java/util/ArrayList$SubList$1
instanceKlass org/eclipse/aether/internal/impl/PrioritizedComponent
instanceKlass org/eclipse/sisu/wire/EntrySetAdapter$ValueIterator
instanceKlass org/eclipse/aether/internal/impl/PrioritizedComponents
instanceKlass  @bci org/apache/maven/RepositoryUtils toRepos (Ljava/util/List;)Ljava/util/List; 18 <appendix> argL0 ; # org/apache/maven/RepositoryUtils$$Lambda+0x00000000201574d0
instanceKlass java/util/Spliterators$EmptySpliterator
instanceKlass org/eclipse/aether/repository/RemoteRepository$Builder
instanceKlass java/net/spi/URLStreamHandlerProvider
instanceKlass jdk/internal/misc/ThreadTracker
instanceKlass java/net/URL$ThreadTrackHolder
instanceKlass org/eclipse/aether/util/ConfigUtils
instanceKlass org/eclipse/aether/AbstractRepositoryListener
instanceKlass org/eclipse/aether/util/repository/DefaultAuthenticationSelector
instanceKlass org/eclipse/aether/util/repository/DefaultProxySelector
instanceKlass org/eclipse/aether/util/repository/DefaultMirrorSelector$MirrorDef
instanceKlass org/eclipse/aether/util/repository/DefaultMirrorSelector
instanceKlass org/apache/maven/settings/crypto/DefaultSettingsDecryptionResult
instanceKlass org/apache/maven/settings/crypto/DefaultSettingsDecryptionRequest
instanceKlass org/apache/maven/RepositoryUtils$MavenArtifactTypeRegistry
instanceKlass org/apache/maven/RepositoryUtils
instanceKlass org/eclipse/aether/util/repository/SimpleResolutionErrorPolicy
instanceKlass  @bci java/util/stream/Collectors mapMerger (Ljava/util/function/BinaryOperator;)Ljava/util/function/BinaryOperator; 1 <appendix> member <vmtarget> ; # java/util/stream/Collectors$$Lambda+0x000000002003ccf8
instanceKlass  @bci java/util/stream/Collectors toMap (Ljava/util/function/Function;Ljava/util/function/Function;Ljava/util/function/BinaryOperator;Ljava/util/function/Supplier;)Ljava/util/stream/Collector; 3 <appendix> member <vmtarget> ; # java/util/stream/Collectors$$Lambda+0x000000002003cab8
instanceKlass  @cpi java/util/stream/Collectors 1304 form vmentry <vmtarget> ; # java/lang/invoke/LambdaForm$DMH+0x0000000020158000
instanceKlass  @bci java/util/stream/Collectors toMap (Ljava/util/function/Function;Ljava/util/function/Function;Ljava/util/function/BinaryOperator;)Ljava/util/stream/Collector; 3 <appendix> argL0 ; # java/util/stream/Collectors$$Lambda+0x000000002003c890
instanceKlass  @bci org/apache/maven/internal/aether/DefaultRepositorySystemSessionFactory getPropertiesFromRequestedProfiles (Lorg/apache/maven/execution/MavenExecutionRequest;)Ljava/util/Map; 59 <appendix> argL0 ; # org/apache/maven/internal/aether/DefaultRepositorySystemSessionFactory$$Lambda+0x0000000020155398
instanceKlass  @bci org/apache/maven/internal/aether/DefaultRepositorySystemSessionFactory getPropertiesFromRequestedProfiles (Lorg/apache/maven/execution/MavenExecutionRequest;)Ljava/util/Map; 54 <appendix> argL0 ; # org/apache/maven/internal/aether/DefaultRepositorySystemSessionFactory$$Lambda+0x0000000020155150
instanceKlass  @bci org/apache/maven/internal/aether/DefaultRepositorySystemSessionFactory getPropertiesFromRequestedProfiles (Lorg/apache/maven/execution/MavenExecutionRequest;)Ljava/util/Map; 49 <appendix> argL0 ; # org/apache/maven/internal/aether/DefaultRepositorySystemSessionFactory$$Lambda+0x0000000020154f08
instanceKlass  @bci org/apache/maven/internal/aether/DefaultRepositorySystemSessionFactory getPropertiesFromRequestedProfiles (Lorg/apache/maven/execution/MavenExecutionRequest;)Ljava/util/Map; 39 <appendix> argL0 ; # org/apache/maven/internal/aether/DefaultRepositorySystemSessionFactory$$Lambda+0x0000000020154cc0
instanceKlass  @bci org/apache/maven/internal/aether/DefaultRepositorySystemSessionFactory getPropertiesFromRequestedProfiles (Lorg/apache/maven/execution/MavenExecutionRequest;)Ljava/util/Map; 29 <appendix> argL0 ; # org/apache/maven/internal/aether/DefaultRepositorySystemSessionFactory$$Lambda+0x0000000020154a78
instanceKlass  @bci org/apache/maven/internal/aether/DefaultRepositorySystemSessionFactory getPropertiesFromRequestedProfiles (Lorg/apache/maven/execution/MavenExecutionRequest;)Ljava/util/Map; 19 <appendix> member <vmtarget> ; # org/apache/maven/internal/aether/DefaultRepositorySystemSessionFactory$$Lambda+0x0000000020154818
instanceKlass org/eclipse/aether/util/repository/SimpleArtifactDescriptorPolicy
instanceKlass org/eclipse/aether/artifact/DefaultArtifactType
instanceKlass org/eclipse/aether/util/artifact/SimpleArtifactTypeRegistry
instanceKlass org/eclipse/aether/util/graph/transformer/JavaDependencyContextRefiner
instanceKlass org/eclipse/aether/util/graph/transformer/ChainedDependencyGraphTransformer
instanceKlass org/eclipse/aether/util/graph/transformer/ConflictResolver
instanceKlass org/eclipse/aether/graph/Exclusion
instanceKlass org/eclipse/aether/util/graph/selector/ExclusionDependencySelector
instanceKlass org/eclipse/aether/util/graph/selector/OptionalDependencySelector
instanceKlass org/eclipse/aether/util/graph/selector/ScopeDependencySelector
instanceKlass org/eclipse/aether/util/graph/selector/AndDependencySelector
instanceKlass org/eclipse/aether/util/graph/manager/ClassicDependencyManager
instanceKlass org/eclipse/aether/util/graph/traverser/FatArtifactTraverser
instanceKlass org/eclipse/aether/DefaultSessionData
instanceKlass org/eclipse/aether/DefaultRepositorySystemSession$NullFileTransformerManager
instanceKlass org/eclipse/aether/transform/FileTransformerManager
instanceKlass org/eclipse/aether/DefaultRepositorySystemSession$NullArtifactTypeRegistry
instanceKlass org/eclipse/aether/DefaultRepositorySystemSession$NullAuthenticationSelector
instanceKlass org/eclipse/aether/DefaultRepositorySystemSession$NullProxySelector
instanceKlass org/eclipse/aether/DefaultRepositorySystemSession$NullMirrorSelector
instanceKlass org/eclipse/aether/SessionData
instanceKlass org/eclipse/aether/artifact/ArtifactTypeRegistry
instanceKlass org/eclipse/aether/collection/DependencyGraphTransformer
instanceKlass org/eclipse/aether/util/graph/transformer/ConflictResolver$VersionSelector
instanceKlass org/eclipse/aether/util/graph/transformer/ConflictResolver$ScopeSelector
instanceKlass org/eclipse/aether/util/graph/transformer/ConflictResolver$OptionalitySelector
instanceKlass org/eclipse/aether/util/graph/transformer/ConflictResolver$ScopeDeriver
instanceKlass org/apache/maven/repository/internal/MavenRepositorySystemUtils
instanceKlass org/apache/maven/execution/DefaultMavenExecutionResult
instanceKlass org/apache/maven/artifact/repository/MavenArtifactRepository
instanceKlass org/apache/maven/artifact/repository/layout/ArtifactRepositoryLayout2
instanceKlass org/apache/maven/artifact/repository/layout/DefaultRepositoryLayout$$FastClassByGuice$$191433669
instanceKlass org/apache/maven/execution/AbstractExecutionListener
instanceKlass org/eclipse/aether/transfer/AbstractTransferListener
instanceKlass org/apache/maven/toolchain/building/DefaultToolchainsBuildingResult
instanceKlass org/apache/maven/toolchain/building/DefaultToolchainsBuilder$1
instanceKlass org/apache/maven/toolchain/model/io/xpp3/MavenToolchainsXpp3Writer
instanceKlass org/apache/maven/toolchain/model/io/xpp3/MavenToolchainsXpp3Reader$1
instanceKlass org/apache/maven/toolchain/model/io/xpp3/MavenToolchainsXpp3Reader$ContentTransformer
instanceKlass org/apache/maven/toolchain/model/io/xpp3/MavenToolchainsXpp3Reader
instanceKlass org/apache/maven/building/DefaultProblemCollector
instanceKlass org/apache/maven/building/ProblemCollectorFactory
instanceKlass org/apache/maven/toolchain/building/DefaultToolchainsBuildingRequest
instanceKlass org/apache/maven/settings/building/DefaultSettingsBuildingResult
instanceKlass org/apache/maven/settings/building/DefaultSettingsBuilder$1
instanceKlass org/codehaus/plexus/interpolation/os/OperatingSystemUtils$DefaultEnvVarSource
instanceKlass org/codehaus/plexus/interpolation/os/OperatingSystemUtils$EnvVarSource
instanceKlass org/codehaus/plexus/interpolation/os/OperatingSystemUtils
instanceKlass org/codehaus/plexus/util/xml/pull/MXSerializer
instanceKlass org/codehaus/plexus/util/xml/pull/XmlSerializer
instanceKlass org/apache/maven/settings/io/xpp3/SettingsXpp3Writer
instanceKlass org/codehaus/plexus/util/xml/pull/EntityReplacementMap
instanceKlass org/apache/maven/settings/io/xpp3/SettingsXpp3Reader$1
instanceKlass org/apache/maven/settings/io/xpp3/SettingsXpp3Reader$ContentTransformer
instanceKlass org/apache/maven/settings/io/xpp3/SettingsXpp3Reader
instanceKlass org/apache/maven/building/FileSource
instanceKlass org/apache/maven/settings/building/DefaultSettingsBuildingRequest
instanceKlass  @bci java/util/regex/CharPredicates ASCII_WORD ()Ljava/util/regex/Pattern$BmpCharPredicate; 0 <appendix> argL0 ; # java/util/regex/CharPredicates$$Lambda+0x000000002003c1e0
instanceKlass org/apache/maven/graph/DefaultGraphBuilder$$FastClassByGuice$$190078855
instanceKlass jdk/internal/math/ToDecimal
instanceKlass org/apache/maven/plugin/prefix/internal/DefaultPluginPrefixResolver$$FastClassByGuice$$189105960
instanceKlass org/apache/maven/plugin/CompoundMojoExecutionListener
instanceKlass org/apache/maven/plugin/DefaultBuildPluginManager$$FastClassByGuice$$187873053
instanceKlass org/apache/maven/lifecycle/internal/DefaultLifecycleTaskSegmentCalculator$$FastClassByGuice$$186898034
instanceKlass org/apache/maven/lifecycle/internal/DefaultExecutionEventCatapult$$FastClassByGuice$$185786557
instanceKlass org/apache/maven/project/DefaultProjectDependenciesResolver$$FastClassByGuice$$185361293
instanceKlass org/apache/maven/project/RepositorySessionDecorator
instanceKlass org/apache/maven/plugin/DefaultPluginArtifactsCache$$FastClassByGuice$$183990664
instanceKlass com/google/inject/internal/DelegatingInvocationHandler
instanceKlass org/apache/maven/artifact/repository/metadata/io/DefaultMetadataReader$$FastClassByGuice$$183406455
instanceKlass org/apache/maven/plugin/version/internal/DefaultPluginVersionResolver$$FastClassByGuice$$182195332
instanceKlass org/apache/maven/plugin/DefaultExtensionRealmCache$$FastClassByGuice$$180547076
instanceKlass org/apache/maven/rtinfo/internal/DefaultRuntimeInformation$$FastClassByGuice$$180141452
instanceKlass org/apache/maven/plugin/DefaultPluginRealmCache$$FastClassByGuice$$178439152
instanceKlass org/apache/maven/plugin/DefaultPluginDescriptorCache$$FastClassByGuice$$178021845
instanceKlass org/apache/maven/plugin/internal/DefaultMavenPluginManager$$FastClassByGuice$$177200341
instanceKlass  @bci sun/security/provider/AbstractDrbg <clinit> ()V 12 <appendix> argL0 ; # sun/security/provider/AbstractDrbg$$Lambda+0x000000002003bfb8
instanceKlass  @cpi sun/security/provider/AbstractDrbg 383 form vmentry <vmtarget> ; # java/lang/invoke/LambdaForm$DMH+0x000000002014c800
# instanceKlass java/lang/invoke/LambdaForm$DMH+0x000000002014c400
instanceKlass sun/security/provider/EntropySource
instanceKlass sun/security/provider/AbstractDrbg
instanceKlass java/security/DrbgParameters$Instantiation
instanceKlass java/security/DrbgParameters
instanceKlass sun/security/provider/MoreDrbgParameters
instanceKlass java/security/SecureRandomSpi
instanceKlass jdk/internal/event/Event
instanceKlass sun/security/util/SecurityProviderConstants
instanceKlass java/security/Provider$UString
instanceKlass java/security/Provider$Service
instanceKlass sun/security/provider/NativePRNG$NonBlocking
instanceKlass sun/security/provider/NativePRNG$Blocking
instanceKlass sun/security/provider/NativePRNG
instanceKlass sun/security/provider/SunEntries
instanceKlass java/security/Permission
instanceKlass java/security/Guard
instanceKlass sun/security/util/SecurityConstants
instanceKlass java/security/Security$2
instanceKlass jdk/internal/access/JavaSecurityPropertiesAccess
instanceKlass java/security/Security$SecPropLoader
instanceKlass java/security/Security
instanceKlass jdk/internal/math/FloatingDecimal$ASCIIToBinaryBuffer
instanceKlass jdk/internal/math/MathUtils
instanceKlass jdk/internal/math/FloatingDecimal$PreparedASCIIToBinaryBuffer
instanceKlass jdk/internal/math/FloatingDecimal$ASCIIToBinaryConverter
instanceKlass jdk/internal/math/FloatingDecimal$BinaryToASCIIBuffer
instanceKlass jdk/internal/math/FloatingDecimal$ExceptionalBinaryToASCIIBuffer
instanceKlass jdk/internal/math/FloatingDecimal$BinaryToASCIIConverter
instanceKlass jdk/internal/math/FloatingDecimal
instanceKlass javax/security/auth/login/Configuration$Parameters
instanceKlass java/security/Policy$Parameters
instanceKlass javax/crypto/KDFParameters
instanceKlass java/security/cert/CertStoreParameters
instanceKlass java/security/SecureRandomParameters
instanceKlass java/security/Provider$EngineDescription
instanceKlass  @bci java/security/Provider <clinit> ()V 28 <appendix> argL0 ; # java/security/Provider$$Lambda+0x00000000200378e0
instanceKlass java/security/Provider$ServiceKey
instanceKlass sun/security/jca/ProviderConfig
instanceKlass sun/security/jca/ProviderList
instanceKlass sun/security/jca/Providers
instanceKlass java/security/Key
instanceKlass java/security/spec/AlgorithmParameterSpec
instanceKlass org/apache/maven/repository/DefaultMirrorSelector$$FastClassByGuice$$175872093
instanceKlass org/apache/maven/repository/legacy/repository/DefaultArtifactRepositoryFactory$$FastClassByGuice$$175108537
instanceKlass org/eclipse/aether/artifact/ArtifactType
instanceKlass  @bci org/eclipse/aether/internal/impl/synccontext/named/NamedLockFactoryAdapterFactoryImpl <init> (Ljava/util/Map;Ljava/lang/String;Ljava/util/Map;Ljava/lang/String;Lorg/eclipse/aether/impl/RepositorySystemLifecycle;)V 63 <appendix> member <vmtarget> ; # org/eclipse/aether/internal/impl/synccontext/named/NamedLockFactoryAdapterFactoryImpl$$Lambda+0x0000000020148250
instanceKlass  @cpi javax/crypto/spec/SecretKeySpec 169 form vmentry <vmtarget> ; # java/lang/invoke/LambdaForm$DMH+0x000000002014c000
instanceKlass org/eclipse/sisu/wire/NamedIterableAdapter
instanceKlass org/eclipse/aether/internal/impl/DefaultUpdateCheckManager$1
instanceKlass org/apache/maven/project/artifact/DefaultMavenMetadataCache$$FastClassByGuice$$173018636
instanceKlass org/apache/maven/repository/legacy/DefaultUpdateCheckManager$$FastClassByGuice$$172592581
instanceKlass org/apache/maven/repository/legacy/DefaultWagonManager$$FastClassByGuice$$171849739
instanceKlass org/apache/maven/artifact/repository/metadata/DefaultRepositoryMetadataManager$$FastClassByGuice$$170495207
instanceKlass org/apache/maven/project/artifact/DefaultMetadataSource$$FastClassByGuice$$168981128
instanceKlass org/apache/maven/artifact/resolver/DefaultResolutionErrorHandler$$FastClassByGuice$$168669204
instanceKlass org/apache/maven/plugin/internal/DefaultLegacySupport$$FastClassByGuice$$166824644
instanceKlass org/apache/maven/repository/legacy/resolver/conflict/NearestConflictResolver$$FastClassByGuice$$165734734
instanceKlass org/apache/maven/artifact/resolver/DefaultArtifactCollector$$FastClassByGuice$$165069854
instanceKlass jdk/internal/vm/ThreadContainers
instanceKlass jdk/internal/vm/StackableScope
instanceKlass org/apache/maven/artifact/resolver/DefaultArtifactResolver$DaemonThreadCreator
instanceKlass java/util/concurrent/ThreadPoolExecutor$AbortPolicy
instanceKlass java/util/concurrent/RejectedExecutionHandler
instanceKlass java/util/concurrent/AbstractExecutorService
instanceKlass java/util/concurrent/ExecutorService
instanceKlass org/apache/maven/artifact/resolver/DefaultArtifactResolver$$FastClassByGuice$$163979194
instanceKlass org/apache/maven/artifact/handler/manager/DefaultArtifactHandlerManager$$FastClassByGuice$$162767513
instanceKlass org/apache/maven/artifact/factory/DefaultArtifactFactory$$FastClassByGuice$$162230976
instanceKlass org/apache/maven/repository/legacy/LegacyRepositorySystem$$FastClassByGuice$$161083537
instanceKlass org/apache/maven/project/DefaultProjectRealmCache$$FastClassByGuice$$159401309
instanceKlass org/codehaus/plexus/classworlds/realm/Entry
instanceKlass java/util/Random
instanceKlass java/util/random/RandomGenerator
instanceKlass org/eclipse/sisu/inject/Guice4$2
instanceKlass org/apache/maven/project/DefaultProjectBuildingHelper$$FastClassByGuice$$159055899
instanceKlass org/apache/maven/lifecycle/internal/DefaultLifecyclePluginAnalyzer$$FastClassByGuice$$157295801
instanceKlass org/apache/maven/model/plugin/DefaultLifecycleBindingsInjector$$FastClassByGuice$$156720463
instanceKlass org/apache/maven/model/Contributor
instanceKlass org/apache/maven/model/PatternSet
instanceKlass org/apache/maven/model/merge/ModelMerger$KeyComputer
instanceKlass org/apache/maven/model/merge/ModelMerger$Remapping
instanceKlass org/apache/maven/project/DefaultProjectBuilder$$FastClassByGuice$$155695834
instanceKlass org/apache/maven/DefaultMaven$$FastClassByGuice$$154813984
instanceKlass org/apache/maven/cli/event/DefaultEventSpyContext
instanceKlass jdk/internal/invoke/MhUtil
instanceKlass org/eclipse/sisu/wire/EntryListAdapter$ValueIterator
# instanceKlass java/lang/invoke/LambdaForm$MH+0x0000000020144400
# instanceKlass java/lang/invoke/LambdaForm$MH+0x0000000020144000
# instanceKlass java/lang/invoke/LambdaForm$MH+0x000000002013cc00
instanceKlass org/apache/maven/cli/logging/Slf4jLogger
instanceKlass org/eclipse/sisu/inject/LazyBeanEntry$JsrNamed
instanceKlass org/eclipse/sisu/inject/LazyBeanEntry
instanceKlass javax/annotation/Priority
instanceKlass org/eclipse/sisu/inject/Implementations
instanceKlass org/eclipse/sisu/plexus/LazyPlexusBean
instanceKlass org/eclipse/sisu/inject/RankedSequence$Itr
instanceKlass org/eclipse/sisu/inject/RankedBindings$Itr
instanceKlass org/eclipse/sisu/inject/LocatedBeans$Itr
instanceKlass org/eclipse/sisu/plexus/RealmFilteredBeans$FilteredItr
instanceKlass org/eclipse/sisu/plexus/DefaultPlexusBeans$Itr
instanceKlass org/eclipse/sisu/plexus/DefaultPlexusBeans
instanceKlass org/eclipse/sisu/plexus/RealmFilteredBeans
instanceKlass org/eclipse/sisu/inject/BeanCache
instanceKlass org/eclipse/sisu/inject/LocatedBeans
instanceKlass org/eclipse/sisu/inject/MildElements$Indexable
instanceKlass com/google/inject/internal/ProviderInternalFactory$1
instanceKlass com/google/inject/internal/ConstructorInjector$1
instanceKlass  @bci jdk/internal/reflect/MethodHandleObjectFieldAccessorImpl set (Ljava/lang/Object;Ljava/lang/Object;)V 41 <adapter> ; # java/lang/invoke/LambdaForm$MH+0x000000002013c800
# instanceKlass java/lang/invoke/LambdaForm$MH+0x000000002013c400
# instanceKlass java/lang/invoke/LambdaForm$MH+0x000000002013c000
instanceKlass org/eclipse/sisu/inject/WatchedBeans
instanceKlass org/eclipse/sisu/inject/MildValues$ValueItr
instanceKlass org/eclipse/sisu/inject/InjectorBindings
instanceKlass com/google/inject/spi/ProvisionListener$ProvisionInvocation
instanceKlass com/google/inject/internal/MembersInjectorImpl$1
instanceKlass com/google/inject/internal/InternalContext
instanceKlass com/google/inject/internal/Initializer$1
instanceKlass com/google/common/collect/AbstractMapBasedMultimap$AsMap$AsMapIterator
instanceKlass org/codehaus/plexus/DefaultPlexusContainer$$FastClassByGuice$$153589812
instanceKlass org/eclipse/sisu/wire/TypeConverterCache$$FastClassByGuice$$152210051
instanceKlass com/google/inject/internal/SingleMethodInjector$1
instanceKlass org/eclipse/sisu/inject/DefaultBeanLocator$$FastClassByGuice$$152024513
instanceKlass com/google/inject/internal/InjectorImpl$MethodInvoker
instanceKlass com/google/inject/internal/SingleMethodInjector
instanceKlass org/eclipse/sisu/plexus/PlexusXmlBeanConverter$$FastClassByGuice$$150454731
instanceKlass org/sonatype/plexus/components/sec/dispatcher/DefaultSecDispatcher$$FastClassByGuice$$149549064
instanceKlass org/sonatype/plexus/components/cipher/DefaultPlexusCipher$$FastClassByGuice$$148225510
instanceKlass org/codehaus/plexus/component/configurator/MapOrientedComponentConfigurator$$FastClassByGuice$$147237927
instanceKlass org/codehaus/plexus/component/configurator/BasicComponentConfigurator$$FastClassByGuice$$145965703
instanceKlass org/apache/maven/settings/validation/DefaultSettingsValidator$$FastClassByGuice$$145265853
instanceKlass org/apache/maven/settings/io/DefaultSettingsWriter$$FastClassByGuice$$144304046
instanceKlass org/apache/maven/settings/io/DefaultSettingsReader$$FastClassByGuice$$143132599
instanceKlass org/apache/maven/settings/crypto/DefaultSettingsDecrypter$$FastClassByGuice$$142570680
instanceKlass org/apache/maven/settings/building/DefaultSettingsBuilder$$FastClassByGuice$$141211669
instanceKlass org/eclipse/aether/transport/wagon/WagonTransporterFactory$$FastClassByGuice$$139729367
instanceKlass org/eclipse/aether/internal/transport/wagon/PlexusWagonProvider$$FastClassByGuice$$138526918
instanceKlass org/eclipse/aether/internal/transport/wagon/PlexusWagonConfigurator$$FastClassByGuice$$137501881
instanceKlass org/eclipse/aether/transport/http/XChecksumChecksumExtractor$$FastClassByGuice$$137299146
instanceKlass org/eclipse/aether/transport/http/Nexus2ChecksumExtractor$$FastClassByGuice$$136259057
instanceKlass org/eclipse/aether/transport/http/HttpTransporterFactory$$FastClassByGuice$$135255877
instanceKlass org/eclipse/aether/transport/file/FileTransporterFactory$$FastClassByGuice$$134063865
instanceKlass org/apache/maven/repository/internal/VersionsMetadataGeneratorFactory$$FastClassByGuice$$132594639
instanceKlass org/apache/maven/repository/internal/SnapshotMetadataGeneratorFactory$$FastClassByGuice$$131851432
instanceKlass org/apache/maven/repository/internal/PluginsMetadataGeneratorFactory$$FastClassByGuice$$130356174
instanceKlass org/apache/maven/repository/internal/DefaultVersionResolver$$FastClassByGuice$$129749120
instanceKlass org/apache/maven/repository/internal/DefaultVersionRangeResolver$$FastClassByGuice$$128240393
instanceKlass org/apache/maven/repository/internal/DefaultModelCacheFactory$$FastClassByGuice$$127575274
instanceKlass org/apache/maven/repository/internal/DefaultArtifactDescriptorReader$$FastClassByGuice$$125927803
instanceKlass org/eclipse/aether/named/providers/NoopNamedLockFactory$$FastClassByGuice$$124877488
instanceKlass org/eclipse/aether/named/providers/LocalSemaphoreNamedLockFactory$$FastClassByGuice$$124244434
instanceKlass org/eclipse/aether/named/providers/LocalReadWriteLockNamedLockFactory$$FastClassByGuice$$123462149
instanceKlass org/eclipse/aether/named/providers/FileLockNamedLockFactory$$FastClassByGuice$$121668529
instanceKlass org/eclipse/aether/internal/impl/synccontext/named/providers/StaticNameMapperProvider$$FastClassByGuice$$121617810
instanceKlass org/eclipse/aether/internal/impl/synccontext/named/providers/GAVNameMapperProvider$$FastClassByGuice$$120289468
instanceKlass org/eclipse/aether/internal/impl/synccontext/named/providers/FileStaticNameMapperProvider$$FastClassByGuice$$118967964
instanceKlass org/eclipse/aether/internal/impl/synccontext/named/providers/FileHashingGAVNameMapperProvider$$FastClassByGuice$$118306346
instanceKlass org/eclipse/aether/internal/impl/synccontext/named/providers/FileGAVNameMapperProvider$$FastClassByGuice$$116398768
instanceKlass org/eclipse/aether/internal/impl/synccontext/named/providers/DiscriminatingNameMapperProvider$$FastClassByGuice$$115860633
instanceKlass org/eclipse/aether/internal/impl/synccontext/named/NamedLockFactoryAdapterFactoryImpl$$FastClassByGuice$$114395773
instanceKlass org/eclipse/aether/internal/impl/synccontext/legacy/DefaultSyncContextFactory$$FastClassByGuice$$113698818
instanceKlass org/eclipse/aether/internal/impl/synccontext/DefaultSyncContextFactory$$FastClassByGuice$$112466006
instanceKlass org/eclipse/aether/internal/impl/slf4j/Slf4jLoggerFactory$$FastClassByGuice$$112023273
instanceKlass org/eclipse/aether/internal/impl/resolution/TrustedChecksumsArtifactResolverPostProcessor$$FastClassByGuice$$111092579
instanceKlass org/eclipse/aether/internal/impl/filter/PrefixesRemoteRepositoryFilterSource$$FastClassByGuice$$109382331
instanceKlass org/eclipse/aether/internal/impl/filter/GroupIdRemoteRepositoryFilterSource$$FastClassByGuice$$108129487
instanceKlass org/eclipse/aether/internal/impl/filter/DefaultRemoteRepositoryFilterManager$$FastClassByGuice$$107972703
instanceKlass org/eclipse/aether/internal/impl/collect/df/DfDependencyCollector$$FastClassByGuice$$106529640
instanceKlass org/eclipse/aether/internal/impl/collect/bf/BfDependencyCollector$$FastClassByGuice$$105427411
instanceKlass org/eclipse/aether/internal/impl/collect/DefaultDependencyCollector$$FastClassByGuice$$104586980
instanceKlass org/eclipse/aether/internal/impl/checksum/TrustedToProvidedChecksumsSourceAdapter$$FastClassByGuice$$103439772
instanceKlass org/eclipse/aether/internal/impl/checksum/SummaryFileTrustedChecksumsSource$$FastClassByGuice$$102071104
instanceKlass org/eclipse/aether/internal/impl/checksum/SparseDirectoryTrustedChecksumsSource$$FastClassByGuice$$101397144
instanceKlass org/eclipse/aether/internal/impl/checksum/Sha512ChecksumAlgorithmFactory$$FastClassByGuice$$100314576
instanceKlass org/eclipse/aether/internal/impl/checksum/Sha256ChecksumAlgorithmFactory$$FastClassByGuice$$99154534
instanceKlass org/eclipse/aether/internal/impl/checksum/Sha1ChecksumAlgorithmFactory$$FastClassByGuice$$98463941
instanceKlass  @bci com/google/inject/internal/aop/ImmutableStringTrie buildTrie (Ljava/util/Collection;)Ljava/util/function/ToIntFunction; 38 <appendix> argL0 ; # com/google/inject/internal/aop/ImmutableStringTrie$$Lambda+0x000000002012c700
instanceKlass org/eclipse/aether/internal/impl/checksum/Md5ChecksumAlgorithmFactory$$FastClassByGuice$$97401206
instanceKlass org/eclipse/aether/internal/impl/checksum/DefaultChecksumAlgorithmFactorySelector$$FastClassByGuice$$95642539
instanceKlass org/eclipse/aether/internal/impl/SimpleLocalRepositoryManagerFactory$$FastClassByGuice$$94796409
instanceKlass org/eclipse/aether/internal/impl/Maven2RepositoryLayoutFactory$$FastClassByGuice$$93565056
instanceKlass org/eclipse/aether/internal/impl/LoggerFactoryProvider$$FastClassByGuice$$93164246
instanceKlass org/eclipse/aether/internal/impl/EnhancedLocalRepositoryManagerFactory$$FastClassByGuice$$91369244
instanceKlass org/eclipse/aether/internal/impl/DefaultUpdatePolicyAnalyzer$$FastClassByGuice$$90331973
instanceKlass org/eclipse/aether/internal/impl/DefaultUpdateCheckManager$$FastClassByGuice$$89932350
instanceKlass org/eclipse/aether/internal/impl/DefaultTransporterProvider$$FastClassByGuice$$88765996
instanceKlass org/eclipse/aether/internal/impl/DefaultTrackingFileManager$$FastClassByGuice$$87391197
instanceKlass org/eclipse/aether/internal/impl/DefaultRepositorySystemLifecycle$$FastClassByGuice$$86710490
instanceKlass org/eclipse/aether/internal/impl/DefaultRepositorySystem$$FastClassByGuice$$85397248
instanceKlass org/eclipse/aether/internal/impl/DefaultRepositoryLayoutProvider$$FastClassByGuice$$84334607
instanceKlass org/eclipse/aether/internal/impl/DefaultRepositoryEventDispatcher$$FastClassByGuice$$83399381
instanceKlass org/eclipse/aether/internal/impl/DefaultRepositoryConnectorProvider$$FastClassByGuice$$81954922
instanceKlass org/eclipse/aether/internal/impl/DefaultRemoteRepositoryManager$$FastClassByGuice$$81349139
instanceKlass org/eclipse/aether/internal/impl/DefaultOfflineController$$FastClassByGuice$$80070130
instanceKlass org/eclipse/aether/internal/impl/DefaultMetadataResolver$$FastClassByGuice$$79635330
instanceKlass org/eclipse/aether/internal/impl/DefaultLocalRepositoryProvider$$FastClassByGuice$$78142679
instanceKlass org/eclipse/aether/internal/impl/DefaultLocalPathPrefixComposerFactory$$FastClassByGuice$$77395202
instanceKlass org/eclipse/aether/internal/impl/DefaultLocalPathComposer$$FastClassByGuice$$76162785
instanceKlass org/eclipse/aether/internal/impl/DefaultInstaller$$FastClassByGuice$$74645204
instanceKlass org/eclipse/aether/internal/impl/DefaultFileProcessor$$FastClassByGuice$$74443233
instanceKlass org/eclipse/aether/internal/impl/DefaultDeployer$$FastClassByGuice$$72650848
instanceKlass org/eclipse/aether/internal/impl/DefaultChecksumPolicyProvider$$FastClassByGuice$$71956255
instanceKlass org/eclipse/aether/internal/impl/DefaultArtifactResolver$$FastClassByGuice$$70722045
instanceKlass org/eclipse/aether/connector/basic/BasicRepositoryConnectorFactory$$FastClassByGuice$$69275766
instanceKlass org/apache/maven/model/validation/DefaultModelValidator$$FastClassByGuice$$68272511
instanceKlass org/apache/maven/model/superpom/DefaultSuperPomProvider$$FastClassByGuice$$67305704
instanceKlass org/apache/maven/model/profile/activation/PropertyProfileActivator$$FastClassByGuice$$66449698
instanceKlass org/apache/maven/model/profile/activation/OperatingSystemProfileActivator$$FastClassByGuice$$65417399
instanceKlass org/apache/maven/model/profile/activation/JdkVersionProfileActivator$$FastClassByGuice$$64125801
instanceKlass org/apache/maven/model/profile/activation/FileProfileActivator$$FastClassByGuice$$63668451
instanceKlass org/apache/maven/model/profile/DefaultProfileSelector$$FastClassByGuice$$62503506
instanceKlass org/apache/maven/model/profile/DefaultProfileInjector$$FastClassByGuice$$61846358
instanceKlass org/apache/maven/model/plugin/DefaultReportingConverter$$FastClassByGuice$$59966491
instanceKlass org/apache/maven/model/plugin/DefaultReportConfigurationExpander$$FastClassByGuice$$59655984
instanceKlass org/apache/maven/model/plugin/DefaultPluginConfigurationExpander$$FastClassByGuice$$58105690
instanceKlass org/apache/maven/model/path/ProfileActivationFilePathInterpolator$$FastClassByGuice$$57223153
instanceKlass org/apache/maven/model/path/DefaultUrlNormalizer$$FastClassByGuice$$56522481
instanceKlass org/apache/maven/model/path/DefaultPathTranslator$$FastClassByGuice$$54844880
instanceKlass org/apache/maven/model/path/DefaultModelUrlNormalizer$$FastClassByGuice$$54437245
instanceKlass org/apache/maven/model/path/DefaultModelPathTranslator$$FastClassByGuice$$53033662
instanceKlass org/apache/maven/model/normalization/DefaultModelNormalizer$$FastClassByGuice$$51661474
instanceKlass org/apache/maven/model/management/DefaultPluginManagementInjector$$FastClassByGuice$$50651544
instanceKlass org/apache/maven/model/management/DefaultDependencyManagementInjector$$FastClassByGuice$$50144767
instanceKlass org/apache/maven/model/locator/DefaultModelLocator$$FastClassByGuice$$49189120
instanceKlass org/apache/maven/model/io/DefaultModelWriter$$FastClassByGuice$$48176794
instanceKlass org/apache/maven/model/io/DefaultModelReader$$FastClassByGuice$$47040643
instanceKlass org/apache/maven/model/interpolation/StringVisitorModelInterpolator$$FastClassByGuice$$45924922
instanceKlass org/apache/maven/model/interpolation/DefaultModelVersionProcessor$$FastClassByGuice$$44105884
instanceKlass org/apache/maven/model/inheritance/DefaultInheritanceAssembler$$FastClassByGuice$$43366688
instanceKlass org/apache/maven/model/composition/DefaultDependencyManagementImporter$$FastClassByGuice$$42058951
instanceKlass org/apache/maven/model/building/DefaultModelProcessor$$FastClassByGuice$$41071942
instanceKlass org/apache/maven/model/building/DefaultModelBuilder$$FastClassByGuice$$40509654
instanceKlass org/apache/maven/cli/internal/BootstrapCoreExtensionManager$$FastClassByGuice$$39632666
instanceKlass org/apache/maven/cli/configuration/SettingsXmlConfigurationProcessor$$FastClassByGuice$$38503550
instanceKlass org/apache/maven/toolchain/io/DefaultToolchainsWriter$$FastClassByGuice$$37218654
instanceKlass org/apache/maven/toolchain/io/DefaultToolchainsReader$$FastClassByGuice$$36630569
instanceKlass org/apache/maven/toolchain/building/DefaultToolchainsBuilder$$FastClassByGuice$$35109071
instanceKlass org/apache/maven/plugin/internal/ReadOnlyPluginParametersValidator$$FastClassByGuice$$33844628
instanceKlass org/apache/maven/plugin/internal/PlexusContainerDefaultDependenciesValidator$$FastClassByGuice$$32577945
instanceKlass org/apache/maven/plugin/internal/MavenScopeDependenciesValidator$$FastClassByGuice$$32018515
instanceKlass org/apache/maven/plugin/internal/MavenMixedDependenciesValidator$$FastClassByGuice$$30806963
instanceKlass org/apache/maven/plugin/internal/Maven3CompatDependenciesValidator$$FastClassByGuice$$29737376
instanceKlass org/apache/maven/plugin/internal/Maven2DependenciesValidator$$FastClassByGuice$$28835831
instanceKlass org/apache/maven/plugin/internal/DeprecatedPluginValidator$$FastClassByGuice$$27809245
instanceKlass org/apache/maven/plugin/internal/DeprecatedCoreExpressionValidator$$FastClassByGuice$$27261890
instanceKlass org/apache/maven/plugin/internal/DefaultPluginValidationManager$$FastClassByGuice$$25512768
instanceKlass org/apache/maven/plugin/DefaultMojosExecutionStrategy$$FastClassByGuice$$24165689
instanceKlass org/apache/maven/lifecycle/internal/LifecycleDependencyResolver$$FastClassByGuice$$23614678
instanceKlass org/apache/maven/lifecycle/internal/DefaultProjectArtifactFactory$$FastClassByGuice$$22460426
instanceKlass org/apache/maven/internal/aether/ResolverLifecycle$$FastClassByGuice$$21148027
instanceKlass com/google/inject/internal/InjectorImpl$SyntheticProviderBindingImpl$1
instanceKlass com/google/inject/internal/InjectorImpl$1
instanceKlass org/apache/maven/internal/aether/DefaultRepositorySystemSessionFactory$$FastClassByGuice$$20365968
instanceKlass org/apache/maven/extension/internal/CoreExportsProvider$$FastClassByGuice$$19091908
instanceKlass org/apache/maven/execution/DefaultMavenExecutionRequestPopulator$$FastClassByGuice$$18346228
instanceKlass org/apache/maven/classrealm/DefaultClassRealmManager$$FastClassByGuice$$17363586
instanceKlass org/apache/maven/ReactorReader$$FastClassByGuice$$16736584
instanceKlass org/apache/maven/DefaultArtifactFilterManager$$FastClassByGuice$$15291932
instanceKlass com/google/inject/internal/SingleParameterInjector
instanceKlass org/netbeans/modules/maven/event/NbEventSpy$$FastClassByGuice$$14414050
instanceKlass com/google/inject/internal/SingleFieldInjector
instanceKlass org/apache/maven/lifecycle/internal/builder/BuilderCommon$$FastClassByGuice$$13598951
instanceKlass org/apache/maven/lifecycle/internal/LifecyclePluginResolver$$FastClassByGuice$$12429573
instanceKlass org/apache/maven/lifecycle/internal/LifecycleModuleBuilder$$FastClassByGuice$$11416775
instanceKlass org/apache/maven/lifecycle/internal/MojoExecutor$$FastClassByGuice$$9921792
instanceKlass org/apache/maven/lifecycle/DefaultLifecycles$$FastClassByGuice$$8810662
instanceKlass org/apache/maven/lifecycle/internal/BuildListCalculator$$FastClassByGuice$$8232044
instanceKlass org/apache/maven/eventspy/internal/EventSpyDispatcher$$FastClassByGuice$$6755006
instanceKlass org/eclipse/sisu/bean/BeanPropertySetter
instanceKlass org/eclipse/sisu/PreDestroy
instanceKlass org/eclipse/sisu/PostConstruct
instanceKlass org/apache/maven/bridge/MavenRepositorySystem$$FastClassByGuice$$5940560
instanceKlass org/apache/maven/lifecycle/internal/LifecycleDebugLogger$$FastClassByGuice$$4360503
instanceKlass org/apache/maven/lifecycle/Lifecycle$$FastClassByGuice$$3639189
instanceKlass org/eclipse/sisu/plexus/PlexusConfigurations$ConfigurationProvider
instanceKlass org/apache/maven/lifecycle/internal/LifecycleStarter$$FastClassByGuice$$3085198
instanceKlass org/apache/maven/lifecycle/internal/MojoDescriptorCreator$$FastClassByGuice$$1610631
instanceKlass com/google/inject/internal/ProxyFactory
instanceKlass com/google/common/collect/TransformedIterator
instanceKlass  @bci com/google/inject/internal/ConstructorInjectorStore createConstructor (Lcom/google/inject/spi/InjectionPoint;Lcom/google/inject/internal/Errors;)Lcom/google/inject/internal/ConstructorInjector; 62 <appendix> argL0 ; # com/google/inject/internal/ConstructorInjectorStore$$Lambda+0x000000002011d478
instanceKlass com/google/inject/spi/InterceptorBinding
instanceKlass com/google/inject/internal/MethodAspect
instanceKlass com/google/inject/internal/MembersInjectorImpl
instanceKlass org/eclipse/sisu/bean/BeanInjector
instanceKlass org/eclipse/sisu/plexus/PlexusLifecycleManager$2
instanceKlass org/eclipse/sisu/bean/PropertyBinder$1
instanceKlass org/eclipse/sisu/plexus/ProvidedPropertyBinding
instanceKlass org/eclipse/sisu/plexus/PlexusRequirements$AbstractRequirementProvider
instanceKlass org/eclipse/sisu/bean/BeanPropertyField
instanceKlass org/eclipse/sisu/bean/DeclaredMembers$MemberIterator
instanceKlass org/eclipse/sisu/bean/BeanPropertyIterator
instanceKlass org/eclipse/sisu/bean/DeclaredMembers
instanceKlass org/eclipse/sisu/bean/IgnoreSetters
instanceKlass org/eclipse/sisu/bean/BeanProperties
instanceKlass org/eclipse/sisu/plexus/PlexusRequirements
instanceKlass org/eclipse/sisu/plexus/PlexusConfigurations
instanceKlass org/eclipse/sisu/plexus/PlexusPropertyBinder
instanceKlass org/eclipse/sisu/bean/BeanLifecycle
instanceKlass com/google/inject/internal/EncounterImpl
instanceKlass  @bci com/google/inject/internal/AbstractBindingProcessor$Processor scheduleInitialization (Lcom/google/inject/internal/BindingImpl;)V 9 <appendix> member <vmtarget> ; # com/google/inject/internal/AbstractBindingProcessor$Processor$$Lambda+0x0000000020118fd0
instanceKlass  @bci org/apache/maven/session/scope/internal/SessionScope scope (Lcom/google/inject/Key;Lcom/google/inject/Provider;)Lcom/google/inject/Provider; 3 <appendix> member <vmtarget> ; # org/apache/maven/session/scope/internal/SessionScope$$Lambda+0x0000000020118d88
instanceKlass org/apache/maven/execution/scope/internal/MojoExecutionScope$2
instanceKlass com/google/inject/internal/ProviderInternalFactory
instanceKlass com/google/inject/internal/InternalProviderInstanceBindingImpl$Factory
instanceKlass com/google/inject/internal/FactoryProxy
instanceKlass com/google/inject/internal/InternalFactoryToProviderAdapter
instanceKlass com/google/inject/internal/ConstructionContext
instanceKlass com/google/inject/internal/SingletonScope$1
instanceKlass com/google/inject/internal/ProviderToInternalFactoryAdapter
instanceKlass com/google/inject/internal/CycleDetectingLock$CycleDetectingLockFactory$ReentrantCycleDetectingLock
instanceKlass com/google/inject/internal/Initializer$InjectableReference
instanceKlass com/google/inject/internal/ProvisionListenerStackCallback
instanceKlass com/google/common/cache/LocalCache$AbstractReferenceEntry
instanceKlass com/google/inject/internal/ProvisionListenerCallbackStore$KeyBinding
instanceKlass com/google/inject/internal/util/Classes
instanceKlass com/google/inject/spi/ExposedBinding
instanceKlass com/google/inject/internal/CreationListener
instanceKlass com/google/inject/internal/InjectorShell$LoggerFactory
instanceKlass com/google/inject/internal/InjectorShell$InjectorFactory
instanceKlass com/google/inject/internal/Initializables$1
instanceKlass com/google/inject/internal/Initializables
instanceKlass com/google/inject/internal/ConstantFactory
instanceKlass com/google/inject/internal/InjectorShell
instanceKlass com/google/inject/internal/ProvisionListenerCallbackStore
instanceKlass com/google/inject/internal/SingleMemberInjector
instanceKlass com/google/inject/spi/TypeEncounter
instanceKlass com/google/inject/internal/MembersInjectorStore
instanceKlass com/google/inject/internal/TypeConverterBindingProcessor$4
instanceKlass com/google/inject/internal/TypeConverterBindingProcessor$2
instanceKlass com/google/inject/internal/TypeConverterBindingProcessor$1
instanceKlass com/google/inject/internal/TypeConverterBindingProcessor$5
instanceKlass com/google/inject/internal/FailableCache
instanceKlass com/google/inject/internal/ConstructorInjectorStore
instanceKlass com/google/inject/internal/DeferredLookups
instanceKlass com/google/inject/spi/ConvertedConstantBinding
instanceKlass com/google/inject/spi/ProviderBinding
instanceKlass com/google/inject/internal/InjectorImpl
instanceKlass com/google/inject/internal/Lookups
instanceKlass com/google/inject/internal/InjectorImpl$InjectorOptions
instanceKlass  @bci com/google/inject/internal/AbstractProcessor process (Lcom/google/inject/internal/InjectorImpl;Ljava/util/List;)V 13 <appendix> member <vmtarget> ; # com/google/inject/internal/AbstractProcessor$$Lambda+0x00000000201106c8
instanceKlass  @bci com/google/inject/spi/BindingSourceRestriction check (Lcom/google/inject/internal/GuiceInternal;Ljava/util/List;)Lcom/google/common/collect/ImmutableList; 11 <appendix> argL0 ; # com/google/inject/spi/BindingSourceRestriction$$Lambda+0x000000002010fd08
instanceKlass org/eclipse/sisu/wire/BeanProviders$4
instanceKlass org/eclipse/sisu/wire/BeanProviders$3
instanceKlass org/sonatype/inject/BeanEntry
instanceKlass org/eclipse/sisu/BeanEntry
instanceKlass com/google/inject/internal/ProvisionListenerStackCallback$ProvisionCallback
instanceKlass com/google/inject/internal/ConstructorInjector
instanceKlass com/google/inject/internal/DefaultConstructionProxyFactory$FastClassProxy
instanceKlass  @bci com/google/inject/internal/aop/AbstractGlueGenerator lambda$bindSignaturesToInvokers$0 (Ljava/lang/invoke/MethodHandle;Ljava/util/function/ToIntFunction;Ljava/lang/String;)Ljava/util/function/BiFunction; 8 <adapter> ; # java/lang/invoke/LambdaForm$MH+0x000000002010ec00
instanceKlass java/lang/ClassValue$RemovalToken
instanceKlass  @bci com/google/inject/internal/aop/AbstractGlueGenerator bindSignaturesToInvokers (Ljava/util/function/ToIntFunction;Ljava/lang/invoke/MethodHandle;)Ljava/util/function/Function; 13 <appendix> member <vmtarget> ; # com/google/inject/internal/aop/AbstractGlueGenerator$$Lambda+0x0000000020107660
instanceKlass com/google/inject/internal/aop/ImmutableStringTrie
instanceKlass java/util/function/ToIntFunction
instanceKlass org/apache/maven/plugin/internal/DefaultPluginDependenciesResolver$$FastClassByGuice$$701677
instanceKlass com/google/inject/internal/aop/GeneratedClassDefiner
# instanceKlass java/lang/ClassLoader$$DefineAccessByGuice$$+0x000000002010e800
instanceKlass java/lang/classfile/AccessFlags
instanceKlass java/lang/classfile/MethodModel
instanceKlass java/lang/classfile/FieldModel
instanceKlass  @bci jdk/internal/classfile/impl/ClassFileImpl attributeMapper ()Ljava/util/function/Function; 7 <appendix> argL0 ; # jdk/internal/classfile/impl/ClassFileImpl$$Lambda+0x80000004b
instanceKlass java/lang/classfile/ClassModel
instanceKlass java/lang/classfile/AttributedElement
instanceKlass java/lang/classfile/CompoundElement
instanceKlass  @bci jdk/internal/reflect/DirectMethodHandleAccessor invokeImpl (Ljava/lang/Object;[Ljava/lang/Object;)Ljava/lang/Object; 92 <adapter> ; # java/lang/invoke/LambdaForm$MH+0x000000002010e400
# instanceKlass java/lang/invoke/LambdaForm$MH+0x000000002010e000
# instanceKlass java/lang/invoke/LambdaForm$MH+0x000000002010dc00
# instanceKlass java/lang/invoke/LambdaForm$MH+0x000000002010d800
# instanceKlass java/lang/invoke/LambdaForm$MH+0x000000002010d400
# instanceKlass java/lang/invoke/LambdaForm$MH+0x000000002010d000
# instanceKlass java/lang/invoke/LambdaForm$DMH+0x000000002010cc00
# instanceKlass java/lang/invoke/LambdaForm$MH+0x000000002010c800
# instanceKlass java/lang/invoke/LambdaForm$MH+0x000000002010c400
# instanceKlass java/lang/invoke/LambdaForm$DMH+0x000000002010c000
# instanceKlass java/lang/invoke/LambdaForm$MH+0x000000002010bc00
# instanceKlass java/lang/invoke/LambdaForm$DMH+0x000000002010b800
instanceKlass java/lang/invoke/ClassSpecializer$Factory$1$5$1
instanceKlass java/lang/invoke/ClassSpecializer$Factory$1$5
instanceKlass java/lang/invoke/ClassSpecializer$Factory$1$4
instanceKlass java/lang/invoke/ClassSpecializer$Factory$1$3
instanceKlass java/lang/invoke/ClassSpecializer$Factory$1$2
instanceKlass java/lang/invoke/ClassSpecializer$Factory$1$1Var
instanceKlass java/lang/invoke/ClassSpecializer$Factory$1$1
instanceKlass java/lang/invoke/ClassSpecializer$Factory$1
instanceKlass java/lang/invoke/MethodHandles$1
# instanceKlass java/lang/invoke/LambdaForm$BMH+0x000000002010b400
# instanceKlass java/lang/invoke/LambdaForm$DMH+0x000000002010b000
# instanceKlass java/lang/invoke/LambdaForm$DMH+0x000000002010ac00
instanceKlass sun/invoke/util/ValueConversions$1
instanceKlass  @bci com/google/inject/internal/aop/UnsafeClassDefiner$ClassLoaderDefineClassHolder <clinit> ()V 0 <appendix> argL0 ; # com/google/inject/internal/aop/UnsafeClassDefiner$ClassLoaderDefineClassHolder$$Lambda+0x0000000020106da0
instanceKlass com/google/inject/internal/aop/UnsafeClassDefiner$ClassLoaderDefineClassHolder
instanceKlass com/google/inject/internal/aop/BytecodeTasks
instanceKlass  @bci com/google/inject/internal/aop/AbstractGlueGenerator generateTrampoline (Lorg/objectweb/asm/ClassWriter;Ljava/util/Collection;)V 30 <appendix> argL0 ; # com/google/inject/internal/aop/AbstractGlueGenerator$$Lambda+0x0000000020106758
instanceKlass org/objectweb/asm/Handle
instanceKlass org/objectweb/asm/Label
instanceKlass com/google/inject/internal/aop/AbstractGlueGenerator
instanceKlass  @bci com/google/inject/internal/aop/ClassBuilding buildFastClass (Ljava/lang/Class;)Ljava/util/function/Function; 20 <appendix> member <vmtarget> ; # com/google/inject/internal/aop/ClassBuilding$$Lambda+0x0000000020105a40
instanceKlass  @bci com/google/inject/internal/aop/ClassBuilding buildFastClass (Ljava/lang/Class;)Ljava/util/function/Function; 10 <appendix> member <vmtarget> ; # com/google/inject/internal/aop/ClassBuilding$$Lambda+0x0000000020105800
instanceKlass org/objectweb/asm/Type
# instanceKlass java/lang/invoke/LambdaForm$MH+0x000000002010a800
# instanceKlass java/lang/invoke/LambdaForm$MH+0x000000002010a400
# instanceKlass java/lang/invoke/LambdaForm$MH+0x000000002010a000
# instanceKlass java/lang/invoke/LambdaForm$BMH+0x0000000020109c00
# instanceKlass java/lang/invoke/LambdaForm$DMH+0x0000000020109800
# instanceKlass java/lang/invoke/LambdaForm$DMH+0x0000000020109400
instanceKlass java/util/Formatter$Flags
instanceKlass java/util/Formattable
instanceKlass java/util/Formatter$FormatSpecifier
instanceKlass java/util/Formatter$Conversion
instanceKlass java/util/Formatter$FormatString
instanceKlass java/util/Formatter
instanceKlass  @bci sun/misc/Unsafe callerAndLocation (Ljava/lang/Class;)Ljava/lang/String; 32 <appendix> form vmentry <vmtarget> ; # java/lang/invoke/LambdaForm$MH+0x0000000020109000
instanceKlass java/lang/StringConcatHelper$StringConcatBase
instanceKlass java/lang/invoke/StringConcatFactory$InlineHiddenClassStrategy$6
instanceKlass java/lang/invoke/StringConcatFactory$InlineHiddenClassStrategy$3$4
instanceKlass java/lang/invoke/StringConcatFactory$InlineHiddenClassStrategy$4
instanceKlass java/lang/invoke/StringConcatFactory$InlineHiddenClassStrategy$3$1
instanceKlass java/lang/invoke/StringConcatFactory$InlineHiddenClassStrategy$7
instanceKlass java/lang/invoke/StringConcatFactory$InlineHiddenClassStrategy$3$2
instanceKlass java/lang/invoke/StringConcatFactory$InlineHiddenClassStrategy$5
instanceKlass java/lang/invoke/StringConcatFactory$InlineHiddenClassStrategy$3$3
instanceKlass java/lang/invoke/StringConcatFactory$InlineHiddenClassStrategy$3
instanceKlass java/lang/invoke/StringConcatFactory$InlineHiddenClassStrategy$2
instanceKlass java/lang/invoke/StringConcatFactory$InlineHiddenClassStrategy$1
instanceKlass java/lang/invoke/StringConcatFactory$InlineHiddenClassStrategy
instanceKlass java/util/stream/WhileOps$DropWhileSink
instanceKlass  @bci java/util/stream/ReferencePipeline toArray ()[Ljava/lang/Object; 1 <appendix> argL0 ; # java/util/stream/ReferencePipeline$$Lambda+0x00000000200305e0
instanceKlass java/util/stream/SliceOps
instanceKlass java/util/stream/WhileOps$DropWhileOp
instanceKlass java/util/stream/WhileOps
instanceKlass  @bci sun/misc/Unsafe lambda$beforeMemoryAccessSlow$0 (Ljava/util/stream/Stream;)Ljava/util/List; 1 <appendix> argL0 ; # sun/misc/Unsafe$$Lambda+0x000000002002f4b8
instanceKlass java/lang/StackStreamFactory$FrameBuffer
instanceKlass java/lang/StackStreamFactory
instanceKlass  @bci sun/misc/Unsafe beforeMemoryAccessSlow ()V 26 <appendix> argL0 ; # sun/misc/Unsafe$$Lambda+0x000000002002dc78
instanceKlass sun/misc/Unsafe$StackWalkerHolder
# instanceKlass java/lang/invoke/LambdaForm$MH+0x0000000020108800
# instanceKlass java/lang/invoke/LambdaForm$MH+0x0000000020108400
instanceKlass jdk/internal/vm/annotation/ForceInline
instanceKlass  @bci com/google/inject/internal/aop/UnsafeClassDefiner <clinit> ()V 29 <appendix> argL0 ; # com/google/inject/internal/aop/UnsafeClassDefiner$$Lambda+0x00000000201053c0
instanceKlass com/google/inject/internal/aop/HiddenClassDefiner
instanceKlass  @bci java/util/stream/Collectors joining (Ljava/lang/CharSequence;Ljava/lang/CharSequence;Ljava/lang/CharSequence;)Ljava/util/stream/Collector; 22 <appendix> argL0 ; # java/util/stream/Collectors$$Lambda+0x800000043
instanceKlass  @bci java/util/stream/Collectors joining (Ljava/lang/CharSequence;Ljava/lang/CharSequence;Ljava/lang/CharSequence;)Ljava/util/stream/Collector; 17 <appendix> argL0 ; # java/util/stream/Collectors$$Lambda+0x800000041
instanceKlass  @bci java/util/stream/Collectors joining (Ljava/lang/CharSequence;Ljava/lang/CharSequence;Ljava/lang/CharSequence;)Ljava/util/stream/Collector; 12 <appendix> argL0 ; # java/util/stream/Collectors$$Lambda+0x80000003e
instanceKlass  @bci java/util/stream/Collectors joining (Ljava/lang/CharSequence;Ljava/lang/CharSequence;Ljava/lang/CharSequence;)Ljava/util/stream/Collector; 7 <appendix> member <vmtarget> ; # java/util/stream/Collectors$$Lambda+0x800000046
instanceKlass  @bci java/lang/Class methodToString (Ljava/lang/String;[Ljava/lang/Class;)Ljava/lang/String; 42 <appendix> argL0 ; # java/lang/Class$$Lambda+0x000000002002d178
instanceKlass jdk/internal/reflect/FieldAccessorImpl
instanceKlass jdk/internal/reflect/FieldAccessor
instanceKlass sun/misc/Unsafe
instanceKlass  @bci com/google/inject/internal/aop/UnsafeClassDefiner <clinit> ()V 11 <appendix> argL0 ; # com/google/inject/internal/aop/UnsafeClassDefiner$$Lambda+0x0000000020104f70
instanceKlass com/google/inject/internal/aop/AnonymousClassDefiner
instanceKlass java/security/PrivilegedExceptionAction
instanceKlass com/google/inject/internal/aop/UnsafeClassDefiner
instanceKlass com/google/inject/internal/aop/ClassDefining$ClassDefinerHolder
instanceKlass com/google/inject/internal/aop/ClassDefiner
instanceKlass com/google/inject/internal/aop/ClassDefining
instanceKlass  @bci com/google/inject/internal/aop/ClassBuilding getOverridableObjectMethods ()[Ljava/lang/reflect/Method; 15 <appendix> member <vmtarget> ; # com/google/inject/internal/aop/ClassBuilding$$Lambda+0x00000000201044c0
instanceKlass  @cpi sun/security/pkcs/PKCS9Attribute 571 form vmentry <vmtarget> ; # java/lang/invoke/LambdaForm$DMH+0x0000000020108000
instanceKlass  @bci com/google/inject/internal/BytecodeGen <clinit> ()V 25 <appendix> argL0 ; # com/google/inject/internal/BytecodeGen$$Lambda+0x0000000020104258
instanceKlass com/google/inject/internal/BytecodeGen$EnhancerBuilder
instanceKlass com/google/inject/internal/aop/ClassBuilding
instanceKlass com/google/common/collect/MapMakerInternalMap$StrongValueEntry
instanceKlass com/google/common/collect/MapMakerInternalMap$WeakKeyStrongValueEntry$Helper
instanceKlass com/google/common/collect/MapMakerInternalMap$InternalEntry
instanceKlass com/google/common/collect/MapMakerInternalMap$1
instanceKlass com/google/common/collect/MapMakerInternalMap$InternalEntryHelper
instanceKlass com/google/common/collect/MapMakerInternalMap$WeakValueReference
instanceKlass com/google/common/collect/MapMaker
instanceKlass com/google/inject/internal/BytecodeGen
instanceKlass com/google/inject/internal/ConstructionProxy
instanceKlass com/google/inject/internal/DefaultConstructionProxyFactory
instanceKlass com/google/inject/internal/ConstructionProxyFactory
instanceKlass com/google/inject/internal/ConstructorBindingImpl$Factory
instanceKlass org/eclipse/sisu/inject/TypeArguments$Implicit
instanceKlass org/eclipse/sisu/wire/BeanProviders$6
instanceKlass org/eclipse/sisu/wire/BeanProviders$7
instanceKlass org/eclipse/sisu/wire/BeanProviders$1
instanceKlass org/eclipse/sisu/wire/PlaceholderBeanProvider
instanceKlass com/google/inject/spi/ProviderLookup$1
instanceKlass com/google/inject/spi/ProviderWithDependencies
instanceKlass com/google/inject/spi/ProviderLookup
instanceKlass org/eclipse/sisu/wire/BeanProviders
instanceKlass org/eclipse/sisu/inject/HiddenSource
instanceKlass org/eclipse/sisu/wire/LocatorWiring
instanceKlass com/google/inject/ProvidedBy
instanceKlass com/google/inject/ImplementedBy
instanceKlass org/sonatype/plexus/components/cipher/PBECipher
instanceKlass org/codehaus/classworlds/ClassRealm
instanceKlass org/apache/maven/settings/crypto/SettingsDecryptionResult
instanceKlass org/apache/maven/settings/building/DefaultSettingsProblemCollector
instanceKlass org/apache/maven/settings/merge/MavenSettingsMerger
instanceKlass org/apache/maven/settings/building/SettingsBuildingResult
instanceKlass org/apache/maven/settings/building/SettingsProblemCollector
instanceKlass org/eclipse/aether/impl/MetadataGenerator
instanceKlass org/apache/maven/model/Relocation
instanceKlass org/apache/maven/repository/internal/ArtifactDescriptorReaderDelegate
instanceKlass org/eclipse/aether/named/support/AdaptedSemaphoreNamedLock$AdaptedSemaphore
instanceKlass org/eclipse/aether/named/support/NamedLockSupport
instanceKlass org/eclipse/aether/named/support/NamedLockFactorySupport$NamedLockHolder
instanceKlass org/eclipse/aether/named/NamedLock
instanceKlass org/eclipse/aether/internal/impl/synccontext/named/NamedLockFactoryAdapter
instanceKlass org/eclipse/aether/spi/log/Logger
instanceKlass org/eclipse/aether/internal/impl/filter/PrefixesRemoteRepositoryFilterSource$Node
instanceKlass org/eclipse/aether/spi/connector/filter/RemoteRepositoryFilter$Result
instanceKlass org/eclipse/aether/spi/connector/filter/RemoteRepositoryFilter
instanceKlass org/eclipse/aether/collection/DependencyTraverser
instanceKlass org/eclipse/aether/collection/DependencyManager
instanceKlass org/eclipse/aether/internal/impl/collect/df/DfDependencyCollector$Args
instanceKlass org/eclipse/aether/internal/impl/collect/bf/BfDependencyCollector$Args
instanceKlass org/eclipse/aether/internal/impl/collect/bf/BfDependencyCollector$DescriptorResolutionResult
instanceKlass org/eclipse/aether/internal/impl/collect/bf/DependencyProcessingContext
instanceKlass org/eclipse/aether/internal/impl/collect/bf/DependencyResolutionSkipper
instanceKlass org/eclipse/aether/collection/VersionFilter
instanceKlass org/eclipse/aether/graph/DefaultDependencyNode
instanceKlass org/eclipse/aether/version/Version
instanceKlass org/eclipse/aether/internal/impl/collect/PremanagedDependency
instanceKlass org/eclipse/aether/internal/impl/collect/DependencyCollectorDelegate$Results
instanceKlass org/eclipse/aether/internal/impl/collect/DefaultVersionFilterContext
instanceKlass org/eclipse/aether/internal/impl/collect/DefaultDependencyCollectionContext
instanceKlass org/eclipse/aether/collection/DependencyCollectionContext
instanceKlass org/eclipse/aether/internal/impl/collect/DataPool
instanceKlass org/eclipse/aether/collection/VersionFilter$VersionFilterContext
instanceKlass org/eclipse/aether/collection/DependencyGraphTransformationContext
instanceKlass org/eclipse/aether/spi/connector/Transfer
instanceKlass org/eclipse/aether/internal/impl/checksum/SummaryFileTrustedChecksumsSource$SummaryFileWriter
instanceKlass org/eclipse/aether/internal/impl/checksum/SparseDirectoryTrustedChecksumsSource$SparseDirectoryWriter
instanceKlass org/eclipse/aether/spi/checksums/TrustedChecksumsSource$Writer
instanceKlass org/eclipse/aether/spi/connector/checksum/ChecksumAlgorithm
instanceKlass org/eclipse/aether/impl/UpdateCheck
instanceKlass org/eclipse/aether/spi/connector/transport/Transporter
instanceKlass java/nio/channels/FileLock
instanceKlass org/eclipse/aether/resolution/DependencyResult
instanceKlass org/eclipse/aether/resolution/DependencyRequest
instanceKlass org/eclipse/aether/resolution/ArtifactDescriptorRequest
instanceKlass org/eclipse/aether/collection/CollectResult
instanceKlass org/eclipse/aether/collection/CollectRequest
instanceKlass org/eclipse/aether/resolution/VersionRangeResult
instanceKlass org/eclipse/aether/resolution/VersionRangeRequest
instanceKlass org/eclipse/aether/resolution/VersionRequest
instanceKlass org/eclipse/aether/spi/connector/layout/RepositoryLayout
instanceKlass org/eclipse/aether/RepositoryEvent
instanceKlass org/eclipse/aether/repository/LocalRepository
instanceKlass org/eclipse/aether/internal/impl/LocalPathPrefixComposer
instanceKlass org/eclipse/aether/transform/FileTransformer
instanceKlass org/eclipse/aether/installation/InstallResult
instanceKlass org/eclipse/aether/installation/InstallRequest
instanceKlass org/eclipse/aether/spi/io/FileProcessor$ProgressListener
instanceKlass org/eclipse/aether/internal/impl/DefaultDeployer$EventCatapult
instanceKlass org/eclipse/aether/deployment/DeployResult
instanceKlass org/eclipse/aether/deployment/DeployRequest
instanceKlass org/eclipse/aether/repository/RepositoryPolicy
instanceKlass org/eclipse/aether/transfer/TransferResource
instanceKlass org/eclipse/aether/spi/connector/checksum/ChecksumPolicy
instanceKlass org/eclipse/aether/resolution/ArtifactRequest
instanceKlass org/eclipse/aether/internal/impl/DefaultArtifactResolver$ResolutionGroup
instanceKlass org/eclipse/aether/resolution/VersionResult
instanceKlass org/eclipse/aether/repository/LocalArtifactResult
instanceKlass org/eclipse/aether/SyncContext
instanceKlass org/eclipse/aether/spi/locator/ServiceLocator
instanceKlass org/eclipse/aether/repository/RemoteRepository
instanceKlass org/eclipse/aether/spi/connector/RepositoryConnector
instanceKlass org/apache/maven/model/validation/DefaultModelValidator$1ActivationFrame
instanceKlass org/apache/maven/model/profile/activation/JdkVersionProfileActivator$RangeValue
instanceKlass org/apache/maven/model/InputLocation
instanceKlass org/apache/maven/model/InputSource
instanceKlass org/apache/maven/model/interpolation/StringVisitorModelInterpolator$InnerInterpolator
instanceKlass org/apache/maven/model/ActivationOS
instanceKlass org/apache/maven/model/ActivationFile
instanceKlass org/apache/maven/model/ActivationProperty
instanceKlass org/apache/maven/model/building/ModelBuildingEventCatapult
instanceKlass org/apache/maven/model/profile/DefaultProfileActivationContext
instanceKlass org/apache/maven/model/building/ModelData
instanceKlass org/apache/maven/model/building/DefaultModelProblemCollector
instanceKlass org/codehaus/plexus/interpolation/RegexBasedInterpolator
instanceKlass org/apache/maven/model/Activation
instanceKlass org/apache/maven/model/building/ModelCacheTag
instanceKlass org/apache/maven/model/building/ModelBuildingEvent
instanceKlass org/apache/maven/model/building/ModelProblemCollectorExt
instanceKlass org/apache/maven/model/profile/ProfileActivationContext
instanceKlass org/apache/maven/cli/internal/extension/model/CoreExtension
instanceKlass org/apache/maven/building/ProblemCollector
instanceKlass org/apache/maven/toolchain/merge/MavenToolchainMerger
instanceKlass org/codehaus/plexus/interpolation/InterpolationPostProcessor
instanceKlass org/apache/maven/toolchain/building/ToolchainsBuildingResult
instanceKlass org/eclipse/aether/graph/Dependency
instanceKlass org/eclipse/aether/resolution/ArtifactDescriptorResult
instanceKlass org/apache/maven/plugin/internal/DefaultPluginValidationManager$PluginValidationIssues
instanceKlass com/google/inject/util/Types
instanceKlass org/eclipse/sisu/Nullable
instanceKlass org/eclipse/aether/repository/LocalRepositoryManager
instanceKlass org/eclipse/aether/repository/AuthenticationSelector
instanceKlass org/eclipse/aether/repository/ProxySelector
instanceKlass org/eclipse/aether/repository/MirrorSelector
instanceKlass org/eclipse/aether/resolution/ResolutionErrorPolicy
instanceKlass org/apache/maven/classrealm/ClassRealmManagerDelegate
instanceKlass org/apache/maven/classrealm/ClassRealmConstituent
instanceKlass org/apache/maven/classrealm/ClassRealmRequest
instanceKlass org/eclipse/aether/repository/WorkspaceRepository
instanceKlass org/apache/maven/ArtifactFilterManagerDelegate
instanceKlass java/util/concurrent/atomic/AtomicBoolean
instanceKlass org/apache/maven/artifact/repository/layout/DefaultRepositoryLayout
instanceKlass org/apache/maven/configuration/BeanConfigurationRequest
instanceKlass org/codehaus/plexus/component/configurator/converters/lookup/ConverterLookup
instanceKlass org/apache/maven/configuration/internal/DefaultBeanConfigurator
instanceKlass org/apache/maven/plugin/prefix/PluginPrefixResult
instanceKlass org/apache/maven/plugin/prefix/internal/DefaultPluginPrefixResolver
instanceKlass org/apache/maven/lifecycle/internal/DefaultLifecyclePluginAnalyzer$GoalSpec
instanceKlass org/apache/maven/lifecycle/mapping/LifecyclePhase
instanceKlass org/apache/maven/lifecycle/internal/DefaultLifecyclePluginAnalyzer
instanceKlass org/apache/maven/plugin/PluginRealmCache$PluginRealmSupplier
instanceKlass org/apache/maven/plugin/PluginRealmCache$Key
instanceKlass org/apache/maven/plugin/DefaultPluginRealmCache
instanceKlass org/apache/maven/settings/building/SettingsBuildingRequest
instanceKlass org/apache/maven/project/ReactorModelPool
instanceKlass org/apache/maven/model/building/ModelBuildingResult
instanceKlass org/apache/maven/project/DefaultProjectBuilder$InternalConfig
instanceKlass org/apache/maven/model/resolution/ModelResolver
instanceKlass org/apache/maven/model/building/ModelBuildingListener
instanceKlass org/apache/maven/model/building/ModelCache
instanceKlass org/apache/maven/project/DefaultProjectBuilder
instanceKlass org/apache/maven/artifact/handler/manager/DefaultArtifactHandlerManager
instanceKlass org/apache/maven/profiles/ProfilesRoot
instanceKlass org/apache/maven/project/artifact/DefaultMavenMetadataCache$CacheKey
instanceKlass org/apache/maven/project/artifact/DefaultMavenMetadataCache
instanceKlass org/apache/maven/plugin/ExtensionRealmCache$Key
instanceKlass org/apache/maven/plugin/DefaultExtensionRealmCache
instanceKlass org/apache/maven/repository/metadata/DefaultGraphConflictResolutionPolicy
instanceKlass org/apache/maven/artifact/resolver/DefaultArtifactResolver
instanceKlass org/apache/maven/lifecycle/DefaultLifecycleExecutor
instanceKlass org/apache/maven/execution/ProjectExecutionListener
instanceKlass org/apache/maven/execution/BuildSummary
instanceKlass org/apache/maven/plugin/PluginArtifactsCache$CacheRecord
instanceKlass org/apache/maven/plugin/PluginArtifactsCache$Key
instanceKlass org/apache/maven/plugin/DefaultPluginArtifactsCache
instanceKlass org/apache/maven/repository/legacy/resolver/conflict/DefaultConflictResolverFactory
instanceKlass org/apache/maven/lifecycle/internal/DefaultLifecycleExecutionPlanCalculator
instanceKlass org/apache/maven/lifecycle/internal/PhaseRecorder
instanceKlass org/apache/maven/lifecycle/internal/DependencyContext
instanceKlass org/apache/maven/lifecycle/internal/ProjectIndex
instanceKlass org/apache/maven/plugin/MojoExecutionRunner
instanceKlass org/apache/maven/artifact/resolver/DefaultResolutionErrorHandler
instanceKlass org/apache/maven/repository/legacy/resolver/conflict/NearestConflictResolver
instanceKlass org/apache/maven/repository/legacy/resolver/conflict/OldestConflictResolver
instanceKlass org/apache/maven/project/ProjectRealmCache$Key
instanceKlass org/apache/maven/project/DefaultProjectRealmCache
instanceKlass org/apache/maven/lifecycle/internal/DefaultLifecycleMappingDelegate
instanceKlass org/apache/maven/repository/metadata/MetadataGraphEdge
instanceKlass org/apache/maven/repository/metadata/MetadataGraphVertex
instanceKlass org/apache/maven/repository/metadata/DefaultGraphConflictResolver
instanceKlass org/apache/maven/plugin/descriptor/Parameter
instanceKlass org/apache/maven/lifecycle/internal/DefaultMojoExecutionConfigurator
instanceKlass org/apache/maven/project/ProjectBuildingResult
instanceKlass org/apache/maven/exception/ExceptionSummary
instanceKlass org/apache/maven/exception/DefaultExceptionHandler
# instanceKlass java/lang/invoke/LambdaForm$MH+0x00000000200e0000
instanceKlass org/apache/maven/plugin/internal/DefaultPluginManager
instanceKlass org/eclipse/aether/DefaultRepositorySystemSession
instanceKlass org/apache/maven/execution/MavenExecutionResult
instanceKlass org/apache/maven/DefaultMaven
instanceKlass org/sonatype/plexus/components/sec/dispatcher/PasswordDecryptor
instanceKlass sun/reflect/generics/tree/MethodTypeSignature
instanceKlass sun/reflect/generics/tree/VoidDescriptor
instanceKlass org/sonatype/plexus/components/sec/dispatcher/model/SettingsSecurity
instanceKlass org/apache/maven/execution/ExecutionEvent
instanceKlass org/apache/maven/lifecycle/internal/DefaultExecutionEventCatapult
instanceKlass org/apache/maven/repository/legacy/resolver/transform/DefaultArtifactTransformationManager
instanceKlass org/eclipse/aether/util/graph/visitor/AbstractDepthFirstNodeListGenerator
instanceKlass org/apache/maven/plugin/PluginRealmCache$CacheRecord
instanceKlass org/apache/maven/plugin/ExtensionRealmCache$CacheRecord
instanceKlass org/apache/maven/plugin/descriptor/PluginDescriptorBuilder
instanceKlass org/codehaus/plexus/component/configurator/ConfigurationListener
instanceKlass org/codehaus/plexus/component/configurator/expression/ExpressionEvaluator
instanceKlass org/codehaus/plexus/configuration/PlexusConfiguration
instanceKlass org/apache/maven/plugin/logging/Log
instanceKlass org/apache/maven/plugin/internal/DefaultMavenPluginManager
instanceKlass org/eclipse/aether/RepositoryListener
instanceKlass org/apache/maven/rtinfo/internal/DefaultRuntimeInformation
instanceKlass org/apache/maven/lifecycle/internal/builder/singlethreaded/SingleThreadedBuilder
instanceKlass org/apache/maven/toolchain/DefaultToolchain
instanceKlass org/apache/maven/toolchain/ToolchainPrivate
instanceKlass org/apache/maven/toolchain/java/JavaToolchain
instanceKlass org/apache/maven/toolchain/java/JavaToolchainFactory
instanceKlass org/apache/maven/lifecycle/internal/ProjectSegment
instanceKlass org/apache/maven/lifecycle/internal/builder/multithreaded/ThreadOutputMuxer
instanceKlass org/apache/maven/lifecycle/internal/TaskSegment
instanceKlass org/apache/maven/lifecycle/internal/builder/multithreaded/ConcurrencyDependencyGraph
instanceKlass org/apache/maven/lifecycle/internal/ReactorBuildStatus
instanceKlass org/apache/maven/lifecycle/internal/ReactorContext
instanceKlass java/util/concurrent/CompletionService
instanceKlass org/apache/maven/lifecycle/internal/builder/multithreaded/MultiThreadedBuilder
instanceKlass org/apache/maven/profiles/ProfileManager
instanceKlass org/apache/maven/project/ProjectBuilderConfiguration
instanceKlass org/apache/maven/project/DefaultMavenProjectBuilder
instanceKlass org/apache/maven/artifact/repository/metadata/Versioning
instanceKlass org/apache/maven/toolchain/model/TrackableBase
instanceKlass org/apache/maven/toolchain/DefaultToolchainsBuilder
instanceKlass org/apache/maven/model/Reporting
instanceKlass org/apache/maven/model/PluginContainer
instanceKlass org/apache/maven/project/inheritance/DefaultModelInheritanceAssembler
instanceKlass org/eclipse/aether/resolution/ArtifactResult
instanceKlass org/eclipse/aether/graph/DependencyNode
instanceKlass org/eclipse/aether/collection/DependencySelector
instanceKlass org/eclipse/aether/resolution/ArtifactDescriptorPolicy
instanceKlass org/apache/maven/plugin/internal/DefaultPluginDependenciesResolver
instanceKlass org/apache/maven/settings/RepositoryPolicy
instanceKlass org/apache/maven/settings/RepositoryBase
instanceKlass org/apache/maven/artifact/repository/DefaultArtifactRepositoryFactory
instanceKlass org/apache/maven/lifecycle/MavenExecutionPlan
instanceKlass org/apache/maven/lifecycle/internal/ProjectBuildList
instanceKlass org/apache/maven/repository/metadata/ClasspathContainer
instanceKlass org/apache/maven/repository/metadata/MetadataGraph
instanceKlass org/apache/maven/repository/metadata/DefaultClasspathTransformation
instanceKlass org/apache/http/config/Registry
instanceKlass org/apache/http/impl/conn/PoolingHttpClientConnectionManager
instanceKlass org/apache/http/pool/ConnPoolControl
instanceKlass org/apache/http/client/methods/CloseableHttpResponse
instanceKlass org/apache/http/HttpResponse
instanceKlass org/apache/maven/wagon/shared/http/BasicAuthScope
instanceKlass org/apache/maven/wagon/shared/http/HttpConfiguration
instanceKlass org/apache/http/impl/client/CloseableHttpClient
instanceKlass org/apache/http/client/HttpClient
instanceKlass org/apache/http/client/RedirectStrategy
instanceKlass org/apache/http/config/Lookup
instanceKlass org/apache/http/client/HttpRequestRetryHandler
instanceKlass org/apache/http/conn/ssl/TrustStrategy
instanceKlass org/apache/http/ssl/TrustStrategy
instanceKlass org/apache/http/client/ServiceUnavailableRetryStrategy
instanceKlass org/apache/http/Header
instanceKlass org/apache/http/NameValuePair
instanceKlass org/apache/http/auth/Credentials
instanceKlass org/apache/http/client/AuthCache
instanceKlass org/apache/http/client/CredentialsProvider
instanceKlass org/apache/http/protocol/HttpContext
instanceKlass org/apache/http/HttpEntity
instanceKlass org/apache/http/client/methods/HttpUriRequest
instanceKlass org/apache/http/HttpRequest
instanceKlass org/apache/http/HttpMessage
instanceKlass org/apache/http/auth/AuthScheme
instanceKlass org/apache/http/conn/HttpClientConnectionManager
instanceKlass org/apache/maven/toolchain/Toolchain
instanceKlass org/apache/maven/toolchain/DefaultToolchainManager
instanceKlass org/apache/maven/wagon/observers/ChecksumObserver
instanceKlass org/apache/maven/repository/legacy/DefaultWagonManager
instanceKlass org/apache/maven/project/artifact/ProjectArtifactsCache$CacheRecord
instanceKlass org/apache/maven/project/artifact/ProjectArtifactsCache$Key
instanceKlass org/apache/maven/project/artifact/DefaultProjectArtifactsCache
instanceKlass org/apache/maven/repository/legacy/resolver/conflict/FarthestConflictResolver
instanceKlass org/apache/maven/plugin/DefaultBuildPluginManager
instanceKlass org/apache/maven/plugin/prefix/PluginPrefixRequest
instanceKlass org/apache/maven/lifecycle/internal/DefaultLifecycleTaskSegmentCalculator
instanceKlass org/apache/maven/wagon/InputData
instanceKlass org/apache/maven/wagon/OutputData
instanceKlass java/util/EventObject
instanceKlass org/apache/maven/wagon/events/TransferListener
instanceKlass org/apache/maven/wagon/events/SessionListener
instanceKlass org/apache/maven/wagon/resource/Resource
instanceKlass org/apache/maven/wagon/repository/RepositoryPermissions
instanceKlass org/apache/maven/wagon/proxy/ProxyInfo
instanceKlass org/apache/maven/wagon/authentication/AuthenticationInfo
instanceKlass org/apache/maven/wagon/events/TransferEventSupport
instanceKlass org/apache/maven/wagon/events/SessionEventSupport
instanceKlass org/apache/maven/wagon/repository/Repository
instanceKlass org/apache/maven/wagon/proxy/ProxyInfoProvider
instanceKlass org/apache/maven/wagon/AbstractWagon
instanceKlass org/apache/maven/wagon/StreamingWagon
instanceKlass org/apache/maven/repository/legacy/resolver/DefaultLegacyArtifactCollector
instanceKlass org/apache/maven/DefaultProjectDependenciesResolver
instanceKlass org/apache/maven/artifact/versioning/ArtifactVersion
instanceKlass org/apache/maven/execution/DefaultRuntimeInformation
instanceKlass org/apache/maven/repository/DefaultMirrorSelector
instanceKlass org/apache/maven/model/merge/ModelMerger
instanceKlass org/apache/maven/model/plugin/DefaultLifecycleBindingsInjector
instanceKlass org/apache/maven/plugin/version/internal/DefaultPluginVersionResolver$Versions
instanceKlass org/apache/maven/plugin/version/internal/DefaultPluginVersionResult
instanceKlass org/eclipse/aether/RequestTrace
instanceKlass org/apache/maven/plugin/version/internal/DefaultPluginVersionResolver$Key
instanceKlass org/apache/maven/plugin/version/PluginVersionRequest
instanceKlass org/apache/maven/plugin/version/PluginVersionResult
instanceKlass org/eclipse/aether/repository/ArtifactRepository
instanceKlass org/eclipse/aether/version/VersionScheme
instanceKlass org/apache/maven/plugin/version/internal/DefaultPluginVersionResolver
instanceKlass org/apache/maven/artifact/resolver/ResolutionNode
instanceKlass org/apache/maven/repository/legacy/resolver/conflict/NewestConflictResolver
instanceKlass org/apache/maven/repository/legacy/repository/DefaultArtifactRepositoryFactory
instanceKlass org/eclipse/aether/metadata/Metadata
instanceKlass org/eclipse/aether/artifact/Artifact
instanceKlass org/codehaus/plexus/logging/AbstractLogEnabled
instanceKlass org/apache/maven/repository/Proxy
instanceKlass org/apache/maven/model/RepositoryPolicy
instanceKlass org/apache/maven/artifact/repository/Authentication
instanceKlass org/apache/maven/settings/TrackableBase
instanceKlass org/apache/maven/model/RepositoryBase
instanceKlass org/apache/maven/artifact/repository/ArtifactRepositoryPolicy
instanceKlass org/apache/maven/repository/ArtifactTransferListener
instanceKlass org/apache/maven/artifact/resolver/ArtifactResolutionResult
instanceKlass org/apache/maven/artifact/resolver/ArtifactResolutionRequest
instanceKlass org/apache/maven/settings/crypto/SettingsDecryptionRequest
instanceKlass org/apache/maven/repository/legacy/LegacyRepositorySystem
instanceKlass org/apache/maven/project/DefaultDependencyResolutionResult
instanceKlass org/apache/maven/project/DependencyResolutionRequest
instanceKlass org/eclipse/aether/graph/DependencyVisitor
instanceKlass org/apache/maven/project/DependencyResolutionResult
instanceKlass org/apache/maven/project/DefaultProjectDependenciesResolver
instanceKlass org/apache/maven/project/ProjectRealmCache$CacheRecord
instanceKlass org/eclipse/aether/graph/DependencyFilter
instanceKlass org/apache/maven/project/DefaultProjectBuildingHelper
instanceKlass org/apache/maven/project/validation/ModelValidationResult
instanceKlass org/apache/maven/model/building/ModelBuildingRequest
instanceKlass org/apache/maven/model/building/ModelProblemCollector
instanceKlass org/apache/maven/project/validation/DefaultModelValidator
instanceKlass org/apache/maven/artifact/versioning/VersionRange
instanceKlass org/apache/maven/artifact/factory/DefaultArtifactFactory
instanceKlass org/apache/maven/artifact/repository/metadata/io/DefaultMetadataReader
instanceKlass org/apache/maven/artifact/repository/layout/FlatRepositoryLayout
instanceKlass org/apache/maven/model/building/Result
instanceKlass org/apache/maven/execution/ProjectDependencyGraph
instanceKlass org/apache/maven/model/building/ModelSource
instanceKlass org/apache/maven/graph/DefaultGraphBuilder
instanceKlass org/apache/maven/project/artifact/MavenMetadataSource$ProjectRelocation
instanceKlass org/apache/maven/model/building/ModelProblem
instanceKlass org/apache/maven/artifact/repository/metadata/Metadata
instanceKlass org/apache/maven/model/Dependency
instanceKlass org/apache/maven/artifact/repository/ArtifactRepository
instanceKlass org/apache/maven/artifact/Artifact
instanceKlass org/apache/maven/artifact/resolver/filter/ArtifactFilter
instanceKlass org/apache/maven/artifact/repository/metadata/RepositoryMetadata
instanceKlass org/apache/maven/artifact/metadata/ArtifactMetadata
instanceKlass org/apache/maven/repository/legacy/metadata/ArtifactMetadata
instanceKlass org/apache/maven/repository/legacy/metadata/MetadataResolutionRequest
instanceKlass org/apache/maven/artifact/repository/RepositoryRequest
instanceKlass org/apache/maven/repository/legacy/metadata/ResolutionGroup
instanceKlass org/apache/maven/project/artifact/MavenMetadataSource
instanceKlass org/apache/maven/model/ModelBase
instanceKlass org/apache/maven/project/path/DefaultPathTranslator
instanceKlass org/apache/maven/artifact/handler/DefaultArtifactHandler
instanceKlass org/apache/maven/model/ConfigurationContainer
instanceKlass org/apache/maven/model/InputLocationTracker
instanceKlass org/codehaus/plexus/component/repository/ComponentSetDescriptor
instanceKlass org/apache/maven/plugin/PluginDescriptorCache$PluginDescriptorSupplier
instanceKlass org/apache/maven/plugin/PluginDescriptorCache$Key
instanceKlass org/apache/maven/plugin/DefaultPluginDescriptorCache
instanceKlass org/eclipse/aether/RepositorySystemSession
instanceKlass org/apache/maven/plugin/internal/DefaultLegacySupport
instanceKlass org/apache/maven/lifecycle/mapping/DefaultLifecycleMapping
instanceKlass org/objectweb/asm/Handler
instanceKlass org/objectweb/asm/Frame
instanceKlass org/objectweb/asm/ByteVector
instanceKlass org/objectweb/asm/Symbol
instanceKlass org/objectweb/asm/SymbolTable
instanceKlass org/objectweb/asm/MethodVisitor
instanceKlass org/objectweb/asm/RecordComponentVisitor
instanceKlass org/objectweb/asm/ModuleVisitor
instanceKlass org/objectweb/asm/FieldVisitor
instanceKlass com/google/inject/spi/ProviderWithExtensionVisitor
instanceKlass com/google/common/collect/Iterables
instanceKlass java/util/stream/ForEachOps$ForEachOp
instanceKlass java/util/stream/ForEachOps
instanceKlass  @bci com/google/inject/spi/InjectionPoint forConstructorOf (Lcom/google/inject/TypeLiteral;Z)Lcom/google/inject/spi/InjectionPoint; 83 <appendix> member <vmtarget> ; # com/google/inject/spi/InjectionPoint$$Lambda+0x00000000200b33c8
instanceKlass  @bci com/google/inject/spi/InjectionPoint forConstructorOf (Lcom/google/inject/TypeLiteral;Z)Lcom/google/inject/spi/InjectionPoint; 67 <appendix> argL0 ; # com/google/inject/spi/InjectionPoint$$Lambda+0x00000000200b3170
instanceKlass  @bci com/google/inject/spi/InjectionPoint forConstructorOf (Lcom/google/inject/TypeLiteral;Z)Lcom/google/inject/spi/InjectionPoint; 57 <appendix> argL0 ; # com/google/inject/spi/InjectionPoint$$Lambda+0x00000000200b2f18
instanceKlass  @bci com/google/inject/spi/InjectionPoint forConstructorOf (Lcom/google/inject/TypeLiteral;Z)Lcom/google/inject/spi/InjectionPoint; 24 <appendix> argL0 ; # com/google/inject/spi/InjectionPoint$$Lambda+0x00000000200b2cc0
instanceKlass org/eclipse/sisu/plexus/PlexusBean
instanceKlass org/codehaus/plexus/component/repository/ComponentDescriptor
instanceKlass com/google/inject/spi/ProvidesMethodBinding
instanceKlass org/eclipse/sisu/inject/Guice4
instanceKlass com/google/inject/internal/GuiceInternal
instanceKlass org/sonatype/inject/Parameters
instanceKlass org/eclipse/sisu/plexus/PlexusXmlBeanConverter
instanceKlass org/eclipse/sisu/plexus/PlexusBeanConverter
instanceKlass com/google/inject/spi/TypeConverterBinding
instanceKlass java/lang/reflect/AnnotatedParameterizedType
instanceKlass sun/reflect/generics/tree/Wildcard
instanceKlass sun/reflect/generics/tree/BottomSignature
instanceKlass org/eclipse/sisu/inject/DefaultRankingFunction
instanceKlass com/google/inject/spi/ProvisionListenerBinding
instanceKlass com/google/inject/spi/TypeListenerBinding
instanceKlass org/eclipse/sisu/bean/BeanListener
instanceKlass com/google/inject/matcher/Matchers
instanceKlass org/eclipse/sisu/bean/PropertyBinder
instanceKlass org/eclipse/sisu/plexus/PlexusBeanBinder
instanceKlass com/google/inject/spi/InjectionListener
instanceKlass org/sonatype/plexus/components/sec/dispatcher/DefaultSecDispatcher
instanceKlass org/sonatype/plexus/components/cipher/DefaultPlexusCipher
instanceKlass org/sonatype/plexus/components/cipher/PlexusCipher
instanceKlass org/codehaus/plexus/component/configurator/AbstractComponentConfigurator
instanceKlass org/codehaus/plexus/component/configurator/ComponentConfigurator
# instanceKlass java/lang/invoke/LambdaForm$MH+0x00000000200b4000
instanceKlass java/lang/invoke/MethodHandle$1
instanceKlass org/apache/maven/settings/validation/DefaultSettingsValidator
instanceKlass org/apache/maven/settings/validation/SettingsValidator
instanceKlass org/apache/maven/settings/io/DefaultSettingsWriter
instanceKlass org/apache/maven/settings/io/SettingsWriter
instanceKlass org/apache/maven/settings/io/DefaultSettingsReader
instanceKlass org/apache/maven/settings/io/SettingsReader
instanceKlass org/apache/maven/settings/crypto/DefaultSettingsDecrypter
instanceKlass org/apache/maven/settings/crypto/SettingsDecrypter
instanceKlass org/apache/maven/settings/building/DefaultSettingsBuilder
instanceKlass org/apache/maven/settings/building/SettingsBuilder
instanceKlass org/eclipse/aether/transport/wagon/WagonTransporterFactory
instanceKlass org/eclipse/aether/internal/transport/wagon/PlexusWagonProvider
instanceKlass org/eclipse/aether/transport/wagon/WagonProvider
instanceKlass org/eclipse/aether/internal/transport/wagon/PlexusWagonConfigurator
instanceKlass org/eclipse/aether/transport/wagon/WagonConfigurator
instanceKlass org/eclipse/aether/transport/http/ChecksumExtractor
instanceKlass org/eclipse/aether/transport/http/HttpTransporterFactory
instanceKlass org/eclipse/aether/transport/file/FileTransporterFactory
instanceKlass org/eclipse/aether/spi/connector/transport/TransporterFactory
instanceKlass org/apache/maven/repository/internal/VersionsMetadataGeneratorFactory
instanceKlass org/apache/maven/repository/internal/SnapshotMetadataGeneratorFactory
instanceKlass org/apache/maven/repository/internal/PluginsMetadataGeneratorFactory
instanceKlass org/eclipse/aether/impl/MetadataGeneratorFactory
instanceKlass org/apache/maven/repository/internal/DefaultVersionResolver
instanceKlass org/eclipse/aether/impl/VersionResolver
instanceKlass org/apache/maven/repository/internal/DefaultVersionRangeResolver
instanceKlass org/eclipse/aether/impl/VersionRangeResolver
instanceKlass org/apache/maven/repository/internal/DefaultModelCacheFactory
instanceKlass org/apache/maven/repository/internal/ModelCacheFactory
instanceKlass org/apache/maven/repository/internal/DefaultArtifactDescriptorReader
instanceKlass org/eclipse/aether/impl/ArtifactDescriptorReader
instanceKlass org/eclipse/aether/named/support/NamedLockFactorySupport
instanceKlass org/eclipse/aether/named/NamedLockFactory
instanceKlass org/eclipse/aether/internal/impl/synccontext/named/providers/StaticNameMapperProvider
instanceKlass org/eclipse/aether/internal/impl/synccontext/named/providers/GAVNameMapperProvider
instanceKlass org/eclipse/aether/internal/impl/synccontext/named/providers/FileStaticNameMapperProvider
instanceKlass org/eclipse/aether/internal/impl/synccontext/named/providers/FileHashingGAVNameMapperProvider
instanceKlass org/eclipse/aether/internal/impl/synccontext/named/providers/FileGAVNameMapperProvider
instanceKlass org/eclipse/aether/internal/impl/synccontext/named/NameMapper
instanceKlass org/eclipse/aether/internal/impl/synccontext/named/providers/DiscriminatingNameMapperProvider
instanceKlass org/eclipse/aether/internal/impl/synccontext/named/NamedLockFactoryAdapterFactoryImpl
instanceKlass org/eclipse/aether/internal/impl/synccontext/named/NamedLockFactoryAdapterFactory
instanceKlass org/eclipse/aether/internal/impl/synccontext/legacy/DefaultSyncContextFactory
instanceKlass org/eclipse/aether/impl/SyncContextFactory
instanceKlass org/eclipse/aether/internal/impl/synccontext/DefaultSyncContextFactory
instanceKlass org/eclipse/aether/spi/synccontext/SyncContextFactory
instanceKlass java/lang/Deprecated
instanceKlass org/eclipse/aether/internal/impl/slf4j/Slf4jLoggerFactory
instanceKlass org/eclipse/aether/internal/impl/resolution/ArtifactResolverPostProcessorSupport
instanceKlass org/eclipse/aether/internal/impl/filter/RemoteRepositoryFilterSourceSupport
instanceKlass org/eclipse/aether/spi/connector/filter/RemoteRepositoryFilterSource
instanceKlass org/eclipse/aether/spi/resolution/ArtifactResolverPostProcessor
instanceKlass org/eclipse/aether/internal/impl/filter/DefaultRemoteRepositoryFilterManager
instanceKlass org/eclipse/aether/impl/RemoteRepositoryFilterManager
instanceKlass org/eclipse/aether/internal/impl/collect/DependencyCollectorDelegate
instanceKlass org/eclipse/aether/internal/impl/collect/DefaultDependencyCollector
instanceKlass org/eclipse/aether/impl/DependencyCollector
instanceKlass org/eclipse/aether/internal/impl/checksum/TrustedToProvidedChecksumsSourceAdapter
instanceKlass org/eclipse/aether/spi/checksums/ProvidedChecksumsSource
instanceKlass org/eclipse/aether/internal/impl/checksum/FileTrustedChecksumsSourceSupport
instanceKlass org/eclipse/aether/spi/checksums/TrustedChecksumsSource
instanceKlass org/eclipse/aether/spi/connector/checksum/ChecksumAlgorithmFactorySupport
instanceKlass org/eclipse/aether/spi/connector/checksum/ChecksumAlgorithmFactory
instanceKlass org/eclipse/aether/internal/impl/checksum/DefaultChecksumAlgorithmFactorySelector
instanceKlass org/eclipse/aether/spi/connector/checksum/ChecksumAlgorithmFactorySelector
instanceKlass org/eclipse/aether/internal/impl/SimpleLocalRepositoryManagerFactory
instanceKlass org/eclipse/aether/internal/impl/Maven2RepositoryLayoutFactory
instanceKlass org/eclipse/aether/spi/connector/layout/RepositoryLayoutFactory
instanceKlass org/eclipse/aether/spi/log/LoggerFactory
instanceKlass org/eclipse/aether/internal/impl/LoggerFactoryProvider
instanceKlass org/eclipse/aether/internal/impl/EnhancedLocalRepositoryManagerFactory
instanceKlass org/eclipse/aether/spi/localrepo/LocalRepositoryManagerFactory
instanceKlass org/eclipse/aether/internal/impl/DefaultUpdatePolicyAnalyzer
instanceKlass org/eclipse/aether/impl/UpdatePolicyAnalyzer
instanceKlass org/eclipse/aether/internal/impl/DefaultUpdateCheckManager
instanceKlass org/eclipse/aether/impl/UpdateCheckManager
instanceKlass org/eclipse/aether/internal/impl/DefaultTransporterProvider
instanceKlass org/eclipse/aether/spi/connector/transport/TransporterProvider
instanceKlass org/eclipse/aether/internal/impl/DefaultTrackingFileManager
instanceKlass org/eclipse/aether/internal/impl/TrackingFileManager
instanceKlass org/eclipse/aether/internal/impl/DefaultRepositorySystemLifecycle
instanceKlass org/eclipse/aether/impl/RepositorySystemLifecycle
instanceKlass org/eclipse/aether/internal/impl/DefaultRepositorySystem
instanceKlass org/eclipse/aether/RepositorySystem
instanceKlass org/eclipse/aether/internal/impl/DefaultRepositoryLayoutProvider
instanceKlass org/eclipse/aether/spi/connector/layout/RepositoryLayoutProvider
instanceKlass org/eclipse/aether/internal/impl/DefaultRepositoryEventDispatcher
instanceKlass org/eclipse/aether/impl/RepositoryEventDispatcher
instanceKlass org/eclipse/aether/internal/impl/DefaultRepositoryConnectorProvider
instanceKlass org/eclipse/aether/impl/RepositoryConnectorProvider
instanceKlass org/eclipse/aether/internal/impl/DefaultRemoteRepositoryManager
instanceKlass org/eclipse/aether/impl/RemoteRepositoryManager
instanceKlass org/eclipse/aether/internal/impl/DefaultOfflineController
instanceKlass org/eclipse/aether/impl/OfflineController
instanceKlass org/eclipse/aether/internal/impl/DefaultMetadataResolver
instanceKlass org/eclipse/aether/impl/MetadataResolver
instanceKlass org/eclipse/aether/internal/impl/DefaultLocalRepositoryProvider
instanceKlass org/eclipse/aether/impl/LocalRepositoryProvider
instanceKlass org/eclipse/aether/internal/impl/LocalPathPrefixComposerFactorySupport
instanceKlass org/eclipse/aether/internal/impl/LocalPathPrefixComposerFactory
instanceKlass org/eclipse/aether/internal/impl/DefaultLocalPathComposer
instanceKlass org/eclipse/aether/internal/impl/LocalPathComposer
instanceKlass org/eclipse/aether/internal/impl/DefaultInstaller
instanceKlass org/eclipse/aether/impl/Installer
instanceKlass org/eclipse/aether/internal/impl/DefaultFileProcessor
instanceKlass org/eclipse/aether/spi/io/FileProcessor
instanceKlass org/eclipse/aether/internal/impl/DefaultDeployer
instanceKlass org/eclipse/aether/impl/Deployer
instanceKlass org/eclipse/aether/internal/impl/DefaultChecksumPolicyProvider
instanceKlass org/eclipse/aether/spi/connector/checksum/ChecksumPolicyProvider
instanceKlass org/eclipse/aether/internal/impl/DefaultArtifactResolver
instanceKlass org/eclipse/aether/impl/ArtifactResolver
instanceKlass org/eclipse/aether/connector/basic/BasicRepositoryConnectorFactory
instanceKlass org/eclipse/aether/spi/locator/Service
instanceKlass org/eclipse/aether/spi/connector/RepositoryConnectorFactory
instanceKlass org/apache/maven/model/validation/DefaultModelValidator
instanceKlass org/apache/maven/model/validation/ModelValidator
instanceKlass org/apache/maven/model/superpom/DefaultSuperPomProvider
instanceKlass org/apache/maven/model/superpom/SuperPomProvider
instanceKlass org/apache/maven/model/profile/activation/PropertyProfileActivator
instanceKlass org/apache/maven/model/profile/activation/OperatingSystemProfileActivator
instanceKlass org/apache/maven/model/profile/activation/JdkVersionProfileActivator
instanceKlass org/apache/maven/model/profile/activation/FileProfileActivator
instanceKlass org/apache/maven/model/profile/activation/ProfileActivator
instanceKlass org/apache/maven/model/profile/DefaultProfileSelector
instanceKlass org/apache/maven/model/profile/ProfileSelector
instanceKlass org/apache/maven/model/profile/DefaultProfileInjector
instanceKlass org/apache/maven/model/profile/ProfileInjector
instanceKlass org/apache/maven/model/plugin/DefaultReportingConverter
instanceKlass org/apache/maven/model/plugin/ReportingConverter
instanceKlass org/apache/maven/model/plugin/DefaultReportConfigurationExpander
instanceKlass org/apache/maven/model/plugin/ReportConfigurationExpander
instanceKlass org/apache/maven/model/plugin/DefaultPluginConfigurationExpander
instanceKlass org/apache/maven/model/plugin/PluginConfigurationExpander
instanceKlass org/apache/maven/model/path/ProfileActivationFilePathInterpolator
instanceKlass org/apache/maven/model/path/DefaultUrlNormalizer
instanceKlass org/apache/maven/model/path/UrlNormalizer
instanceKlass org/apache/maven/model/path/DefaultPathTranslator
instanceKlass org/apache/maven/model/path/PathTranslator
instanceKlass org/apache/maven/model/path/DefaultModelUrlNormalizer
instanceKlass org/apache/maven/model/path/ModelUrlNormalizer
instanceKlass org/apache/maven/model/path/DefaultModelPathTranslator
instanceKlass org/apache/maven/model/path/ModelPathTranslator
instanceKlass org/apache/maven/model/normalization/DefaultModelNormalizer
instanceKlass org/apache/maven/model/normalization/ModelNormalizer
instanceKlass org/apache/maven/model/management/DefaultPluginManagementInjector
instanceKlass org/apache/maven/model/management/PluginManagementInjector
instanceKlass org/apache/maven/model/management/DefaultDependencyManagementInjector
instanceKlass org/apache/maven/model/management/DependencyManagementInjector
instanceKlass org/apache/maven/model/locator/DefaultModelLocator
instanceKlass org/apache/maven/model/io/DefaultModelWriter
instanceKlass org/apache/maven/model/io/ModelWriter
instanceKlass org/apache/maven/model/io/DefaultModelReader
instanceKlass org/apache/maven/model/interpolation/AbstractStringBasedModelInterpolator
instanceKlass org/apache/maven/model/interpolation/ModelInterpolator
instanceKlass org/apache/maven/model/interpolation/DefaultModelVersionProcessor
instanceKlass org/apache/maven/model/interpolation/ModelVersionProcessor
instanceKlass org/apache/maven/model/inheritance/DefaultInheritanceAssembler
instanceKlass org/apache/maven/model/inheritance/InheritanceAssembler
instanceKlass org/apache/maven/model/composition/DefaultDependencyManagementImporter
instanceKlass org/apache/maven/model/composition/DependencyManagementImporter
instanceKlass  @bci sun/reflect/annotation/AnnotationParser parseClassArray (ILjava/nio/ByteBuffer;Ljdk/internal/reflect/ConstantPool;Ljava/lang/Class;)Ljava/lang/Object; 10 <appendix> member <vmtarget> ; # sun/reflect/annotation/AnnotationParser$$Lambda+0x0000000020029168
instanceKlass org/apache/maven/model/building/DefaultModelProcessor
instanceKlass org/apache/maven/model/building/ModelProcessor
instanceKlass org/apache/maven/model/io/ModelReader
instanceKlass org/apache/maven/model/locator/ModelLocator
instanceKlass org/apache/maven/model/building/DefaultModelBuilder
instanceKlass org/apache/maven/model/building/ModelBuilder
instanceKlass org/apache/maven/cli/internal/BootstrapCoreExtensionManager
instanceKlass org/apache/maven/cli/configuration/SettingsXmlConfigurationProcessor
instanceKlass org/apache/maven/cli/configuration/ConfigurationProcessor
instanceKlass org/apache/maven/toolchain/io/DefaultToolchainsWriter
instanceKlass org/apache/maven/toolchain/io/ToolchainsWriter
instanceKlass org/apache/maven/toolchain/io/DefaultToolchainsReader
instanceKlass org/apache/maven/toolchain/io/ToolchainsReader
instanceKlass org/apache/maven/toolchain/building/DefaultToolchainsBuilder
instanceKlass org/apache/maven/toolchain/building/ToolchainsBuilder
instanceKlass org/apache/maven/execution/MavenSession
instanceKlass org/apache/maven/session/scope/internal/SessionScope$ScopeState
instanceKlass  @bci org/apache/maven/session/scope/internal/SessionScope <clinit> ()V 0 <appendix> argL0 ; # org/apache/maven/session/scope/internal/SessionScope$$Lambda+0x00000000200a0000
instanceKlass org/apache/maven/session/scope/internal/SessionScope
instanceKlass org/apache/maven/plugin/internal/AbstractMavenPluginDependenciesValidator
instanceKlass org/apache/maven/plugin/internal/MavenPluginDependenciesValidator
instanceKlass org/apache/maven/plugin/internal/AbstractMavenPluginParametersValidator
instanceKlass org/apache/maven/plugin/internal/MavenPluginConfigurationValidator
instanceKlass org/apache/maven/eventspy/AbstractEventSpy
instanceKlass org/apache/maven/plugin/PluginValidationManager
instanceKlass org/apache/maven/plugin/DefaultMojosExecutionStrategy
instanceKlass org/apache/maven/plugin/MojosExecutionStrategy
instanceKlass org/apache/maven/lifecycle/internal/LifecycleDependencyResolver
instanceKlass org/apache/maven/lifecycle/internal/DefaultProjectArtifactFactory
instanceKlass org/apache/maven/lifecycle/internal/ProjectArtifactFactory
instanceKlass org/apache/maven/internal/aether/ResolverLifecycle
instanceKlass org/apache/maven/internal/aether/DefaultRepositorySystemSessionFactory
instanceKlass org/apache/maven/extension/internal/CoreExportsProvider
instanceKlass org/apache/maven/plugin/MojoExecution
instanceKlass org/apache/maven/project/MavenProject
instanceKlass org/apache/maven/execution/MojoExecutionEvent
instanceKlass org/apache/maven/execution/scope/internal/MojoExecutionScope$ScopeState
instanceKlass org/apache/maven/execution/scope/MojoExecutionScoped
instanceKlass com/google/inject/RestrictedBindingSource$Permit
instanceKlass org/apache/maven/execution/scope/internal/MojoExecutionScope$1
instanceKlass org/apache/maven/execution/scope/internal/MojoExecutionScope
instanceKlass org/apache/maven/execution/MojoExecutionListener
instanceKlass org/eclipse/sisu/space/QualifiedTypeBinder$1
instanceKlass org/apache/maven/execution/DefaultMavenExecutionRequestPopulator
instanceKlass org/apache/maven/execution/MavenExecutionRequestPopulator
instanceKlass org/apache/maven/classrealm/DefaultClassRealmManager
instanceKlass org/apache/maven/classrealm/ClassRealmManager
instanceKlass org/apache/maven/SessionScoped
instanceKlass org/apache/maven/ReactorReader
instanceKlass org/apache/maven/repository/internal/MavenWorkspaceReader
instanceKlass org/eclipse/aether/repository/WorkspaceReader
instanceKlass org/apache/maven/DefaultArtifactFilterManager
instanceKlass org/apache/maven/ArtifactFilterManager
instanceKlass org/eclipse/sisu/space/WildcardKey$QualifiedImpl
instanceKlass org/eclipse/sisu/space/WildcardKey$Qualified
instanceKlass org/eclipse/sisu/space/WildcardKey
instanceKlass org/eclipse/sisu/Typed
instanceKlass org/sonatype/inject/EagerSingleton
instanceKlass org/eclipse/sisu/EagerSingleton
instanceKlass org/sonatype/inject/Mediator
instanceKlass org/eclipse/sisu/inject/TypeArguments
instanceKlass org/netbeans/modules/maven/event/NbEventSpy
instanceKlass org/apache/maven/eventspy/EventSpy
instanceKlass org/objectweb/asm/Context
instanceKlass org/objectweb/asm/Attribute
instanceKlass org/objectweb/asm/AnnotationVisitor
instanceKlass org/objectweb/asm/ClassReader
instanceKlass org/eclipse/sisu/space/IndexedClassFinder$1
instanceKlass jdk/internal/foreign/MemorySessionImpl
instanceKlass java/lang/foreign/MemorySegment$Scope
instanceKlass org/eclipse/sisu/inject/Logs$SLF4JSink
instanceKlass org/eclipse/sisu/inject/Logs$Sink
instanceKlass org/eclipse/sisu/inject/Logs
instanceKlass org/eclipse/sisu/space/QualifierCache
instanceKlass org/eclipse/sisu/space/QualifiedTypeVisitor
instanceKlass org/eclipse/sisu/plexus/PlexusTypeVisitor$ComponentAnnotationVisitor
instanceKlass org/eclipse/sisu/space/AnnotationVisitor
instanceKlass org/eclipse/sisu/plexus/PlexusTypeVisitor
instanceKlass org/eclipse/sisu/space/ClassVisitor
instanceKlass org/eclipse/sisu/plexus/PlexusXmlBeanModule$PlexusXmlBeanSource
instanceKlass org/eclipse/sisu/inject/DescriptionSource
instanceKlass org/eclipse/sisu/inject/AnnotatedSource
instanceKlass org/eclipse/sisu/Priority
instanceKlass org/eclipse/sisu/Hidden
instanceKlass org/eclipse/sisu/Description
instanceKlass org/eclipse/sisu/inject/Sources
instanceKlass com/google/inject/internal/MoreTypes$ParameterizedTypeImpl
instanceKlass sun/reflect/generics/reflectiveObjects/ParameterizedTypeImpl
instanceKlass sun/reflect/generics/reflectiveObjects/LazyReflectiveObjectGenerator
instanceKlass com/google/inject/Key$AnnotationInstanceStrategy
instanceKlass com/google/inject/name/NamedImpl
instanceKlass com/google/inject/name/Named
instanceKlass com/google/inject/name/Names
instanceKlass org/apache/maven/wagon/Wagon
instanceKlass org/apache/maven/toolchain/ToolchainsBuilder
instanceKlass org/apache/maven/toolchain/ToolchainManagerPrivate
instanceKlass org/apache/maven/toolchain/ToolchainManager
instanceKlass org/apache/maven/toolchain/ToolchainFactory
instanceKlass org/apache/maven/settings/MavenSettingsBuilder
instanceKlass org/apache/maven/rtinfo/RuntimeInformation
instanceKlass org/apache/maven/project/artifact/ProjectArtifactsCache
instanceKlass org/apache/maven/project/artifact/MavenMetadataCache
instanceKlass org/apache/maven/project/ProjectRealmCache
instanceKlass org/apache/maven/project/ProjectDependenciesResolver
instanceKlass org/apache/maven/project/ProjectBuildingHelper
instanceKlass org/apache/maven/project/ProjectBuilder
instanceKlass org/apache/maven/project/MavenProjectHelper
instanceKlass org/apache/maven/plugin/version/PluginVersionResolver
instanceKlass org/apache/maven/plugin/prefix/PluginPrefixResolver
instanceKlass org/apache/maven/plugin/internal/PluginDependenciesResolver
instanceKlass org/apache/maven/plugin/PluginRealmCache
instanceKlass org/apache/maven/plugin/PluginManager
instanceKlass org/apache/maven/plugin/PluginDescriptorCache
instanceKlass org/apache/maven/plugin/PluginArtifactsCache
instanceKlass org/apache/maven/plugin/MavenPluginManager
instanceKlass org/apache/maven/plugin/LegacySupport
instanceKlass org/apache/maven/plugin/ExtensionRealmCache
instanceKlass org/apache/maven/plugin/BuildPluginManager
instanceKlass org/apache/maven/model/plugin/LifecycleBindingsInjector
instanceKlass org/apache/maven/lifecycle/internal/builder/BuilderCommon
instanceKlass org/apache/maven/lifecycle/internal/builder/Builder
instanceKlass org/apache/maven/lifecycle/internal/MojoExecutor
instanceKlass org/apache/maven/lifecycle/internal/MojoDescriptorCreator
instanceKlass org/apache/maven/lifecycle/internal/LifecycleTaskSegmentCalculator
instanceKlass org/apache/maven/lifecycle/internal/LifecycleStarter
instanceKlass org/apache/maven/lifecycle/internal/LifecyclePluginResolver
instanceKlass org/apache/maven/lifecycle/internal/LifecycleModuleBuilder
instanceKlass org/apache/maven/lifecycle/internal/LifecycleExecutionPlanCalculator
instanceKlass org/apache/maven/lifecycle/internal/LifecycleDebugLogger
instanceKlass org/apache/maven/lifecycle/internal/ExecutionEventCatapult
instanceKlass org/apache/maven/lifecycle/internal/BuildListCalculator
instanceKlass org/apache/maven/lifecycle/MojoExecutionConfigurator
instanceKlass org/apache/maven/lifecycle/LifecycleMappingDelegate
instanceKlass org/apache/maven/lifecycle/LifecycleExecutor
instanceKlass org/apache/maven/lifecycle/LifeCyclePluginAnalyzer
instanceKlass org/apache/maven/lifecycle/DefaultLifecycles
instanceKlass org/apache/maven/graph/GraphBuilder
instanceKlass org/apache/maven/eventspy/internal/EventSpyDispatcher
instanceKlass org/apache/maven/configuration/BeanConfigurator
instanceKlass org/apache/maven/bridge/MavenRepositorySystem
instanceKlass org/apache/maven/artifact/resolver/ResolutionErrorHandler
instanceKlass org/apache/maven/artifact/repository/metadata/io/MetadataReader
instanceKlass org/apache/maven/artifact/metadata/ArtifactMetadataSource
instanceKlass org/apache/maven/repository/legacy/metadata/ArtifactMetadataSource
instanceKlass org/apache/maven/artifact/handler/manager/ArtifactHandlerManager
instanceKlass org/apache/maven/artifact/factory/ArtifactFactory
instanceKlass org/apache/maven/ProjectDependenciesResolver
instanceKlass org/apache/maven/Maven
instanceKlass org/apache/maven/artifact/handler/ArtifactHandler
instanceKlass org/sonatype/plexus/components/sec/dispatcher/SecDispatcher
instanceKlass org/apache/maven/lifecycle/Lifecycle
instanceKlass org/eclipse/sisu/space/CloningClassSpace$1
instanceKlass org/apache/maven/lifecycle/mapping/LifecycleMapping
instanceKlass org/apache/maven/repository/metadata/GraphConflictResolver
instanceKlass org/apache/maven/repository/metadata/GraphConflictResolutionPolicy
instanceKlass org/eclipse/sisu/plexus/ConfigurationImpl
instanceKlass org/apache/maven/repository/metadata/ClasspathTransformation
instanceKlass org/apache/maven/repository/legacy/resolver/transform/ArtifactTransformationManager
instanceKlass org/apache/maven/repository/legacy/resolver/transform/ArtifactTransformation
instanceKlass org/apache/maven/repository/legacy/resolver/conflict/ConflictResolverFactory
instanceKlass org/apache/maven/repository/legacy/resolver/conflict/ConflictResolver
instanceKlass java/lang/foreign/MemorySegment
instanceKlass org/apache/maven/repository/legacy/repository/ArtifactRepositoryFactory
instanceKlass org/apache/maven/repository/legacy/UpdateCheckManager
instanceKlass org/apache/maven/repository/RepositorySystem
instanceKlass org/apache/maven/repository/MirrorSelector
instanceKlass org/apache/maven/project/validation/ModelValidator
instanceKlass org/apache/maven/project/path/PathTranslator
instanceKlass org/apache/maven/project/interpolation/ModelInterpolator
instanceKlass org/apache/maven/project/inheritance/ModelInheritanceAssembler
instanceKlass org/apache/maven/project/MavenProjectBuilder
instanceKlass org/apache/maven/profiles/MavenProfilesBuilder
instanceKlass org/apache/maven/execution/RuntimeInformation
instanceKlass org/apache/maven/artifact/resolver/ArtifactResolver
instanceKlass org/apache/maven/artifact/resolver/ArtifactCollector
instanceKlass org/apache/maven/repository/legacy/resolver/LegacyArtifactCollector
instanceKlass org/apache/maven/artifact/repository/metadata/RepositoryMetadataManager
instanceKlass org/apache/maven/artifact/repository/layout/ArtifactRepositoryLayout
instanceKlass org/apache/maven/artifact/repository/ArtifactRepositoryFactory
instanceKlass org/apache/maven/artifact/manager/WagonManager
instanceKlass org/apache/maven/repository/legacy/WagonManager
instanceKlass org/apache/maven/artifact/installer/ArtifactInstaller
instanceKlass org/eclipse/sisu/plexus/PlexusXmlMetadata
instanceKlass org/eclipse/sisu/plexus/Roles
instanceKlass org/apache/maven/artifact/deployer/ArtifactDeployer
instanceKlass org/eclipse/sisu/plexus/Hints
instanceKlass org/eclipse/sisu/space/AbstractDeferredClass
instanceKlass org/eclipse/sisu/plexus/RequirementImpl
instanceKlass org/codehaus/plexus/component/annotations/Requirement
instanceKlass org/eclipse/sisu/space/Streams
instanceKlass org/eclipse/sisu/plexus/ComponentImpl
instanceKlass org/codehaus/plexus/component/annotations/Component
instanceKlass org/eclipse/sisu/plexus/PlexusTypeRegistry
instanceKlass org/eclipse/sisu/plexus/PlexusXmlScanner
instanceKlass org/eclipse/sisu/space/QualifiedTypeBinder
instanceKlass org/eclipse/sisu/plexus/PlexusTypeBinder
instanceKlass com/google/inject/spi/InjectionRequest
instanceKlass org/eclipse/sisu/bean/BeanProperty
instanceKlass com/google/common/collect/ObjectArrays
instanceKlass com/google/inject/internal/Nullability
instanceKlass  @bci com/google/inject/internal/KotlinSupport$KotlinUnsupported <clinit> ()V 7 <appendix> argL0 ; # com/google/inject/internal/KotlinSupport$KotlinUnsupported$$Lambda+0x00000000200911f0
instanceKlass  @cpi com/sun/tools/javac/comp/Modules 1632 form vmentry <vmtarget> ; # java/lang/invoke/LambdaForm$DMH+0x0000000020094000
instanceKlass com/google/inject/internal/KotlinSupport$KotlinUnsupported
instanceKlass com/google/inject/internal/KotlinSupport$KotlinSupportHolder
instanceKlass com/google/inject/internal/KotlinSupportInterface
instanceKlass com/google/inject/internal/KotlinSupport
instanceKlass com/google/inject/spi/InjectionPoint$OverrideIndex
instanceKlass org/eclipse/sisu/Mediator
instanceKlass org/eclipse/sisu/inject/RankedBindings
instanceKlass sun/reflect/generics/tree/TypeVariableSignature
instanceKlass com/google/inject/Inject
instanceKlass javax/inject/Inject
instanceKlass  @bci com/google/inject/internal/DeclaredMembers getDeclaredFields (Ljava/lang/Class;)[Ljava/lang/reflect/Field; 38 <appendix> argL0 ; # com/google/inject/internal/DeclaredMembers$$Lambda+0x000000002008cc90
instanceKlass  @bci com/google/inject/internal/DeclaredMembers getDeclaredFields (Ljava/lang/Class;)[Ljava/lang/reflect/Field; 20 <appendix> argL0 ; # com/google/inject/internal/DeclaredMembers$$Lambda+0x000000002008ca48
instanceKlass  @bci com/google/inject/internal/DeclaredMembers getDeclaredFields (Ljava/lang/Class;)[Ljava/lang/reflect/Field; 15 <appendix> argL0 ; # com/google/inject/internal/DeclaredMembers$$Lambda+0x000000002008c800
instanceKlass  @bci com/google/inject/internal/DeclaredMembers getDeclaredFields (Ljava/lang/Class;)[Ljava/lang/reflect/Field; 7 <appendix> argL0 ; # com/google/inject/internal/DeclaredMembers$$Lambda+0x000000002008dd80
instanceKlass java/lang/reflect/WildcardType
instanceKlass com/google/inject/spi/InjectionPoint$InjectableMembers
instanceKlass com/google/inject/spi/InjectionPoint$InjectableMember
instanceKlass com/google/inject/spi/InjectionPoint
instanceKlass java/lang/reflect/ParameterizedType
instanceKlass com/google/inject/internal/MoreTypes$GenericArrayTypeImpl
instanceKlass com/google/inject/internal/MoreTypes$CompositeType
instanceKlass com/google/inject/Key$AnnotationTypeStrategy
instanceKlass com/google/common/cache/LocalCache$StrongValueReference
instanceKlass com/google/common/util/concurrent/AbstractFuture$Failure
instanceKlass com/google/common/util/concurrent/AbstractFuture$Cancellation
instanceKlass com/google/common/util/concurrent/AbstractFuture$DelegatingToFuture
instanceKlass com/google/common/util/concurrent/Platform
instanceKlass com/google/common/util/concurrent/Uninterruptibles
instanceKlass com/google/common/util/concurrent/AbstractFuture$Listener
instanceKlass com/google/common/util/concurrent/AbstractFutureState$Waiter
instanceKlass com/google/common/util/concurrent/LazyLogger
instanceKlass java/util/concurrent/Executor
instanceKlass com/google/common/util/concurrent/AbstractFutureState$AtomicHelper
instanceKlass com/google/common/util/concurrent/internal/InternalFutureFailureAccess
instanceKlass com/google/common/util/concurrent/AbstractFuture$Trusted
instanceKlass com/google/common/util/concurrent/ListenableFuture
instanceKlass  @bci com/sun/tools/javac/comp/Operators$UnaryOperatorHelper addUnaryOperator (Lcom/sun/tools/javac/comp/Operators$OperatorType;Lcom/sun/tools/javac/comp/Operators$OperatorType;[I)Lcom/sun/tools/javac/comp/Operators$UnaryOperatorHelper; 9 <appendix> form vmentry <vmtarget> ; # java/lang/invoke/LambdaForm$DMH+0x000000002008c400
instanceKlass  @bci sun/reflect/annotation/AnnotationParser parseEnumArray (ILjava/lang/Class;Ljava/nio/ByteBuffer;Ljdk/internal/reflect/ConstantPool;Ljava/lang/Class;)Ljava/lang/Object; 16 <appendix> member <vmtarget> ; # sun/reflect/annotation/AnnotationParser$$Lambda+0x0000000020026cf8
instanceKlass java/lang/annotation/Documented
instanceKlass java/lang/annotation/Target
instanceKlass javax/inject/Named
instanceKlass javax/inject/Qualifier
instanceKlass com/google/inject/BindingAnnotation
instanceKlass javax/inject/Scope
instanceKlass com/google/inject/ScopeAnnotation
instanceKlass com/google/inject/internal/Annotations$AnnotationChecker
# instanceKlass java/lang/invoke/LambdaForm$MH+0x000000002008c000
instanceKlass jdk/internal/classfile/impl/StackMapDecoder$1
instanceKlass jdk/internal/classfile/impl/StackMapDecoder
instanceKlass jdk/internal/classfile/impl/StackCounter
instanceKlass  @bci java/lang/reflect/ProxyGenerator lambda$generateLookupAccessor$0 (Ljava/lang/classfile/MethodBuilder;)V 30 <appendix> member <vmtarget> ; # java/lang/reflect/ProxyGenerator$$Lambda+0x0000000020025770
instanceKlass  @bci java/lang/reflect/ProxyGenerator generateLookupAccessor (Ljava/lang/classfile/ClassBuilder;)V 10 <appendix> member <vmtarget> ; # java/lang/reflect/ProxyGenerator$$Lambda+0x0000000020025530
instanceKlass  @bci java/lang/reflect/ProxyGenerator generateStaticInitializer (Ljava/lang/classfile/ClassBuilder;)V 10 <appendix> member <vmtarget> ; # java/lang/reflect/ProxyGenerator$$Lambda+0x00000000200252f0
instanceKlass java/lang/classfile/attribute/StackMapTableAttribute
instanceKlass java/lang/classfile/attribute/StackMapFrameInfo
instanceKlass java/lang/classfile/instruction/ExceptionCatch
instanceKlass  @bci java/lang/reflect/ProxyGenerator$ProxyMethod lambda$generateMethod$0 (Ljava/lang/classfile/MethodBuilder;)V 30 <appendix> member <vmtarget> ; # java/lang/reflect/ProxyGenerator$ProxyMethod$$Lambda+0x00000000200249d8
instanceKlass java/lang/classfile/attribute/ExceptionsAttribute
instanceKlass  @bci java/lang/reflect/ProxyGenerator$ProxyMethod generateMethod (Ljava/lang/classfile/ClassBuilder;)V 42 <appendix> member <vmtarget> ; # java/lang/reflect/ProxyGenerator$ProxyMethod$$Lambda+0x0000000020024278
instanceKlass  @bci java/lang/reflect/ProxyGenerator generateConstructor (Ljava/lang/classfile/ClassBuilder;)V 8 <appendix> member <vmtarget> ; # java/lang/reflect/ProxyGenerator$$Lambda+0x0000000020024038
instanceKlass  @bci java/lang/reflect/ProxyGenerator generateClassFile ()[B 197 <appendix> member <vmtarget> ; # java/lang/reflect/ProxyGenerator$$Lambda+0x0000000020023df8
instanceKlass  @bci java/lang/reflect/ProxyGenerator proxyMethodsFor (Ljava/lang/String;)Ljava/util/List; 5 <appendix> argL0 ; # java/lang/reflect/ProxyGenerator$$Lambda+0x0000000020023bb0
instanceKlass java/lang/reflect/ProxyGenerator$ProxyMethod
instanceKlass java/lang/classfile/attribute/StackMapFrameInfo$ObjectVerificationTypeInfo
instanceKlass java/lang/classfile/attribute/StackMapFrameInfo$VerificationTypeInfo
instanceKlass java/util/StringJoiner
instanceKlass java/lang/classfile/ClassFile$Option
instanceKlass java/lang/reflect/ProxyGenerator
instanceKlass  @bci java/lang/WeakPairMap computeIfAbsent (Ljava/lang/Object;Ljava/lang/Object;Ljava/util/function/BiFunction;)Ljava/lang/Object; 18 <appendix> member <vmtarget> ; # java/lang/WeakPairMap$$Lambda+0x0000000020022f18
instanceKlass  @bci java/lang/Module implAddExportsOrOpens (Ljava/lang/String;Ljava/lang/Module;ZZ)V 151 <appendix> argL0 ; # java/lang/Module$$Lambda+0x0000000020022ce0
instanceKlass  @bci java/lang/module/ModuleDescriptor$Builder packages (Ljava/util/Set;)Ljava/lang/module/ModuleDescriptor$Builder; 17 <appendix> argL0 ; # java/lang/module/ModuleDescriptor$Builder$$Lambda+0x80000000e
instanceKlass java/lang/WeakPairMap$Pair$Lookup
instanceKlass java/lang/WeakPairMap$Pair
instanceKlass java/lang/WeakPairMap
instanceKlass java/lang/Module$ReflectionData
instanceKlass jdk/internal/module/Checks
instanceKlass java/lang/module/ModuleDescriptor$Builder
instanceKlass  @bci java/lang/reflect/Proxy$ProxyBuilder getDynamicModule (Ljava/lang/ClassLoader;)Ljava/lang/Module; 4 <appendix> argL0 ; # java/lang/reflect/Proxy$ProxyBuilder$$Lambda+0x00000000200225b0
instanceKlass java/lang/PublicMethods
instanceKlass java/util/Collections$1
instanceKlass java/lang/reflect/Proxy$ProxyBuilder
instanceKlass  @bci java/lang/reflect/Proxy getProxyConstructor (Ljava/lang/ClassLoader;[Ljava/lang/Class;)Ljava/lang/reflect/Constructor; 18 <appendix> argL0 ; # java/lang/reflect/Proxy$$Lambda+0x0000000020021938
instanceKlass java/lang/ClassValue$Identity
instanceKlass java/lang/ClassValue$Entry
instanceKlass java/lang/ClassValue
instanceKlass java/lang/reflect/Proxy
instanceKlass sun/reflect/annotation/AnnotationInvocationHandler
instanceKlass sun/reflect/annotation/ExceptionProxy
instanceKlass java/lang/annotation/Inherited
instanceKlass java/lang/annotation/Retention
instanceKlass sun/reflect/annotation/AnnotationType
instanceKlass java/lang/reflect/GenericArrayType
instanceKlass sun/reflect/generics/visitor/Reifier
instanceKlass sun/reflect/generics/visitor/TypeTreeVisitor
instanceKlass sun/reflect/generics/factory/CoreReflectionFactory
instanceKlass sun/reflect/generics/factory/GenericsFactory
instanceKlass sun/reflect/generics/scope/AbstractScope
instanceKlass sun/reflect/generics/scope/Scope
instanceKlass com/google/inject/internal/Annotations$TestAnnotation
instanceKlass com/google/inject/internal/Annotations$AnnotationToStringConfig
instanceKlass com/google/common/base/Joiner$MapJoiner
instanceKlass com/google/common/base/Joiner
instanceKlass java/lang/reflect/InvocationHandler
instanceKlass com/google/inject/internal/Annotations
instanceKlass org/eclipse/sisu/Parameters
instanceKlass org/eclipse/sisu/wire/ParameterKeys
instanceKlass com/google/inject/internal/util/StackTraceElements$InMemoryStackTraceElement
instanceKlass com/google/inject/internal/util/StackTraceElements
instanceKlass org/eclipse/sisu/wire/TypeConverterCache
instanceKlass com/google/inject/internal/Scoping
instanceKlass com/google/inject/internal/InternalFactory
instanceKlass java/lang/StackTraceElement$HashedModules
instanceKlass com/google/inject/internal/InternalFlags$1
instanceKlass com/google/inject/internal/InternalFlags
instanceKlass com/google/inject/spi/ConstructorBinding
instanceKlass com/google/inject/spi/ProviderInstanceBinding
instanceKlass com/google/inject/internal/DelayedInitialize
instanceKlass com/google/inject/spi/ProviderKeyBinding
instanceKlass com/google/inject/spi/InstanceBinding
instanceKlass com/google/inject/spi/HasDependencies
instanceKlass com/google/inject/spi/LinkedKeyBinding
instanceKlass com/google/inject/spi/UntargettedBinding
instanceKlass com/google/inject/internal/BindingImpl
instanceKlass com/google/inject/Key$AnnotationStrategy
instanceKlass org/eclipse/sisu/wire/ElementAnalyzer$1
instanceKlass com/google/inject/util/Modules$EmptyModule
instanceKlass com/google/inject/util/Modules$OverriddenModuleBuilder
instanceKlass com/google/inject/util/Modules
instanceKlass java/util/stream/Nodes$ArrayNode
instanceKlass  @bci com/google/inject/internal/DeclaredMembers getDeclaredMethods (Ljava/lang/Class;)[Ljava/lang/reflect/Method; 62 <appendix> argL0 ; # com/google/inject/internal/DeclaredMembers$$Lambda+0x0000000020081128
instanceKlass java/util/stream/SortedOps
instanceKlass com/google/common/collect/Ordering
instanceKlass  @bci com/google/inject/internal/DeclaredMembers getDeclaredMethods (Ljava/lang/Class;)[Ljava/lang/reflect/Method; 38 <appendix> argL0 ; # com/google/inject/internal/DeclaredMembers$$Lambda+0x000000002007f828
instanceKlass  @bci com/google/inject/internal/DeclaredMembers getDeclaredMethods (Ljava/lang/Class;)[Ljava/lang/reflect/Method; 33 <appendix> argL0 ; # com/google/inject/internal/DeclaredMembers$$Lambda+0x000000002007f5e0
instanceKlass  @bci java/util/Comparator thenComparing (Ljava/util/Comparator;)Ljava/util/Comparator; 7 <appendix> member <vmtarget> ; # java/util/Comparator$$Lambda+0x000000002001e7f8
instanceKlass  @cpi java/util/Comparator 251 form vmentry <vmtarget> ; # java/lang/invoke/LambdaForm$DMH+0x000000002007c800
instanceKlass  @bci java/util/Comparator comparing (Ljava/util/function/Function;Ljava/util/Comparator;)Ljava/util/Comparator; 12 <appendix> member <vmtarget> ; # java/util/Comparator$$Lambda+0x000000002001e550
instanceKlass  @bci com/google/inject/internal/DeclaredMembers getDeclaredMethods (Ljava/lang/Class;)[Ljava/lang/reflect/Method; 20 <appendix> argL0 ; # com/google/inject/internal/DeclaredMembers$$Lambda+0x000000002007f398
instanceKlass  @bci com/google/inject/internal/DeclaredMembers getDeclaredMethods (Ljava/lang/Class;)[Ljava/lang/reflect/Method; 15 <appendix> argL0 ; # com/google/inject/internal/DeclaredMembers$$Lambda+0x000000002007f150
instanceKlass  @bci java/util/Comparator comparing (Ljava/util/function/Function;)Ljava/util/Comparator; 6 <appendix> member <vmtarget> ; # java/util/Comparator$$Lambda+0x000000002001e2a8
instanceKlass jdk/internal/classfile/impl/BytecodeHelpers$1
instanceKlass java/lang/invoke/TypeConvertingMethodAdapter$1
instanceKlass java/lang/classfile/constantpool/IntegerEntry
instanceKlass sun/invoke/util/BytecodeDescriptor
instanceKlass java/lang/classfile/constantpool/StringEntry
instanceKlass java/lang/classfile/constantpool/ConstantValueEntry
instanceKlass java/lang/invoke/InnerClassLambdaMetafactory$4
instanceKlass java/lang/invoke/InnerClassLambdaMetafactory$SerializationSupport
instanceKlass  @cpi java/util/Comparator 259 form vmentry <vmtarget> ; # java/lang/invoke/LambdaForm$DMH+0x000000002007c400
instanceKlass  @bci com/google/inject/internal/DeclaredMembers getDeclaredMethods (Ljava/lang/Class;)[Ljava/lang/reflect/Method; 7 <appendix> argL0 ; # com/google/inject/internal/DeclaredMembers$$Lambda+0x000000002007ef08
instanceKlass com/google/inject/internal/DeclaredMembers
instanceKlass com/google/common/base/ExtraObjectsMethodsForWeb
instanceKlass com/google/common/collect/ImmutableMap$Builder
instanceKlass com/google/inject/internal/MoreTypes
instanceKlass com/google/inject/multibindings/ProvidesIntoOptional
instanceKlass com/google/inject/multibindings/ProvidesIntoMap
instanceKlass com/google/inject/multibindings/ProvidesIntoSet
instanceKlass com/google/inject/Provides
instanceKlass javax/inject/Singleton
instanceKlass com/google/inject/spi/ElementSource
instanceKlass com/google/inject/spi/ScopeBinding
instanceKlass com/google/inject/Scopes$2
instanceKlass com/google/inject/Scopes$1
instanceKlass com/google/inject/internal/SingletonScope
instanceKlass com/google/inject/Scopes
instanceKlass com/google/inject/Singleton
instanceKlass com/google/inject/spi/Elements$ModuleInfo
instanceKlass com/google/inject/PrivateModule
instanceKlass  @bci java/util/stream/Collectors toList ()Ljava/util/stream/Collector; 14 <appendix> argL0 ; # java/util/stream/Collectors$$Lambda+0x000000002001d128
instanceKlass  @bci java/util/stream/Collectors toList ()Ljava/util/stream/Collector; 9 <appendix> argL0 ; # java/util/stream/Collectors$$Lambda+0x000000002001cef0
instanceKlass  @bci java/util/stream/Collectors toList ()Ljava/util/stream/Collector; 4 <appendix> argL0 ; # java/util/stream/Collectors$$Lambda+0x000000002001ccc8
instanceKlass  @bci com/google/inject/spi/BindingSourceRestriction$PermitMapConstruction pushModule (Ljava/lang/Class;Lcom/google/inject/spi/ModuleSource;)V 5 <appendix> member <vmtarget> ; # com/google/inject/spi/BindingSourceRestriction$PermitMapConstruction$$Lambda+0x0000000020078af8
instanceKlass  @bci com/google/inject/spi/BindingSourceRestriction getPermits (Ljava/lang/Class;)Ljava/util/stream/Stream; 43 <appendix> argL0 ; # com/google/inject/spi/BindingSourceRestriction$$Lambda+0x00000000200788a0
instanceKlass  @bci com/google/inject/spi/BindingSourceRestriction getPermits (Ljava/lang/Class;)Ljava/util/stream/Stream; 33 <appendix> argL0 ; # com/google/inject/spi/BindingSourceRestriction$$Lambda+0x0000000020078658
instanceKlass  @cpi com/sun/tools/javac/code/DeferredLintHandler 219 form vmentry <vmtarget> ; # java/lang/invoke/LambdaForm$DMH+0x000000002007c000
instanceKlass java/util/stream/Streams$2
instanceKlass java/util/stream/Streams$ConcatSpliterator
instanceKlass sun/reflect/annotation/AnnotatedTypeFactory$AnnotatedTypeBaseImpl
instanceKlass java/lang/reflect/AnnotatedType
instanceKlass sun/reflect/annotation/AnnotatedTypeFactory
instanceKlass sun/reflect/annotation/TypeAnnotation$LocationInfo$Location
instanceKlass sun/reflect/annotation/TypeAnnotation$LocationInfo
instanceKlass sun/reflect/generics/tree/ClassSignature
instanceKlass sun/reflect/generics/tree/Signature
instanceKlass sun/reflect/generics/tree/ClassTypeSignature
instanceKlass sun/reflect/generics/tree/SimpleClassTypeSignature
instanceKlass sun/reflect/generics/tree/FieldTypeSignature
instanceKlass sun/reflect/generics/tree/BaseType
instanceKlass sun/reflect/generics/tree/TypeSignature
instanceKlass sun/reflect/generics/tree/ReturnType
instanceKlass sun/reflect/generics/tree/TypeArgument
instanceKlass sun/reflect/generics/tree/FormalTypeParameter
instanceKlass sun/reflect/generics/tree/TypeTree
instanceKlass sun/reflect/generics/tree/Tree
instanceKlass sun/reflect/generics/parser/SignatureParser
instanceKlass java/lang/reflect/TypeVariable
instanceKlass sun/reflect/generics/repository/AbstractRepository
instanceKlass sun/reflect/annotation/TypeAnnotation
instanceKlass sun/reflect/annotation/TypeAnnotationParser
instanceKlass java/lang/Class$AnnotationData
instanceKlass com/google/inject/RestrictedBindingSource
instanceKlass com/google/inject/spi/BindingSourceRestriction
instanceKlass com/google/inject/spi/ModuleSource
instanceKlass com/google/inject/internal/ProviderMethodsModule
instanceKlass com/google/inject/spi/BindingSourceRestriction$PermitMapConstruction$PermitMapImpl
instanceKlass com/google/inject/spi/BindingSourceRestriction$PermitMap
instanceKlass com/google/inject/spi/BindingSourceRestriction$PermitMapConstruction
instanceKlass com/google/common/collect/Hashing
instanceKlass com/google/common/math/IntMath$1
instanceKlass com/google/common/math/MathPreconditions
instanceKlass com/google/common/math/IntMath
instanceKlass com/google/inject/internal/AbstractBindingBuilder
instanceKlass com/google/inject/binder/ConstantBindingBuilder
instanceKlass com/google/inject/binder/AnnotatedElementBuilder
instanceKlass com/google/inject/spi/Elements$RecordingBinder
instanceKlass com/google/inject/Binding
instanceKlass com/google/inject/spi/DefaultBindingTargetVisitor
instanceKlass com/google/inject/spi/BindingTargetVisitor
instanceKlass com/google/inject/spi/Elements
instanceKlass com/google/inject/internal/InjectorShell$RootModule
instanceKlass com/google/common/collect/ListMultimap
instanceKlass com/google/inject/internal/InjectorBindingData
instanceKlass java/util/concurrent/atomic/AtomicReferenceArray
instanceKlass java/util/concurrent/Future
instanceKlass com/google/common/cache/LocalCache$LoadingValueReference
instanceKlass java/util/concurrent/ConcurrentLinkedQueue$Node
instanceKlass com/google/common/cache/Weigher
instanceKlass com/google/common/base/Predicate
instanceKlass com/google/common/base/Equivalence
instanceKlass java/util/function/BiPredicate
instanceKlass com/google/common/base/MoreObjects
instanceKlass com/google/common/cache/LocalCache$1
instanceKlass com/google/common/cache/ReferenceEntry
instanceKlass com/google/common/cache/CacheLoader
instanceKlass com/google/common/cache/LocalCache$LocalManualCache
instanceKlass  @bci com/google/inject/internal/WeakKeySet <init> (Ljava/lang/Object;)V 12 <appendix> member <vmtarget> ; # com/google/inject/internal/WeakKeySet$$Lambda+0x0000000020068c68
instanceKlass  @cpi com/sun/tools/javac/code/Symtab 1410 form vmentry <vmtarget> ; # java/lang/invoke/LambdaForm$DMH+0x0000000020068400
instanceKlass java/util/AbstractMap$SimpleImmutableEntry
instanceKlass com/google/common/cache/RemovalListener
instanceKlass com/google/common/cache/LocalCache$ValueReference
instanceKlass com/google/common/cache/CacheBuilder$2
instanceKlass com/google/common/cache/CacheStats
instanceKlass com/google/common/base/Suppliers$SupplierOfInstance
instanceKlass com/google/common/base/Suppliers
instanceKlass com/google/common/cache/CacheBuilder$1
instanceKlass com/google/common/cache/AbstractCache$StatsCounter
instanceKlass com/google/common/cache/LoadingCache
instanceKlass com/google/common/cache/Cache
instanceKlass com/google/common/base/Supplier
instanceKlass com/google/common/cache/CacheBuilder
instanceKlass com/google/inject/internal/WeakKeySet
instanceKlass com/google/common/collect/Sets
instanceKlass com/google/inject/internal/InjectorJitBindingData
instanceKlass java/util/Arrays$ArrayItr
instanceKlass com/google/inject/internal/ProcessedBindingData
instanceKlass com/google/inject/spi/DefaultElementVisitor
instanceKlass com/google/inject/internal/InjectorShell$Builder
instanceKlass com/google/common/collect/Lists
instanceKlass com/google/common/collect/AbstractMapEntry
instanceKlass com/google/common/collect/LinkedHashMultimap$ValueSetLink
instanceKlass com/google/common/collect/CollectPreconditions
instanceKlass com/google/common/collect/Platform
instanceKlass com/google/common/collect/Multiset
instanceKlass com/google/common/collect/AbstractMultimap
instanceKlass com/google/common/collect/SetMultimap
instanceKlass com/google/common/base/Converter
instanceKlass com/google/common/collect/BiMap
instanceKlass com/google/common/collect/ImmutableMap
instanceKlass com/google/common/base/Function
instanceKlass com/google/common/collect/SortedMapDifference
instanceKlass com/google/common/collect/MapDifference
instanceKlass com/google/common/collect/Maps
instanceKlass com/google/inject/internal/CycleDetectingLock
instanceKlass com/google/common/collect/Multimap
instanceKlass com/google/inject/internal/CycleDetectingLock$CycleDetectingLockFactory
instanceKlass com/google/inject/internal/Initializable
instanceKlass com/google/inject/internal/Initializer
instanceKlass com/google/common/collect/PeekingIterator
instanceKlass com/google/common/collect/UnmodifiableIterator
instanceKlass com/google/common/collect/Iterators
instanceKlass com/google/common/collect/ImmutableCollection$Builder
instanceKlass com/google/common/collect/ImmutableSet$SetBuilderImpl
instanceKlass com/google/inject/internal/util/SourceProvider
instanceKlass com/google/inject/spi/ErrorDetail
instanceKlass com/google/inject/internal/Errors
instanceKlass com/google/common/base/Preconditions
instanceKlass java/util/logging/Logger$SystemLoggerHelper
instanceKlass jdk/internal/logger/BootstrapLogger$BootstrapExecutors
instanceKlass jdk/internal/logger/BootstrapLogger$RedirectedLoggers
instanceKlass java/util/Spliterators$1Adapter
instanceKlass java/util/Spliterators$ArraySpliterator
instanceKlass jdk/internal/logger/BootstrapLogger$DetectBackend
instanceKlass jdk/internal/logger/BootstrapLogger
instanceKlass sun/util/logging/PlatformLogger$ConfigurableBridge
instanceKlass sun/util/logging/PlatformLogger$Bridge
instanceKlass java/lang/System$Logger
instanceKlass  @bci java/util/stream/MatchOps makeRef (Ljava/util/function/Predicate;Ljava/util/stream/MatchOps$MatchKind;)Ljava/util/stream/TerminalOp; 20 <appendix> member <vmtarget> ; # java/util/stream/MatchOps$$Lambda+0x800000004
instanceKlass java/util/stream/MatchOps$BooleanTerminalSink
instanceKlass java/util/stream/MatchOps$MatchOp
instanceKlass java/util/stream/MatchOps
instanceKlass java/util/stream/Streams
instanceKlass java/util/stream/Stream$Builder
instanceKlass java/util/stream/Streams$AbstractStreamBuilderImpl
instanceKlass java/util/stream/ReferencePipeline$7$1FlatMap
instanceKlass java/util/stream/FindOps$FindOp
instanceKlass  @bci java/util/stream/FindOps$FindSink$OfRef <clinit> ()V 6 <appendix> argL0 ; # java/util/stream/FindOps$FindSink$OfRef$$Lambda+0x800000048
instanceKlass  @bci java/util/stream/FindOps$FindSink$OfRef <clinit> ()V 0 <appendix> argL0 ; # java/util/stream/FindOps$FindSink$OfRef$$Lambda+0x800000049
instanceKlass java/util/stream/FindOps$FindSink
instanceKlass java/util/stream/FindOps
instanceKlass  @bci java/util/logging/Level$KnownLevel findByName (Ljava/lang/String;Ljava/util/function/Function;)Ljava/util/Optional; 29 <appendix> argL0 ; # java/util/logging/Level$KnownLevel$$Lambda+0x800000022
instanceKlass java/util/ArrayList$ArrayListSpliterator
instanceKlass  @bci java/util/logging/Level findLevel (Ljava/lang/String;)Ljava/util/logging/Level; 13 <appendix> argL0 ; # java/util/logging/Level$$Lambda+0x80000001f
instanceKlass java/util/Hashtable$Enumerator
instanceKlass java/util/logging/LogManager$VisitedLoggers
instanceKlass java/util/function/Predicate
instanceKlass  @bci java/util/logging/LogManager$LoggerContext addLocalLogger (Ljava/util/logging/Logger;Z)Z 95 <appendix> form vmentry <vmtarget> ; # java/lang/invoke/LambdaForm$MH+0x0000000020068000
instanceKlass java/lang/invoke/StringConcatFactory
instanceKlass java/lang/System$LoggerFinder
instanceKlass java/util/logging/LogManager$LoggingProviderAccess
instanceKlass sun/util/logging/internal/LoggingProviderImpl$LogManagerAccess
instanceKlass java/util/Collections$SynchronizedMap
instanceKlass java/util/logging/LogManager$LogNode
instanceKlass java/util/logging/LogManager$LoggerContext
instanceKlass java/util/logging/LogManager
instanceKlass java/util/logging/Logger$ConfigurationData
instanceKlass java/util/logging/Logger$LoggerBundle
instanceKlass  @bci java/util/logging/Level$KnownLevel add (Ljava/util/logging/Level;)V 49 <appendix> argL0 ; # java/util/logging/Level$KnownLevel$$Lambda+0x800000021
instanceKlass  @bci java/util/logging/Level$KnownLevel add (Ljava/util/logging/Level;)V 19 <appendix> argL0 ; # java/util/logging/Level$KnownLevel$$Lambda+0x800000020
instanceKlass java/util/logging/Level
instanceKlass java/util/logging/Handler
instanceKlass java/util/logging/Logger
instanceKlass com/google/common/base/Ticker
instanceKlass com/google/common/base/Stopwatch
instanceKlass com/google/inject/internal/util/ContinuousStopwatch
instanceKlass com/google/inject/Injector
instanceKlass com/google/inject/internal/InternalInjectorCreator
instanceKlass com/google/inject/Guice
instanceKlass org/eclipse/sisu/wire/Wiring
instanceKlass org/eclipse/sisu/wire/WireModule$Strategy$1
instanceKlass org/eclipse/sisu/wire/WireModule$Strategy
instanceKlass org/eclipse/sisu/wire/AbstractTypeConverter
instanceKlass com/google/inject/spi/ElementVisitor
instanceKlass org/eclipse/sisu/wire/WireModule
instanceKlass org/eclipse/sisu/bean/BeanBinder
instanceKlass org/eclipse/sisu/plexus/PlexusBindingModule
instanceKlass org/codehaus/plexus/DefaultPlexusContainer$BootModule
instanceKlass org/codehaus/plexus/component/annotations/Configuration
instanceKlass org/eclipse/sisu/plexus/PlexusAnnotatedMetadata
instanceKlass org/eclipse/sisu/plexus/PlexusBeanMetadata
instanceKlass org/eclipse/sisu/plexus/PlexusAnnotatedBeanModule$PlexusAnnotatedBeanSource
instanceKlass org/eclipse/sisu/space/SpaceModule$2
instanceKlass org/eclipse/sisu/space/SpaceModule$Strategy$2
instanceKlass org/eclipse/sisu/space/SpaceModule$Strategy$1
instanceKlass org/eclipse/sisu/space/DefaultClassFinder
instanceKlass org/objectweb/asm/ClassVisitor
instanceKlass org/eclipse/sisu/space/SpaceScanner
instanceKlass org/eclipse/sisu/space/IndexedClassFinder
instanceKlass org/eclipse/sisu/space/ClassFinder
instanceKlass org/eclipse/sisu/space/SpaceModule
instanceKlass org/eclipse/sisu/space/SpaceVisitor
instanceKlass org/eclipse/sisu/plexus/PlexusTypeListener
instanceKlass org/eclipse/sisu/space/QualifiedTypeListener
instanceKlass org/eclipse/sisu/plexus/PlexusAnnotatedBeanModule$1
instanceKlass org/eclipse/sisu/space/SpaceModule$Strategy
instanceKlass org/eclipse/sisu/plexus/PlexusAnnotatedBeanModule
instanceKlass org/eclipse/sisu/plexus/PlexusBeanSource
instanceKlass org/eclipse/sisu/plexus/PlexusXmlBeanModule
instanceKlass org/eclipse/sisu/plexus/PlexusBeanModule
instanceKlass org/eclipse/sisu/space/URLClassSpace
instanceKlass org/codehaus/plexus/DefaultPlexusContainer$SLF4JLoggerFactoryProvider
instanceKlass com/google/inject/util/Providers$ConstantProvider
instanceKlass com/google/inject/util/Providers
instanceKlass org/codehaus/plexus/personality/plexus/lifecycle/phase/Disposable
instanceKlass org/codehaus/plexus/personality/plexus/lifecycle/phase/Startable
instanceKlass org/codehaus/plexus/personality/plexus/lifecycle/phase/Initializable
instanceKlass org/codehaus/plexus/personality/plexus/lifecycle/phase/Contextualizable
instanceKlass org/codehaus/plexus/logging/LogEnabled
instanceKlass org/eclipse/sisu/bean/PropertyBinding
instanceKlass javax/annotation/PreDestroy
instanceKlass javax/annotation/PostConstruct
instanceKlass org/eclipse/sisu/bean/LifecycleBuilder
instanceKlass org/eclipse/sisu/bean/BeanScheduler$1
instanceKlass com/google/inject/spi/DefaultBindingScopingVisitor
instanceKlass com/google/inject/spi/BindingScopingVisitor
instanceKlass org/eclipse/sisu/bean/BeanScheduler$CycleActivator
instanceKlass com/google/inject/PrivateBinder
instanceKlass com/google/inject/Scope
instanceKlass com/google/inject/spi/Message
instanceKlass com/google/inject/spi/Element
instanceKlass com/google/inject/MembersInjector
instanceKlass com/google/inject/spi/TypeListener
instanceKlass org/aopalliance/intercept/MethodInterceptor
instanceKlass org/aopalliance/intercept/Interceptor
instanceKlass org/aopalliance/aop/Advice
instanceKlass com/google/inject/binder/AnnotatedConstantBindingBuilder
instanceKlass com/google/inject/spi/ModuleAnnotatedMethodScanner
instanceKlass com/google/inject/spi/Dependency
instanceKlass com/google/inject/Key
instanceKlass com/google/inject/binder/AnnotatedBindingBuilder
instanceKlass com/google/inject/binder/LinkedBindingBuilder
instanceKlass com/google/inject/binder/ScopedBindingBuilder
instanceKlass com/google/inject/TypeLiteral
instanceKlass com/google/inject/spi/ProvisionListener
instanceKlass com/google/inject/Binder
instanceKlass org/eclipse/sisu/bean/BeanScheduler
instanceKlass org/eclipse/sisu/plexus/DefaultPlexusBeanLocator
instanceKlass org/eclipse/sisu/plexus/RealmManager
instanceKlass org/codehaus/plexus/context/ContextMapAdapter
instanceKlass org/codehaus/plexus/context/DefaultContext
instanceKlass org/codehaus/plexus/logging/AbstractLogger
instanceKlass org/codehaus/plexus/logging/AbstractLoggerManager
instanceKlass java/util/Date
instanceKlass java/text/DigitList
instanceKlass java/text/FieldPosition
instanceKlass java/text/DecimalFormatSymbols
instanceKlass java/text/DateFormatSymbols
instanceKlass sun/util/calendar/CalendarUtils
instanceKlass sun/util/calendar/CalendarDate
instanceKlass sun/util/resources/Bundles$CacheKeyReference
instanceKlass java/util/ResourceBundle$ResourceBundleProviderHelper
instanceKlass  @bci sun/util/cldr/CLDRLocaleProviderAdapter applyAliases (Ljava/util/Locale;)Ljava/util/Locale; 4 <appendix> argL0 ; # sun/util/cldr/CLDRLocaleProviderAdapter$$Lambda+0x80000005a
instanceKlass sun/util/resources/Bundles$CacheKey
instanceKlass java/util/ResourceBundle$1
instanceKlass jdk/internal/access/JavaUtilResourceBundleAccess
instanceKlass sun/util/resources/Bundles
instanceKlass sun/util/resources/LocaleData$LocaleDataStrategy
instanceKlass sun/util/resources/Bundles$Strategy
instanceKlass sun/util/resources/LocaleData
instanceKlass sun/util/locale/provider/LocaleResources
instanceKlass java/util/stream/Sink$ChainedReference
instanceKlass java/util/stream/Node$Builder
instanceKlass java/util/stream/AbstractSpinedBuffer
instanceKlass java/util/stream/Node$OfDouble
instanceKlass java/util/stream/Node$OfLong
instanceKlass java/util/stream/Node$OfInt
instanceKlass java/util/stream/Node$OfPrimitive
instanceKlass java/util/stream/Nodes$EmptyNode
instanceKlass java/util/stream/Node
instanceKlass java/util/stream/Nodes
instanceKlass  @bci sun/util/locale/provider/LocaleProviderAdapter toLocaleArray (Ljava/util/Set;)[Ljava/util/Locale; 21 <appendix> argL0 ; # sun/util/locale/provider/LocaleProviderAdapter$$Lambda+0x80000005d
instanceKlass java/util/function/IntFunction
instanceKlass java/util/stream/DistinctOps
instanceKlass  @bci sun/util/locale/provider/LocaleProviderAdapter toLocaleArray (Ljava/util/Set;)[Ljava/util/Locale; 6 <appendix> argL0 ; # sun/util/locale/provider/LocaleProviderAdapter$$Lambda+0x80000005b
instanceKlass java/util/Spliterators$IteratorSpliterator
instanceKlass java/util/Spliterators
instanceKlass  @bci java/util/ResourceBundle$Control getCandidateLocales (Ljava/lang/String;Ljava/util/Locale;)Ljava/util/List; 23 <appendix> argL0 ; # java/util/ResourceBundle$Control$$Lambda+0x80000001d
instanceKlass  @bci java/util/ResourceBundle$Control <clinit> ()V 39 <appendix> argL0 ; # java/util/ResourceBundle$Control$$Lambda+0x80000001e
instanceKlass java/util/ResourceBundle
instanceKlass java/util/ResourceBundle$Control
instanceKlass sun/util/locale/provider/CalendarDataUtility$CalendarWeekParameterGetter
instanceKlass sun/util/locale/provider/LocaleServiceProviderPool$LocalizedObjectGetter
instanceKlass sun/util/locale/provider/LocaleServiceProviderPool
instanceKlass java/util/Locale$Builder
instanceKlass sun/util/locale/provider/CalendarDataUtility
instanceKlass sun/util/calendar/CalendarSystem$GregorianHolder
instanceKlass sun/util/calendar/CalendarSystem
instanceKlass java/util/Calendar$Builder
instanceKlass sun/util/locale/provider/AvailableLanguageTags
instanceKlass java/util/ServiceLoader$ProviderImpl
instanceKlass java/util/ServiceLoader$Provider
instanceKlass sun/util/resources/cldr/provider/CLDRLocaleDataMetaInfo
instanceKlass jdk/internal/module/ModulePatcher$PatchedModuleReader
instanceKlass java/util/ServiceLoader$2
instanceKlass java/util/ServiceLoader$1
instanceKlass java/util/ServiceLoader$LazyClassPathLookupIterator
instanceKlass java/util/concurrent/CopyOnWriteArrayList$COWIterator
instanceKlass java/util/ServiceLoader$ModuleServicesLookupIterator
instanceKlass java/util/ServiceLoader
instanceKlass java/util/Locale$LocaleCache
instanceKlass jdk/internal/util/ReferencedKeyMap$1
instanceKlass sun/util/locale/BaseLocale$1InterningCache
instanceKlass sun/util/locale/InternalLocaleBuilder$CaseInsensitiveChar
instanceKlass sun/util/locale/InternalLocaleBuilder
instanceKlass sun/util/locale/StringTokenIterator
instanceKlass java/text/ParsePosition
instanceKlass sun/util/cldr/CLDRBaseLocaleDataMetaInfo
instanceKlass sun/util/locale/provider/LocaleDataMetaInfo
instanceKlass sun/util/locale/provider/ResourceBundleBasedAdapter
instanceKlass sun/util/locale/provider/LocaleProviderAdapter
instanceKlass java/util/spi/LocaleServiceProvider
instanceKlass sun/util/calendar/ZoneInfoFile$ZoneOffsetTransitionRule
instanceKlass java/lang/invoke/VarHandle$AccessDescriptor
instanceKlass java/lang/invoke/VarForm
instanceKlass java/lang/invoke/VarHandleGuards
instanceKlass java/lang/invoke/VarHandles
instanceKlass jdk/internal/util/ByteArray
instanceKlass sun/util/calendar/ZoneInfoFile
instanceKlass java/time/ZoneId
instanceKlass java/util/TimeZone
instanceKlass java/util/Calendar
instanceKlass java/text/AttributedCharacterIterator$Attribute
instanceKlass com/google/inject/matcher/AbstractMatcher
instanceKlass com/google/inject/matcher/Matcher
instanceKlass com/google/inject/spi/TypeConverter
instanceKlass org/codehaus/plexus/DefaultPlexusContainer$LoggerProvider
instanceKlass org/codehaus/plexus/DefaultPlexusContainer$DefaultsModule
instanceKlass org/codehaus/plexus/DefaultPlexusContainer$ContainerModule
instanceKlass java/util/concurrent/locks/ReentrantReadWriteLock$WriteLock
instanceKlass java/util/concurrent/locks/ReentrantReadWriteLock$ReadLock
instanceKlass java/util/concurrent/locks/ReentrantReadWriteLock
instanceKlass java/util/concurrent/locks/ReadWriteLock
instanceKlass org/eclipse/sisu/inject/ImplicitBindings
instanceKlass org/eclipse/sisu/inject/MildValues$InverseMapping
instanceKlass org/eclipse/sisu/inject/MildValues
instanceKlass org/eclipse/sisu/inject/Weak
instanceKlass sun/reflect/misc/ReflectUtil
instanceKlass java/util/concurrent/atomic/AtomicReferenceFieldUpdater
instanceKlass org/eclipse/sisu/inject/RankedSequence$Content
instanceKlass org/eclipse/sisu/inject/RankedSequence
instanceKlass org/eclipse/sisu/inject/BindingSubscriber
instanceKlass org/eclipse/sisu/inject/DefaultBeanLocator
instanceKlass org/eclipse/sisu/inject/DeferredClass
instanceKlass org/codehaus/plexus/DefaultPlexusContainer$LoggerManagerProvider
instanceKlass org/eclipse/sisu/inject/DeferredProvider
instanceKlass com/google/inject/Provider
instanceKlass com/google/inject/AbstractModule
instanceKlass org/codehaus/plexus/context/Context
instanceKlass org/eclipse/sisu/inject/BindingPublisher
instanceKlass org/eclipse/sisu/inject/RankingFunction
instanceKlass org/eclipse/sisu/space/ClassSpace
instanceKlass javax/inject/Provider
instanceKlass org/eclipse/sisu/bean/BeanManager
instanceKlass org/eclipse/sisu/plexus/PlexusBeanLocator
instanceKlass org/codehaus/plexus/classworlds/ClassWorldListener
instanceKlass com/google/inject/Module
instanceKlass org/eclipse/sisu/inject/MutableBeanLocator
instanceKlass org/eclipse/sisu/inject/BeanLocator
instanceKlass org/codehaus/plexus/DefaultPlexusContainer
instanceKlass org/codehaus/plexus/MutablePlexusContainer
instanceKlass java/util/stream/ReduceOps$AccumulatingSink
instanceKlass java/util/stream/TerminalSink
instanceKlass java/util/stream/Sink
instanceKlass java/util/stream/ReduceOps$Box
instanceKlass java/util/stream/ReduceOps$ReduceOp
instanceKlass java/util/stream/TerminalOp
instanceKlass java/util/stream/ReduceOps
instanceKlass  @bci java/util/function/Function andThen (Ljava/util/function/Function;)Ljava/util/function/Function; 7 <appendix> member <vmtarget> ; # java/util/function/Function$$Lambda+0x0000000020012810
instanceKlass  @cpi java/util/function/Function 58 form vmentry <vmtarget> ; # java/lang/invoke/LambdaForm$DMH+0x0000000020058000
instanceKlass  @bci org/apache/maven/extension/internal/CoreExports <init> (Lorg/codehaus/plexus/classworlds/realm/ClassRealm;Ljava/util/Set;Ljava/util/Set;)V 38 <appendix> argL0 ; # org/apache/maven/extension/internal/CoreExports$$Lambda+0x0000000020051758
instanceKlass  @bci java/util/stream/Collectors castingIdentity ()Ljava/util/function/Function; 0 <appendix> argL0 ; # java/util/stream/Collectors$$Lambda+0x800000042
instanceKlass  @bci java/util/stream/Collectors uniqKeysMapMerger ()Ljava/util/function/BinaryOperator; 0 <appendix> argL0 ; # java/util/stream/Collectors$$Lambda+0x00000000200125c0
instanceKlass java/util/function/BinaryOperator
instanceKlass  @bci java/util/stream/Collectors uniqKeysMapAccumulator (Ljava/util/function/Function;Ljava/util/function/Function;)Ljava/util/function/BiConsumer; 2 <appendix> member <vmtarget> ; # java/util/stream/Collectors$$Lambda+0x0000000020012380
instanceKlass  @bci java/util/stream/Collectors toMap (Ljava/util/function/Function;Ljava/util/function/Function;)Ljava/util/stream/Collector; 4 <appendix> argL0 ; # java/util/stream/Collectors$$Lambda+0x0000000020012158
instanceKlass java/util/stream/Collector
instanceKlass java/util/stream/Collectors
instanceKlass  @bci org/apache/maven/extension/internal/CoreExports <init> (Lorg/codehaus/plexus/classworlds/realm/ClassRealm;Ljava/util/Set;Ljava/util/Set;)V 30 <appendix> member <vmtarget> ; # org/apache/maven/extension/internal/CoreExports$$Lambda+0x0000000020051508
instanceKlass  @bci java/util/function/Function identity ()Ljava/util/function/Function; 0 <appendix> argL0 ; # java/util/function/Function$$Lambda+0x0000000020011d10
instanceKlass java/lang/classfile/constantpool/InterfaceMethodRefEntry
instanceKlass java/util/EnumMap$1
instanceKlass java/util/stream/StreamOpFlag$MaskBuilder
instanceKlass java/util/stream/Stream
instanceKlass java/util/stream/BaseStream
instanceKlass java/util/stream/PipelineHelper
instanceKlass java/util/stream/StreamSupport
instanceKlass java/util/Spliterator
instanceKlass java/util/HashMap$HashMapSpliterator
instanceKlass org/apache/maven/extension/internal/CoreExports
instanceKlass java/util/Collections$UnmodifiableCollection$1
instanceKlass org/codehaus/plexus/DefaultContainerConfiguration
instanceKlass org/codehaus/plexus/ContainerConfiguration
instanceKlass org/codehaus/plexus/util/BaseIOUtil
instanceKlass org/codehaus/plexus/util/xml/XMLWriter
instanceKlass org/codehaus/plexus/util/xml/Xpp3Dom
instanceKlass org/codehaus/plexus/util/xml/pull/MXParser
instanceKlass org/codehaus/plexus/util/xml/pull/XmlPullParser
instanceKlass org/codehaus/plexus/util/xml/Xpp3DomBuilder
instanceKlass java/util/regex/ASCII
instanceKlass java/util/regex/IntHashSet
instanceKlass java/util/regex/Matcher
instanceKlass java/util/regex/MatchResult
instanceKlass  @bci java/util/regex/CharPredicates ASCII_SPACE ()Ljava/util/regex/Pattern$BmpCharPredicate; 0 <appendix> argL0 ; # java/util/regex/CharPredicates$$Lambda+0x800000025
instanceKlass  @bci java/util/regex/Pattern DOT ()Ljava/util/regex/Pattern$CharPredicate; 0 <appendix> argL0 ; # java/util/regex/Pattern$$Lambda+0x00000000200101a8
instanceKlass  @bci java/util/regex/Pattern union (Ljava/util/regex/Pattern$CharPredicate;Ljava/util/regex/Pattern$CharPredicate;Z)Ljava/util/regex/Pattern$CharPredicate; 14 <appendix> member <vmtarget> ; # java/util/regex/Pattern$$Lambda+0x000000002000fac8
instanceKlass org/codehaus/plexus/util/ReaderFactory
instanceKlass org/apache/maven/project/ExtensionDescriptor
instanceKlass org/apache/maven/project/ExtensionDescriptorBuilder
instanceKlass org/apache/maven/extension/internal/CoreExtensionEntry
instanceKlass org/apache/maven/cli/ResolveFile
instanceKlass java/util/StringTokenizer
instanceKlass org/codehaus/plexus/logging/Logger
instanceKlass org/apache/maven/cli/logging/Slf4jLoggerManager
instanceKlass org/slf4j/impl/MavenSlf4jSimpleFriend
instanceKlass org/slf4j/MavenSlf4jFriend
instanceKlass  @bci org/apache/commons/cli/CommandLine getOptionValue (Ljava/lang/String;Ljava/lang/String;)Ljava/lang/String; 7 <appendix> member <vmtarget> ; # org/apache/commons/cli/CommandLine$$Lambda+0x0000000020056f68
instanceKlass org/apache/maven/cli/logging/BaseSlf4jConfiguration
instanceKlass org/codehaus/plexus/util/PropertyUtils
instanceKlass org/apache/maven/cli/logging/Slf4jConfiguration
instanceKlass org/apache/maven/cli/logging/Slf4jConfigurationFactory
instanceKlass org/slf4j/impl/OutputChoice
instanceKlass java/io/FileInputStream$1
instanceKlass org/slf4j/impl/SimpleLoggerConfiguration$1
instanceKlass java/text/Format
instanceKlass org/slf4j/impl/SimpleLoggerConfiguration
instanceKlass org/slf4j/helpers/NamedLoggerBase
instanceKlass org/slf4j/impl/SimpleLoggerFactory
instanceKlass org/slf4j/impl/StaticLoggerBinder
instanceKlass org/slf4j/spi/LoggerFactoryBinder
instanceKlass java/util/Collections$3
instanceKlass java/net/URLClassLoader$1
instanceKlass jdk/internal/loader/URLClassPath$1
instanceKlass java/lang/CompoundEnumeration
instanceKlass jdk/internal/loader/BuiltinClassLoader$1
instanceKlass java/util/Collections$EmptyEnumeration
instanceKlass org/slf4j/helpers/Util
instanceKlass org/slf4j/helpers/NOPLoggerFactory
instanceKlass java/util/concurrent/LinkedBlockingQueue$Node
instanceKlass java/util/concurrent/locks/AbstractQueuedSynchronizer$ConditionObject
instanceKlass java/util/concurrent/locks/Condition
instanceKlass java/util/concurrent/BlockingQueue
instanceKlass org/slf4j/helpers/SubstituteLoggerFactory
instanceKlass org/slf4j/ILoggerFactory
instanceKlass org/slf4j/event/LoggingEvent
instanceKlass org/slf4j/LoggerFactory
instanceKlass org/fusesource/jansi/internal/JansiLoader$1
instanceKlass java/util/LinkedList$ListItr
instanceKlass org/codehaus/plexus/util/StringUtils
instanceKlass java/util/Properties$LineReader
instanceKlass sun/net/www/MessageHeader
instanceKlass sun/net/www/protocol/jar/JarFileFactory
instanceKlass sun/net/www/protocol/jar/URLJarFile$URLJarFileCloseController
instanceKlass java/net/URLConnection
instanceKlass jdk/internal/jimage/ImageLocation
instanceKlass jdk/internal/jimage/decompressor/Decompressor
instanceKlass jdk/internal/jimage/ImageStringsReader
instanceKlass jdk/internal/jimage/ImageStrings
instanceKlass jdk/internal/jimage/ImageHeader
instanceKlass jdk/internal/jimage/NativeImageBuffer$1
instanceKlass jdk/internal/jimage/NativeImageBuffer
instanceKlass java/security/AccessControlContext
instanceKlass java/security/AccessController
instanceKlass jdk/internal/jimage/BasicImageReader$1
instanceKlass java/security/PrivilegedAction
instanceKlass jdk/internal/jimage/BasicImageReader
instanceKlass jdk/internal/jimage/ImageReader
instanceKlass jdk/internal/jimage/ImageReaderFactory$1
# instanceKlass java/lang/invoke/LambdaForm$MH+0x0000000020050c00
instanceKlass sun/reflect/annotation/AnnotationParser
instanceKlass jdk/internal/jimage/ImageReaderFactory
instanceKlass jdk/internal/module/SystemModuleFinders$SystemImage
instanceKlass jdk/internal/module/SystemModuleFinders$SystemModuleReader
instanceKlass java/lang/module/ModuleReader
instanceKlass jdk/internal/loader/BuiltinClassLoader$2
instanceKlass jdk/internal/module/Resources
instanceKlass org/apache/maven/cli/CLIReportingUtils
instanceKlass  @bci org/apache/maven/cli/MavenCli populateProperties (Lorg/apache/maven/cli/CliRequest;Ljava/util/Properties;Ljava/util/Properties;)V 236 <appendix> argL0 ; # org/apache/maven/cli/MavenCli$$Lambda+0x000000002004f5f8
instanceKlass  @cpi com/sun/tools/javac/code/DeferredLintHandler 210 form vmentry <vmtarget> ; # java/lang/invoke/LambdaForm$DMH+0x0000000020050800
instanceKlass java/util/function/BiConsumer
instanceKlass org/codehaus/plexus/interpolation/SimpleRecursionInterceptor
instanceKlass org/codehaus/plexus/interpolation/AbstractValueSource
instanceKlass org/codehaus/plexus/interpolation/RecursionInterceptor
instanceKlass org/codehaus/plexus/interpolation/StringSearchInterpolator
instanceKlass org/codehaus/plexus/interpolation/Interpolator
instanceKlass org/codehaus/plexus/interpolation/BasicInterpolator
instanceKlass org/apache/maven/properties/internal/SystemProperties
instanceKlass java/util/concurrent/ConcurrentHashMap$MapEntry
instanceKlass java/util/Collections$SynchronizedCollection
instanceKlass java/util/Properties$EntrySet
instanceKlass java/util/Collections$UnmodifiableMap$UnmodifiableEntrySet$UnmodifiableEntry
instanceKlass java/util/Collections$UnmodifiableMap$UnmodifiableEntrySet$1
instanceKlass org/codehaus/plexus/util/Os
instanceKlass org/apache/maven/properties/internal/EnvironmentUtils
instanceKlass java/util/LinkedList$Node
instanceKlass java/util/AbstractList$Itr
instanceKlass org/apache/commons/cli/DefaultParser
instanceKlass org/apache/commons/cli/Util
instanceKlass  @bci org/apache/commons/cli/CommandLine$Builder <clinit> ()V 0 <appendix> argL0 ; # org/apache/commons/cli/CommandLine$Builder$$Lambda+0x000000002004d978
instanceKlass  @cpi org/apache/commons/cli/CommandLine$Builder 102 form vmentry <vmtarget> ; # java/lang/invoke/LambdaForm$DMH+0x0000000020050400
instanceKlass  @cpi com/sun/tools/javac/code/DeferredCompletionFailureHandler$1 101 form vmentry <vmtarget> ; # java/lang/invoke/LambdaForm$DMH+0x0000000020050000
instanceKlass org/apache/commons/cli/CommandLine$Builder
instanceKlass org/apache/commons/cli/CommandLine
instanceKlass java/util/Collections$UnmodifiableCollection
instanceKlass java/util/LinkedHashMap$LinkedHashIterator
instanceKlass org/apache/commons/cli/Parser
instanceKlass org/apache/maven/cli/CleanArgument
instanceKlass org/apache/commons/cli/OptionValidator
instanceKlass org/apache/commons/cli/Option$Builder
instanceKlass org/apache/commons/cli/Option
instanceKlass org/apache/commons/cli/Options
instanceKlass org/apache/commons/cli/CommandLineParser
instanceKlass org/apache/maven/cli/CLIManager
instanceKlass org/apache/maven/cli/logging/Slf4jStdoutLogger
instanceKlass sun/nio/fs/WindowsPath$1
instanceKlass sun/nio/fs/WindowsLinkSupport
instanceKlass org/eclipse/aether/DefaultRepositoryCache
instanceKlass org/apache/maven/project/ProjectBuildingRequest
instanceKlass org/eclipse/aether/RepositoryCache
instanceKlass org/apache/maven/execution/DefaultMavenExecutionRequest
instanceKlass org/apache/maven/execution/MavenExecutionRequest
instanceKlass java/lang/Shutdown$Lock
instanceKlass java/lang/Shutdown
instanceKlass java/lang/ApplicationShutdownHooks$1
instanceKlass java/lang/ApplicationShutdownHooks
instanceKlass java/lang/Thread$ThreadNumbering
instanceKlass org/fusesource/jansi/io/AnsiOutputStream$ZeroWidthSupplier
instanceKlass jdk/internal/loader/NativeLibraries$Unloader
instanceKlass jdk/internal/reflect/Reflection$1Holder
instanceKlass org/fusesource/jansi/internal/OSInfo
instanceKlass  @bci org/fusesource/jansi/internal/JansiLoader initialize ()Z 10 <appendix> argL0 ; # org/fusesource/jansi/internal/JansiLoader$$Lambda+0x0000000020049148
instanceKlass org/fusesource/jansi/internal/JansiLoader
instanceKlass org/fusesource/jansi/internal/CLibrary
instanceKlass java/util/TreeMap$Entry
instanceKlass java/lang/ProcessEnvironment$CheckedEntry
instanceKlass java/lang/ProcessEnvironment$CheckedEntrySet$1
instanceKlass java/lang/ProcessEnvironment$EntryComparator
instanceKlass java/lang/ProcessEnvironment$NameComparator
instanceKlass org/fusesource/jansi/io/AnsiProcessor
instanceKlass org/fusesource/jansi/io/AnsiOutputStream$WidthSupplier
instanceKlass org/fusesource/jansi/AnsiConsole
instanceKlass  @bci org/fusesource/jansi/Ansi <clinit> ()V 26 <appendix> argL0 ; # org/fusesource/jansi/Ansi$$Lambda+0x0000000020047c98
instanceKlass  @cpi jdk/internal/jrtfs/SystemImage 218 form vmentry <vmtarget> ; # java/lang/invoke/LambdaForm$DMH+0x0000000020046800
instanceKlass java/util/concurrent/Callable
instanceKlass org/fusesource/jansi/Ansi
instanceKlass org/apache/maven/shared/utils/logging/LoggerLevelRenderer
instanceKlass org/apache/maven/shared/utils/logging/MessageBuilder
instanceKlass org/apache/maven/shared/utils/logging/MessageUtils
instanceKlass  @bci jdk/internal/reflect/DirectMethodHandleAccessor invokeImpl (Ljava/lang/Object;[Ljava/lang/Object;)Ljava/lang/Object; 72 <adapter> ; # java/lang/invoke/LambdaForm$MH+0x0000000020046400
# instanceKlass java/lang/invoke/LambdaForm$MH+0x0000000020046000
# instanceKlass java/lang/invoke/LambdaForm$MH+0x0000000020045c00
# instanceKlass java/lang/invoke/LambdaForm$MH+0x0000000020045800
# instanceKlass java/lang/invoke/LambdaForm$MH+0x0000000020045400
instanceKlass sun/invoke/util/ValueConversions$WrapperCache
# instanceKlass java/lang/invoke/LambdaForm$MH+0x0000000020045000
instanceKlass java/lang/invoke/LambdaFormBuffer
instanceKlass java/lang/invoke/LambdaFormEditor$TransformKey
instanceKlass java/lang/invoke/LambdaFormEditor
instanceKlass java/lang/invoke/DelegatingMethodHandle$Holder
instanceKlass jdk/internal/reflect/MethodHandleAccessorFactory$LazyStaticHolder
instanceKlass  @bci java/util/regex/Pattern negate (Ljava/util/regex/Pattern$CharPredicate;)Ljava/util/regex/Pattern$CharPredicate; 1 <appendix> member <vmtarget> ; # java/util/regex/Pattern$$Lambda+0x80000002f
instanceKlass  @bci java/util/regex/Pattern Range (II)Ljava/util/regex/Pattern$CharPredicate; 23 <appendix> member <vmtarget> ; # java/util/regex/Pattern$$Lambda+0x800000028
instanceKlass  @bci java/util/regex/Pattern union (Ljava/util/regex/Pattern$CharPredicate;Ljava/util/regex/Pattern$CharPredicate;Z)Ljava/util/regex/Pattern$CharPredicate; 6 <appendix> member <vmtarget> ; # java/util/regex/Pattern$$Lambda+0x800000030
instanceKlass  @bci java/util/regex/CharPredicates ASCII_DIGIT ()Ljava/util/regex/Pattern$BmpCharPredicate; 0 <appendix> argL0 ; # java/util/regex/CharPredicates$$Lambda+0x800000024
instanceKlass java/util/regex/CharPredicates
instanceKlass java/util/regex/Pattern$BitClass
instanceKlass java/util/regex/Pattern$TreeInfo
instanceKlass  @bci java/util/regex/Pattern Single (I)Ljava/util/regex/Pattern$BmpCharPredicate; 1 <appendix> member <vmtarget> ; # java/util/regex/Pattern$$Lambda+0x800000027
instanceKlass java/util/regex/Pattern$BmpCharPredicate
instanceKlass java/util/regex/Pattern$CharPredicate
instanceKlass java/util/regex/Pattern$Node
instanceKlass java/util/regex/Pattern
instanceKlass org/apache/maven/cli/CliRequest
instanceKlass org/apache/maven/toolchain/building/ToolchainsBuildingRequest
instanceKlass org/apache/maven/building/Source
instanceKlass org/codehaus/plexus/logging/LoggerManager
instanceKlass org/slf4j/Logger
instanceKlass org/codehaus/plexus/interpolation/ValueSource
instanceKlass org/apache/maven/execution/ExecutionListener
instanceKlass org/eclipse/aether/transfer/TransferListener
instanceKlass org/apache/maven/exception/ExceptionHandler
instanceKlass org/apache/maven/eventspy/EventSpy$Context
instanceKlass org/codehaus/plexus/PlexusContainer
instanceKlass org/apache/maven/cli/MavenCli
instanceKlass  @bci java/util/zip/ZipFile$Source initCEN (ILjava/util/zip/ZipCoder;)V 507 <appendix> argL0 ; # java/util/zip/ZipFile$Source$$Lambda+0x0000000020004100
instanceKlass java/util/TreeMap$PrivateEntryIterator
instanceKlass java/util/TimSort
instanceKlass java/util/Arrays$LegacyMergeSort
instanceKlass java/lang/invoke/DirectMethodHandle$2
instanceKlass java/lang/invoke/ClassSpecializer$Factory
instanceKlass java/lang/invoke/ClassSpecializer$SpeciesData
instanceKlass java/lang/invoke/ClassSpecializer$1
instanceKlass jdk/internal/vm/annotation/Stable
instanceKlass java/lang/invoke/ClassSpecializer
instanceKlass  @bci org/codehaus/plexus/classworlds/launcher/Configurator associateRealms ()V 18 <appendix> argL0 ; # org/codehaus/plexus/classworlds/launcher/Configurator$$Lambda+0x00000000200424a8
instanceKlass java/lang/invoke/Invokers$Holder
instanceKlass java/lang/invoke/MethodHandleImpl$1
instanceKlass jdk/internal/access/JavaLangInvokeAccess
instanceKlass  @bci org/codehaus/plexus/classworlds/launcher/ConfigurationParser loadGlob (Ljava/lang/String;Z)V 83 <appendix> member <vmtarget> ; # org/codehaus/plexus/classworlds/launcher/ConfigurationParser$$Lambda+0x0000000020042278
instanceKlass java/lang/invoke/TypeConvertingMethodAdapter
instanceKlass java/lang/invoke/InnerClassLambdaMetafactory$6
instanceKlass java/lang/invoke/InnerClassLambdaMetafactory$3
instanceKlass java/lang/classfile/Interfaces
instanceKlass java/util/ImmutableCollections$Access$1
instanceKlass jdk/internal/access/JavaUtilCollectionAccess
instanceKlass java/util/ImmutableCollections$Access
instanceKlass java/lang/invoke/InnerClassLambdaMetafactory$1
instanceKlass java/lang/invoke/LambdaProxyClassArchive
instanceKlass java/lang/invoke/InfoFromMemberName
instanceKlass java/lang/invoke/MethodHandleInfo
instanceKlass java/lang/invoke/AbstractValidatingLambdaMetafactory
instanceKlass java/lang/invoke/BootstrapMethodInvoker
instanceKlass  @cpi org/codehaus/plexus/classworlds/launcher/ConfigurationParser 340 form vmentry <vmtarget> ; # java/lang/invoke/LambdaForm$DMH+0x0000000020043000
instanceKlass jdk/internal/util/ModifiedUtf
instanceKlass jdk/internal/classfile/impl/ClassReaderImpl
instanceKlass java/lang/classfile/ClassReader
instanceKlass jdk/internal/classfile/impl/ClassHierarchyImpl$CachedClassHierarchyResolver$1
instanceKlass java/lang/classfile/ClassHierarchyResolver$ClassHierarchyInfo
instanceKlass jdk/internal/classfile/impl/ClassHierarchyImpl$CachedClassHierarchyResolver
instanceKlass jdk/internal/classfile/impl/ClassHierarchyImpl$ClassLoadingClassHierarchyResolver$1
instanceKlass jdk/internal/classfile/impl/ClassHierarchyImpl$ClassLoadingClassHierarchyResolver
instanceKlass java/lang/classfile/ClassHierarchyResolver
instanceKlass jdk/internal/classfile/impl/ClassHierarchyImpl
instanceKlass jdk/internal/classfile/impl/RawBytecodeHelper$1
instanceKlass jdk/internal/classfile/impl/RawBytecodeHelper
instanceKlass jdk/internal/classfile/impl/StackMapGenerator$Frame
instanceKlass jdk/internal/classfile/impl/StackMapGenerator
instanceKlass jdk/internal/classfile/impl/AnnotationReader
instanceKlass java/lang/classfile/CustomAttribute
instanceKlass jdk/internal/classfile/impl/TerminalFieldBuilder
instanceKlass java/lang/classfile/FieldBuilder
instanceKlass java/lang/invoke/InvokerBytecodeGenerator$2
instanceKlass jdk/internal/classfile/impl/BytecodeHelpers
instanceKlass sun/invoke/empty/Empty
instanceKlass java/lang/classfile/constantpool/MethodRefEntry
instanceKlass sun/invoke/util/VerifyType
instanceKlass jdk/internal/classfile/impl/DirectCodeBuilder$8
instanceKlass java/lang/classfile/instruction/LabelTarget
instanceKlass java/lang/classfile/Label
instanceKlass jdk/internal/classfile/impl/BufWriterImpl
instanceKlass java/lang/classfile/BufWriter
instanceKlass java/lang/classfile/instruction/LocalVariableType
instanceKlass java/lang/classfile/instruction/LocalVariable
instanceKlass java/lang/classfile/instruction/CharacterRange
instanceKlass java/lang/classfile/PseudoInstruction
instanceKlass java/lang/classfile/CodeElement
instanceKlass jdk/internal/classfile/impl/TerminalCodeBuilder
instanceKlass jdk/internal/classfile/impl/LabelContext
instanceKlass java/lang/classfile/CodeBuilder
instanceKlass java/lang/invoke/InvokerBytecodeGenerator$4$1
instanceKlass java/lang/classfile/constantpool/FieldRefEntry
instanceKlass java/lang/classfile/constantpool/MemberRefEntry
instanceKlass java/lang/classfile/constantpool/NameAndTypeEntry
instanceKlass jdk/internal/classfile/impl/TerminalMethodBuilder
instanceKlass jdk/internal/classfile/impl/MethodInfo
instanceKlass java/lang/classfile/MethodBuilder
instanceKlass java/lang/invoke/InvokerBytecodeGenerator$4
instanceKlass java/lang/classfile/attribute/SourceFileAttribute
instanceKlass java/lang/classfile/Superclass
instanceKlass jdk/internal/classfile/impl/AttributeHolder
instanceKlass java/lang/classfile/ClassBuilder
instanceKlass java/lang/classfile/ClassFileBuilder
instanceKlass jdk/internal/classfile/impl/AbstractDirectBuilder
instanceKlass java/lang/invoke/InvokerBytecodeGenerator$1
instanceKlass jdk/internal/classfile/impl/ClassFileImpl
instanceKlass java/lang/classfile/ClassFile
instanceKlass java/lang/invoke/InvokerBytecodeGenerator$3
instanceKlass java/util/function/Consumer
instanceKlass java/lang/classfile/constantpool/ClassEntry
instanceKlass java/lang/classfile/constantpool/LoadableConstantEntry
instanceKlass jdk/internal/classfile/impl/Util
instanceKlass jdk/internal/classfile/impl/EntryMap
instanceKlass jdk/internal/classfile/impl/BootstrapMethodEntryImpl
instanceKlass java/lang/classfile/BootstrapMethodEntry
instanceKlass jdk/internal/classfile/impl/SplitConstantPool
instanceKlass java/io/FilenameFilter
instanceKlass java/lang/invoke/InvokerBytecodeGenerator$8
instanceKlass jdk/internal/classfile/impl/AbstractAttributeMapper
instanceKlass java/lang/classfile/AttributeMapper
instanceKlass java/lang/classfile/Attributes
instanceKlass jdk/internal/classfile/impl/Util$Writable
instanceKlass jdk/internal/classfile/impl/AbstractElement
instanceKlass java/lang/classfile/attribute/RuntimeVisibleAnnotationsAttribute
instanceKlass java/lang/classfile/FieldElement
instanceKlass java/lang/classfile/MethodElement
instanceKlass java/lang/classfile/ClassElement
instanceKlass java/lang/classfile/Attribute
instanceKlass java/lang/classfile/ClassFileElement
instanceKlass java/lang/classfile/constantpool/Utf8Entry
instanceKlass java/lang/classfile/constantpool/AnnotationConstantValueEntry
instanceKlass java/lang/classfile/constantpool/PoolEntry
instanceKlass jdk/internal/classfile/impl/AbstractPoolEntry
instanceKlass jdk/internal/classfile/impl/TemporaryConstantPool
instanceKlass java/lang/classfile/constantpool/ConstantPoolBuilder
instanceKlass java/lang/classfile/constantpool/ConstantPool
instanceKlass java/lang/classfile/Annotation
instanceKlass java/lang/classfile/AnnotationElement
instanceKlass java/lang/invoke/InvokerBytecodeGenerator
instanceKlass java/lang/invoke/LambdaForm$Holder
instanceKlass java/lang/invoke/LambdaForm$Name
instanceKlass java/lang/reflect/Array
instanceKlass java/lang/invoke/Invokers
instanceKlass sun/invoke/util/ValueConversions
instanceKlass java/lang/invoke/DirectMethodHandle$Holder
instanceKlass java/lang/invoke/LambdaForm$NamedFunction
instanceKlass java/lang/constant/DynamicConstantDesc
instanceKlass jdk/internal/constant/DirectMethodHandleDescImpl$1
instanceKlass jdk/internal/constant/DirectMethodHandleDescImpl
instanceKlass java/lang/constant/DirectMethodHandleDesc
instanceKlass java/lang/constant/MethodHandleDesc$1
instanceKlass java/lang/constant/MethodHandleDesc
instanceKlass jdk/internal/constant/MethodTypeDescImpl
instanceKlass java/lang/constant/MethodTypeDesc
instanceKlass jdk/internal/constant/ConstantUtils
instanceKlass jdk/internal/constant/ArrayClassDescImpl
instanceKlass jdk/internal/constant/ClassOrInterfaceDescImpl
instanceKlass java/lang/constant/ClassDesc
instanceKlass java/lang/constant/ConstantDescs
instanceKlass sun/invoke/util/Wrapper$Format
instanceKlass java/lang/invoke/MethodTypeForm
instanceKlass jdk/internal/util/StrongReferenceKey
instanceKlass jdk/internal/util/ReferenceKey
instanceKlass jdk/internal/util/ReferencedKeyMap
instanceKlass java/lang/invoke/MethodType$1
instanceKlass java/lang/invoke/LambdaMetafactory
instanceKlass java/util/ArrayList$Itr
instanceKlass org/codehaus/plexus/classworlds/strategy/AbstractStrategy
instanceKlass org/codehaus/plexus/classworlds/strategy/Strategy
instanceKlass org/codehaus/plexus/classworlds/strategy/StrategyFactory
instanceKlass java/util/NavigableMap
instanceKlass java/util/SortedMap
instanceKlass java/util/NavigableSet
instanceKlass java/util/SortedSet
instanceKlass java/util/SequencedSet
instanceKlass sun/nio/ch/IOStatus
instanceKlass sun/nio/ch/Util$BufferCache
instanceKlass sun/nio/ch/Util
instanceKlass jdk/internal/misc/Blocker
instanceKlass sun/nio/ch/NativeThread
instanceKlass java/nio/charset/CoderResult
instanceKlass java/io/Reader
instanceKlass java/lang/Readable
instanceKlass org/codehaus/plexus/classworlds/launcher/ConfigurationParser
instanceKlass org/codehaus/plexus/classworlds/launcher/Configurator
instanceKlass org/codehaus/plexus/classworlds/launcher/ConfigurationHandler
instanceKlass sun/nio/ch/SelChImpl
instanceKlass java/nio/channels/NetworkChannel
instanceKlass sun/nio/ch/Streams
instanceKlass java/nio/channels/Channels
instanceKlass sun/nio/ch/FileChannelImpl$Closer
instanceKlass sun/nio/ch/NativeThreadSet
instanceKlass java/nio/channels/spi/AbstractInterruptibleChannel$1
instanceKlass sun/nio/ch/Interruptible
instanceKlass sun/nio/ch/IOUtil
instanceKlass sun/nio/ch/NativeDispatcher
instanceKlass java/nio/channels/ScatteringByteChannel
instanceKlass java/nio/channels/GatheringByteChannel
instanceKlass java/nio/channels/SeekableByteChannel
instanceKlass java/nio/channels/ByteChannel
instanceKlass java/nio/channels/WritableByteChannel
instanceKlass java/nio/channels/ReadableByteChannel
instanceKlass java/nio/channels/spi/AbstractInterruptibleChannel
instanceKlass java/nio/channels/InterruptibleChannel
instanceKlass java/nio/channels/Channel
instanceKlass java/util/Collections$EmptyIterator
instanceKlass sun/nio/fs/WindowsChannelFactory$Flags
instanceKlass sun/nio/fs/WindowsChannelFactory$1
instanceKlass sun/nio/fs/WindowsChannelFactory
instanceKlass sun/nio/fs/WindowsSecurityDescriptor
instanceKlass java/nio/file/attribute/FileAttribute
instanceKlass java/net/URI$Parser
instanceKlass java/nio/file/FileSystems$DefaultFileSystemHolder
instanceKlass java/nio/file/FileSystems
instanceKlass java/nio/file/Paths
instanceKlass java/lang/PublicMethods$Key
instanceKlass java/lang/PublicMethods$MethodList
instanceKlass org/codehaus/plexus/classworlds/ClassWorld
instanceKlass jdk/internal/misc/MethodFinder
instanceKlass org/codehaus/plexus/classworlds/launcher/Launcher
instanceKlass java/security/PermissionCollection
instanceKlass java/security/SecureClassLoader$1
instanceKlass java/util/zip/Checksum$1
instanceKlass java/util/zip/CRC32
instanceKlass java/util/zip/Checksum
instanceKlass sun/nio/ByteBuffered
instanceKlass java/lang/Package$VersionInfo
instanceKlass java/lang/NamedPackage
instanceKlass java/util/SequencedMap
instanceKlass java/util/jar/Attributes
instanceKlass jdk/internal/loader/Resource
instanceKlass sun/security/util/Debug
instanceKlass sun/security/util/SignatureFileVerifier
instanceKlass java/util/zip/ZipFile$InflaterCleanupAction
instanceKlass java/util/zip/Inflater$InflaterZStreamRef
instanceKlass java/util/zip/Inflater
instanceKlass java/util/zip/ZipEntry
instanceKlass java/nio/Bits$1
instanceKlass jdk/internal/misc/VM$BufferPool
instanceKlass java/nio/Bits
instanceKlass sun/nio/ch/DirectBuffer
instanceKlass jdk/internal/perf/PerfCounter$CoreCounters
instanceKlass jdk/internal/perf/Perf
instanceKlass jdk/internal/perf/PerfCounter
instanceKlass sun/util/locale/LocaleUtils
instanceKlass java/util/Locale
instanceKlass java/nio/file/attribute/FileTime
instanceKlass java/util/zip/ZipUtils
instanceKlass java/util/zip/ZipFile$Source$End
instanceKlass java/io/RandomAccessFile$2
instanceKlass jdk/internal/access/JavaIORandomAccessFileAccess
instanceKlass java/io/RandomAccessFile
instanceKlass java/io/DataInput
instanceKlass java/io/DataOutput
instanceKlass sun/nio/fs/WindowsNativeDispatcher$CompletionStatus
instanceKlass sun/nio/fs/WindowsNativeDispatcher$AclInformation
instanceKlass sun/nio/fs/WindowsNativeDispatcher$Account
instanceKlass sun/nio/fs/WindowsNativeDispatcher$DiskFreeSpace
instanceKlass sun/nio/fs/WindowsNativeDispatcher$VolumeInformation
instanceKlass sun/nio/fs/WindowsNativeDispatcher$FirstStream
instanceKlass sun/nio/fs/WindowsNativeDispatcher$FirstFile
instanceKlass java/util/Enumeration
instanceKlass java/util/concurrent/ConcurrentHashMap$Traverser
instanceKlass jdk/internal/loader/NativeLibraries$2
instanceKlass jdk/internal/loader/NativeLibrary
instanceKlass java/util/ArrayDeque$DeqIterator
instanceKlass jdk/internal/loader/NativeLibraries$NativeLibraryContext$1
instanceKlass jdk/internal/loader/NativeLibraries$NativeLibraryContext
instanceKlass jdk/internal/loader/NativeLibraries$1
instanceKlass jdk/internal/loader/NativeLibraries$LibraryPaths
instanceKlass sun/nio/fs/WindowsNativeDispatcher
instanceKlass sun/nio/fs/NativeBuffer$Deallocator
instanceKlass sun/nio/fs/NativeBuffer
instanceKlass java/lang/ThreadLocal$ThreadLocalMap
instanceKlass java/lang/ThreadLocal
instanceKlass sun/nio/fs/NativeBuffers
instanceKlass sun/nio/fs/WindowsFileAttributes
instanceKlass java/nio/file/attribute/DosFileAttributes
instanceKlass sun/nio/fs/AbstractBasicFileAttributeView
instanceKlass sun/nio/fs/DynamicFileAttributeView
instanceKlass sun/nio/fs/WindowsFileAttributeViews
instanceKlass sun/nio/fs/Util
instanceKlass java/nio/file/attribute/BasicFileAttributeView
instanceKlass java/nio/file/attribute/FileAttributeView
instanceKlass java/nio/file/attribute/AttributeView
instanceKlass java/nio/file/Files
instanceKlass java/nio/file/CopyOption
instanceKlass java/nio/file/attribute/BasicFileAttributes
instanceKlass sun/nio/fs/WindowsPath
instanceKlass java/nio/file/Path
instanceKlass java/nio/file/Watchable
instanceKlass java/util/zip/ZipFile$Source$Key
instanceKlass sun/nio/fs/WindowsPathParser
instanceKlass java/nio/file/FileSystem
instanceKlass java/nio/file/OpenOption
instanceKlass java/nio/file/spi/FileSystemProvider
instanceKlass sun/nio/fs/DefaultFileSystemProvider
instanceKlass java/util/zip/ZipFile$Source
instanceKlass java/lang/ref/Cleaner$Cleanable
instanceKlass jdk/internal/ref/CleanerImpl$CleanableList$Node
instanceKlass jdk/internal/ref/CleanerImpl$CleanableList
instanceKlass jdk/internal/ref/CleanerImpl
instanceKlass java/lang/ref/Cleaner$1
instanceKlass java/lang/ref/Cleaner
instanceKlass jdk/internal/ref/CleanerFactory$1
instanceKlass java/util/concurrent/ThreadFactory
instanceKlass jdk/internal/ref/CleanerFactory
instanceKlass java/util/zip/ZipFile$CleanableResource
instanceKlass java/util/zip/ZipCoder
instanceKlass java/lang/Runtime$Version
instanceKlass java/util/jar/JavaUtilJarAccessImpl
instanceKlass jdk/internal/access/JavaUtilJarAccess
instanceKlass jdk/internal/loader/FileURLMapper
instanceKlass java/util/zip/ZipFile$1
instanceKlass jdk/internal/access/JavaUtilZipFileAccess
instanceKlass java/util/BitSet
instanceKlass java/util/zip/ZipFile
instanceKlass java/util/zip/ZipConstants
instanceKlass jdk/internal/loader/URLClassPath$Loader
instanceKlass sun/net/util/URLUtil
instanceKlass java/lang/StringCoding
instanceKlass sun/nio/cs/ArrayDecoder
instanceKlass java/nio/charset/CharsetDecoder
instanceKlass sun/launcher/LauncherHelper
instanceKlass jdk/internal/vm/ContinuationSupport
instanceKlass java/lang/ModuleLayer$Controller
instanceKlass java/util/concurrent/CopyOnWriteArrayList
instanceKlass jdk/internal/module/ServicesCatalog$ServiceProvider
instanceKlass jdk/internal/loader/AbstractClassLoaderValue$Memoizer
instanceKlass java/util/ImmutableCollections$ListItr
instanceKlass java/util/ListIterator
instanceKlass java/util/ImmutableCollections$Set12$1
instanceKlass jdk/internal/loader/BuiltinClassLoader$LoadedModule
instanceKlass java/lang/Module$EnableNativeAccess
instanceKlass jdk/internal/loader/BootLoader
instanceKlass java/util/Optional
instanceKlass java/util/ImmutableCollections$SetN$SetNIterator
instanceKlass jdk/internal/loader/AbstractClassLoaderValue
instanceKlass jdk/internal/module/ServicesCatalog
instanceKlass java/util/Deque
instanceKlass java/util/Queue
instanceKlass sun/net/util/IPAddressUtil$MASKS
instanceKlass sun/net/util/IPAddressUtil
instanceKlass java/net/URLStreamHandler
instanceKlass sun/net/www/ParseUtil
instanceKlass java/net/URL$1
instanceKlass jdk/internal/access/JavaNetURLAccess
instanceKlass java/net/URL$DefaultFactory
instanceKlass java/net/URLStreamHandlerFactory
instanceKlass jdk/internal/loader/URLClassPath
instanceKlass java/util/concurrent/ConcurrentHashMap$CollectionView
instanceKlass jdk/internal/loader/ClassLoaderHelper
instanceKlass jdk/internal/loader/NativeLibraries
instanceKlass java/security/Principal
instanceKlass java/lang/ClassLoader$ParallelLoaders
instanceKlass java/security/cert/Certificate
instanceKlass jdk/internal/loader/ArchivedClassLoaders
instanceKlass java/net/URI$1
instanceKlass jdk/internal/access/JavaNetUriAccess
instanceKlass jdk/internal/module/ArchivedBootLayer
instanceKlass jdk/internal/module/ModuleBootstrap$Counters
instanceKlass jdk/internal/module/ModuleLoaderMap$Modules
instanceKlass jdk/internal/module/ModuleLoaderMap
instanceKlass jdk/internal/module/ModulePatcher
instanceKlass jdk/internal/util/DecimalDigits
instanceKlass java/io/FileSystem
instanceKlass java/io/DefaultFileSystem
instanceKlass java/io/File
instanceKlass java/lang/module/ModuleDescriptor$1
instanceKlass jdk/internal/access/JavaLangModuleAccess
instanceKlass sun/invoke/util/VerifyAccess
instanceKlass java/util/KeyValueHolder
instanceKlass java/util/ImmutableCollections$MapN$MapNIterator
instanceKlass java/lang/invoke/MethodHandles$Lookup
instanceKlass java/lang/invoke/MemberName$Factory
instanceKlass java/lang/invoke/MethodHandles
instanceKlass jdk/internal/module/ModuleBootstrap
instanceKlass java/util/HexFormat
instanceKlass jdk/internal/util/ClassFileDumper
instanceKlass java/lang/CharacterData
instanceKlass java/lang/invoke/MethodHandleStatics
instanceKlass java/util/Collections
instanceKlass java/lang/Thread$ThreadIdentifiers
instanceKlass sun/io/Win32ErrorMode
instanceKlass jdk/internal/misc/OSEnvironment
instanceKlass jdk/internal/misc/Signal$NativeHandler
instanceKlass java/util/Hashtable$Entry
instanceKlass jdk/internal/misc/Signal
instanceKlass java/lang/Terminator$1
instanceKlass jdk/internal/misc/Signal$Handler
instanceKlass java/lang/Terminator
instanceKlass java/nio/ByteOrder
instanceKlass java/nio/Buffer$2
instanceKlass jdk/internal/access/JavaNioAccess
instanceKlass java/nio/Buffer$1
instanceKlass jdk/internal/misc/ScopedMemoryAccess
instanceKlass java/nio/charset/CodingErrorAction
instanceKlass sun/nio/cs/SingleByte
instanceKlass java/lang/StringUTF16
instanceKlass sun/nio/cs/MS1252$Holder
instanceKlass sun/nio/cs/ArrayEncoder
instanceKlass java/nio/charset/CharsetEncoder
instanceKlass java/io/Writer
instanceKlass java/io/OutputStream
instanceKlass java/io/Flushable
instanceKlass java/io/FileDescriptor$1
instanceKlass jdk/internal/access/JavaIOFileDescriptorAccess
instanceKlass java/io/FileDescriptor
instanceKlass jdk/internal/util/StaticProperty
instanceKlass jdk/internal/reflect/MethodHandleAccessorFactory
instanceKlass jdk/internal/reflect/Reflection
instanceKlass java/lang/reflect/Modifier
instanceKlass java/lang/Class$Atomic
instanceKlass java/lang/Class$ReflectionData
instanceKlass java/nio/charset/StandardCharsets
instanceKlass sun/nio/cs/HistoricallyNamedCharset
instanceKlass java/util/Arrays
instanceKlass jdk/internal/util/Preconditions$3
instanceKlass jdk/internal/util/Preconditions$2
instanceKlass jdk/internal/util/Preconditions$4
instanceKlass java/util/function/BiFunction
instanceKlass jdk/internal/util/Preconditions$1
instanceKlass jdk/internal/util/Preconditions
instanceKlass java/nio/charset/spi/CharsetProvider
instanceKlass java/nio/charset/Charset
instanceKlass java/util/HashMap$HashIterator
instanceKlass java/util/concurrent/locks/LockSupport
instanceKlass java/util/concurrent/ConcurrentHashMap$Node
instanceKlass java/util/concurrent/ConcurrentHashMap$CounterCell
instanceKlass java/util/concurrent/locks/ReentrantLock
instanceKlass java/util/concurrent/locks/Lock
instanceKlass java/lang/Runtime
instanceKlass java/lang/VersionProps
instanceKlass java/lang/StringConcatHelper
instanceKlass jdk/internal/util/ArraysSupport
instanceKlass java/lang/StringLatin1
instanceKlass java/lang/StrictMath
instanceKlass jdk/internal/util/SystemProps$Raw
instanceKlass jdk/internal/util/SystemProps
instanceKlass java/lang/System$1
instanceKlass jdk/internal/access/JavaLangAccess
instanceKlass java/lang/ref/ReferenceQueue$Lock
instanceKlass java/lang/ref/ReferenceQueue
instanceKlass java/lang/ref/Reference$1
instanceKlass jdk/internal/access/JavaLangRefAccess
instanceKlass java/lang/Math
instanceKlass java/io/ObjectStreamClass
instanceKlass jdk/internal/reflect/ReflectionFactory
instanceKlass jdk/internal/access/SharedSecrets
instanceKlass java/lang/reflect/ReflectAccess
instanceKlass jdk/internal/access/JavaLangReflectAccess
instanceKlass java/util/Objects
instanceKlass jdk/internal/misc/CDS
instanceKlass java/lang/Module$ArchivedData
instanceKlass jdk/internal/misc/VM
instanceKlass java/lang/String$CaseInsensitiveComparator
instanceKlass java/util/Comparator
instanceKlass java/io/ObjectStreamField
instanceKlass jdk/internal/math/FDBigInteger
instanceKlass java/lang/ModuleLayer
instanceKlass java/util/ImmutableCollections
instanceKlass jdk/internal/module/ModuleLoaderMap$Mapper
instanceKlass java/util/function/Function
instanceKlass java/lang/module/ResolvedModule
instanceKlass java/lang/module/Configuration
instanceKlass java/lang/module/ModuleDescriptor$Opens
instanceKlass java/util/HashMap$Node
instanceKlass java/util/Map$Entry
instanceKlass java/util/Collections$UnmodifiableMap
instanceKlass jdk/internal/module/ModuleHashes
instanceKlass jdk/internal/module/ModuleTarget
instanceKlass java/lang/module/ModuleDescriptor$Exports
instanceKlass jdk/internal/module/SystemModuleFinders$2
instanceKlass jdk/internal/module/ModuleHashes$HashSupplier
instanceKlass jdk/internal/module/SystemModuleFinders$1
instanceKlass java/util/function/Supplier
instanceKlass java/net/URI
instanceKlass java/lang/module/ModuleDescriptor$Provides
instanceKlass java/lang/module/ModuleDescriptor$Requires
instanceKlass java/lang/module/ModuleDescriptor$Version
instanceKlass java/lang/module/ModuleDescriptor
instanceKlass java/lang/module/ModuleReference
instanceKlass java/util/Set
instanceKlass jdk/internal/module/SystemModuleFinders$SystemModuleFinder
instanceKlass java/lang/module/ModuleFinder
instanceKlass jdk/internal/module/ArchivedModuleGraph
instanceKlass sun/util/locale/BaseLocale
instanceKlass java/util/jar/Attributes$Name
instanceKlass java/lang/Character$CharacterCache
instanceKlass java/lang/Short$ShortCache
instanceKlass java/lang/Byte$ByteCache
instanceKlass java/lang/Long$LongCache
instanceKlass java/lang/Integer$IntegerCache
instanceKlass jdk/internal/vm/FillerObject
instanceKlass jdk/internal/vm/vector/VectorSupport$VectorPayload
instanceKlass jdk/internal/vm/vector/VectorSupport
instanceKlass java/lang/reflect/RecordComponent
instanceKlass java/util/Iterator
instanceKlass java/lang/Void
instanceKlass java/lang/Number
instanceKlass java/lang/Character
instanceKlass java/lang/Boolean
instanceKlass java/util/concurrent/locks/AbstractOwnableSynchronizer
instanceKlass java/lang/LiveStackFrame
instanceKlass java/lang/ClassFrameInfo
instanceKlass java/lang/StackWalker$StackFrame
instanceKlass java/lang/StackStreamFactory$AbstractStackWalker
instanceKlass java/lang/StackWalker
instanceKlass java/nio/Buffer
instanceKlass java/lang/StackTraceElement
instanceKlass java/util/RandomAccess
instanceKlass java/util/List
instanceKlass java/util/SequencedCollection
instanceKlass java/util/AbstractCollection
instanceKlass java/util/Collection
instanceKlass java/lang/Iterable
instanceKlass java/util/concurrent/ConcurrentMap
instanceKlass java/util/AbstractMap
instanceKlass java/security/CodeSource
instanceKlass jdk/internal/loader/ClassLoaders
instanceKlass java/util/jar/Manifest
instanceKlass java/lang/Enum
instanceKlass java/net/URL
instanceKlass java/io/InputStream
instanceKlass java/io/Closeable
instanceKlass java/lang/AutoCloseable
instanceKlass jdk/internal/module/Modules
instanceKlass jdk/internal/misc/Unsafe
instanceKlass jdk/internal/misc/UnsafeConstants
instanceKlass java/lang/AbstractStringBuilder
instanceKlass java/lang/Appendable
instanceKlass java/lang/AssertionStatusDirectives
instanceKlass jdk/internal/foreign/abi/ABIDescriptor
instanceKlass jdk/internal/foreign/abi/NativeEntryPoint
instanceKlass java/lang/invoke/CallSite
instanceKlass java/lang/invoke/MethodType
instanceKlass java/lang/invoke/TypeDescriptor$OfMethod
instanceKlass java/lang/invoke/LambdaForm
instanceKlass java/lang/invoke/MethodHandleNatives
instanceKlass java/lang/invoke/MethodHandleImpl
instanceKlass java/lang/invoke/ResolvedMethodName
instanceKlass java/lang/invoke/MemberName
instanceKlass java/lang/invoke/VarHandle
instanceKlass java/lang/invoke/MethodHandle
instanceKlass jdk/internal/reflect/ConstructorAccessorImpl
instanceKlass jdk/internal/reflect/ConstructorAccessor
instanceKlass jdk/internal/reflect/CallerSensitive
instanceKlass java/lang/annotation/Annotation
instanceKlass jdk/internal/reflect/ConstantPool
instanceKlass jdk/internal/reflect/MethodAccessorImpl
instanceKlass jdk/internal/reflect/MethodAccessor
instanceKlass jdk/internal/vm/StackChunk
instanceKlass jdk/internal/vm/Continuation
instanceKlass jdk/internal/vm/ContinuationScope
instanceKlass java/lang/reflect/Parameter
instanceKlass java/lang/reflect/Member
instanceKlass java/lang/reflect/AccessibleObject
instanceKlass java/lang/Module
instanceKlass java/util/Map
instanceKlass java/util/Dictionary
instanceKlass java/lang/ThreadGroup
instanceKlass java/lang/Thread$UncaughtExceptionHandler
instanceKlass java/lang/Thread$Constants
instanceKlass java/lang/Thread$FieldHolder
instanceKlass java/lang/Thread
instanceKlass java/lang/Runnable
instanceKlass java/lang/ref/Reference
instanceKlass java/lang/Record
instanceKlass java/security/ProtectionDomain
instanceKlass java/lang/Throwable
instanceKlass java/lang/System
instanceKlass java/lang/ClassLoader
instanceKlass java/lang/Cloneable
instanceKlass java/lang/Class
instanceKlass java/lang/invoke/TypeDescriptor$OfField
instanceKlass java/lang/invoke/TypeDescriptor
instanceKlass java/lang/reflect/Type
instanceKlass java/lang/reflect/GenericDeclaration
instanceKlass java/lang/reflect/AnnotatedElement
instanceKlass java/lang/String
instanceKlass java/lang/constant/ConstantDesc
instanceKlass java/lang/constant/Constable
instanceKlass java/lang/CharSequence
instanceKlass java/lang/Comparable
instanceKlass java/io/Serializable
ciInstanceKlass java/lang/Object 1 1 115 7 1 10 12 1 1 10 7 12 1 1 1 10 7 12 1 1 1 10 12 1 1 8 1 10 12 1 1 10 7 12 1 1 1 10 12 1 10 12 1 1 100 1 8 1 10 12 1 10 7 12 1 1 1 7 1 10 12 1 7 1 10 12 1 1 8 1 3 8 1 100 1 5 0 1 1 1 1 1 1 1 1 1 1 1 1 1 1 1 1 7 1 1 1 1 1 1 1 1 1 1 1 1 1 7 1 1 1 1 1 1 3 1 1
ciMethod java/lang/Object equals (Ljava/lang/Object;)Z 512 0 8929 0 88
ciMethod java/lang/Object hashCode ()I 256 0 128 0 -1
ciMethod java/lang/Object clone ()Ljava/lang/Object; 256 0 128 0 -1
ciInstanceKlass java/io/Serializable 1 0 7 100 1 100 1 1 1
ciInstanceKlass java/lang/System 1 1 591 10 100 12 1 1 1 10 7 12 1 1 1 10 12 1 1 10 12 1 9 12 1 1 10 7 12 1 1 1 11 100 12 1 1 1 10 100 12 1 1 1 10 12 1 1 100 1 8 1 10 12 1 9 12 1 1 9 12 1 1 10 7 12 1 1 1 10 7 12 1 1 1 10 12 1 1 10 12 1 10 7 12 1 1 1 10 12 1 10 12 1 1 7 1 10 12 1 1 100 1 8 1 10 10 12 1 1 100 1 8 1 10 10 7 12 1 1 10 12 10 7 12 1 1 10 7 12 1 1 1 100 1 8 1 10 10 7 12 1 1 1 10 7 12 1 1 1 100 1 10 100 12 1 1 1 10 12 1 1 10 7 12 1 1 1 10 12 1 1 10 12 1 10 12 1 8 1 10 12 1 1 10 12 1 1 8 1 10 12 1 7 1 7 1 10 12 1 9 7 12 1 1 1 10 7 12 1 1 1 10 12 1 10 12 1 10 7 12 1 1 1 100 1 8 1 10 9 12 1 1 9 12 1 10 12 1 10 100 12 1 1 10 12 1 10 12 1 1 100 1 10 8 1 10 12 1 1 10 12 1 10 12 1 1 10 12 1 1 8 1 11 7 12 1 1 10 12 11 12 1 1 11 7 12 1 1 1 11 7 12 1 1 11 12 1 1 7 1 11 12 1 10 12 1 8 1 10 12 1 1 8 1 8 1 8 1 8 1 11 12 1 10 12 1 1 10 12 1 10 12 1 8 1 10 12 1 1 8 1 9 12 1 8 1 10 7 12 1 1 8 1 7 1 9 7 12 1 1 1 10 12 1 7 1 9 12 10 9 12 7 1 10 12 9 12 1 1 8 1 10 12 1 1 8 1 9 12 1 10 7 12 1 1 10 12 1 10 12 1 1 11 7 12 1 1 10 12 10 7 12 1 1 1 9 12 1 1 100 1 100 1 8 1 10 12 1 1 10 12 1 8 1 8 1 10 8 1 8 1 8 1 8 1 8 1 10 8 1 10 7 12 1 1 1 10 7 12 1 1 1 10 12 1 1 7 1 10 10 12 1 10 12 1 9 12 1 1 1 1 1 1 1 1 1 1 1 1 100 1 1 100 1 1 1 1 1 1 1 1 1 1 3 1 1 1 1 1 1 1 1 1 1 1 1 1 1 1 1 1 1 1 1 1 1 1 1 1 1 1 1 1 1 1 1 1 1 1 1 1 1 1 1 1 1 1 1 1 1 1 1 1 1 1 100 1 1 1 1 1 1 1 1 1 1 1 1 1 1 1 1 1 1 1 1 1 1 1 1 1 100 1 100 1 1 1 1 1 1 1 1
staticfield java/lang/System in Ljava/io/InputStream; java/io/BufferedInputStream
staticfield java/lang/System out Ljava/io/PrintStream; org/fusesource/jansi/AnsiPrintStream
staticfield java/lang/System err Ljava/io/PrintStream; org/fusesource/jansi/AnsiPrintStream
ciInstanceKlass jdk/internal/access/SharedSecrets 1 1 430 10 100 12 1 1 1 9 7 12 1 1 1 8 1 10 7 12 1 1 1 100 1 9 12 1 1 8 1 9 12 1 1 100 1 10 12 1 1 9 12 1 1 100 1 9 12 1 1 9 12 1 1 8 1 9 12 1 1 7 1 9 12 1 1 9 12 1 1 9 12 1 1 100 1 9 12 1 1 7 1 9 12 1 1 100 1 9 12 1 1 100 1 9 12 1 1 100 1 9 12 1 1 100 1 9 12 1 1 100 1 9 12 1 1 100 1 9 12 1 1 7 1 9 12 1 1 9 12 1 1 9 12 1 1 9 12 1 1 100 1 9 12 1 1 100 1 9 12 1 1 9 12 1 1 100 1 9 12 1 1 8 1 9 12 1 1 100 1 9 12 1 1 100 1 9 12 1 1 100 1 9 12 1 1 100 1 9 12 1 1 100 1 9 12 1 1 7 1 10 7 12 1 1 1 10 7 12 1 1 1 100 1 1 1 1 1 1 1 1 1 1 1 1 1 100 1 1 1 1 1 100 1 1 1 1 1 100 1 1 100 1 1 1 1 1 1 1 1 1 1 1 1 1 100 1 1 1 1 1 1 100 1 1 1 1 1 1 1 1 1 1 1 1 1 1 1 100 1 1 1 1 1 100 1 1 1 1 1 1 100 1 1 1 1 1 1 100 1 1 1 1 1 100 1 1 1 1 1 1 100 1 1 1 1 1 1 100 1 1 1 1 1 1 100 1 1 1 100 1 1 1 1 1 1 1 1 1 1 1 1 1 1 1 1 1 1 1 100 1 1 1 1 1 100 1 1 1 1 1 100 1 1 1 1 1 100 1 1 1 1 1 100 1 1 1 1 1 1 1 1 100 1 1 1 1 1 1 100 1 1 1 1 1 100 1 1 1 1 1 1 100 1 1 1 1 1 1 100 1 1 1 1 1 1 100 1 1 1 1 1 1 1 1 1 1 100 1 1 1
instanceKlass java/security/Security$1
instanceKlass java/security/Provider
ciInstanceKlass java/util/Properties 1 1 690 10 7 12 1 1 1 100 1 10 7 12 1 1 7 1 10 12 1 9 12 1 1 9 12 1 1 9 12 1 1 10 7 12 1 1 1 10 12 1 1 8 1 10 7 12 1 1 1 7 1 10 12 1 10 12 1 1 8 1 10 12 1 7 1 10 12 10 12 1 1 9 12 1 1 10 12 1 1 7 1 10 12 1 10 12 1 10 12 1 1 100 1 8 1 10 12 1 10 12 1 10 12 1 1 10 12 1 100 1 3 10 10 7 12 1 1 1 10 12 1 10 12 1 1 8 1 10 12 1 10 12 1 1 8 1 10 7 12 1 1 10 12 1 1 10 12 1 10 12 1 1 100 1 10 12 1 10 12 1 1 7 1 9 7 12 1 1 1 10 12 1 10 12 1 1 10 12 1 1 10 12 1 1 7 1 9 12 1 1 7 1 7 1 10 12 1 7 1 11 7 12 1 1 1 11 12 1 1 11 7 12 1 1 1 11 7 12 1 1 1 11 12 1 1 11 12 1 11 12 1 10 12 1 1 8 1 10 12 1 10 7 12 1 1 10 12 1 7 1 10 10 12 1 10 12 1 100 1 10 10 12 1 1 10 100 12 1 1 9 100 12 1 1 10 12 1 1 10 100 12 1 1 1 100 1 100 1 100 1 10 8 1 8 1 10 12 1 10 12 1 10 12 1 1 10 10 12 1 1 10 12 1 1 7 1 10 10 12 1 11 7 12 1 1 10 7 12 1 1 1 8 1 10 100 12 1 1 11 11 7 1 8 1 10 100 1 11 10 12 1 10 10 12 1 10 12 1 1 10 12 1 1 10 12 1 1 10 12 1 10 12 1 10 10 12 1 10 12 1 10 12 1 10 10 12 1 1 10 12 1 1 10 10 12 1 10 12 1 10 12 1 10 12 1 10 12 1 1 10 12 1 1 10 12 1 10 12 1 10 12 1 1 10 12 10 12 1 1 10 12 1 1 10 12 1 10 12 1 1 10 12 1 1 10 12 10 11 12 1 4 11 10 12 1 1 10 100 12 1 1 11 12 1 10 12 1 1 10 100 12 1 1 10 12 1 100 1 8 1 10 12 1 10 10 100 12 1 1 1 100 1 6 0 10 12 1 1 11 100 12 1 1 1 10 12 1 10 12 1 1 1 1 1 5 0 1 1 1 1 1 1 1 1 1 1 1 1 1 1 1 1 1 1 1 1 1 1 1 1 1 1 1 1 1 1 1 1 1 1 1 1 1 1 1 100 1 1 1 1 1 1 1 1 1 1 1 1 1 1 1 1 1 1 1 1 100 1 1 1 1 1 1 1 1 1 1 1 1 100 1 100 1 1 1 1 1 100 1 1 1 1 1 1 1 1 1 1 1 1 1 1 1 1 1 1 1 1 1 1 1 1 1 1 1 1 1 1 1 1 1 1 1 1 1 1 1 1 1 1 1 1 1 1 1 1 1 1 1 1 1 1 1 1 1 1 1 1 1 1 1 1 1 1 1 1 1 1 1 1 1 1 1 1 1 100 1 1 1 1 1 1 1 1 1 1 1 100 1 1
staticfield java/util/Properties UNSAFE Ljdk/internal/misc/Unsafe; jdk/internal/misc/Unsafe
instanceKlass java/util/Hashtable
ciInstanceKlass java/util/Dictionary 1 1 36 10 7 12 1 1 1 100 1 1 1 1 1 1 1 1 1 1 1 1 1 1 1 1 1 1 1 1 1 1 1 1 1 1 1 1
instanceKlass java/util/Properties
ciInstanceKlass java/util/Hashtable 1 1 516 100 1 10 7 12 1 1 1 9 7 12 1 1 1 100 1 100 1 10 8 1 10 12 1 1 10 12 1 10 12 1 1 10 12 1 10 7 12 1 1 1 8 1 10 12 1 9 12 1 1 7 1 9 12 1 1 4 10 7 12 1 1 1 9 12 1 4 10 12 1 11 100 12 1 1 1 10 12 1 1 10 12 1 1 9 12 1 10 12 1 1 100 1 10 9 12 1 1 10 7 12 1 1 1 9 12 1 1 10 12 1 10 12 1 3 9 12 1 9 12 1 3 10 12 1 10 12 1 10 12 1 1 11 12 1 1 11 100 12 1 1 1 11 100 12 1 1 1 11 12 1 100 1 11 12 1 11 12 1 10 12 1 1 10 12 1 1 10 12 1 9 12 1 1 9 12 9 12 1 1 10 100 1 100 1 10 12 1 10 8 1 10 10 12 1 8 1 10 8 1 10 100 12 1 1 1 7 1 10 12 1 10 12 1 100 1 10 12 1 10 12 1 1 100 1 10 100 1 10 10 12 1 1 11 12 1 1 11 12 1 100 1 10 10 10 100 12 1 1 11 100 12 1 1 1 100 1 10 11 100 12 1 1 11 100 12 1 10 12 1 10 12 1 1 10 100 12 1 1 10 12 1 1 10 12 1 1 10 12 1 1 10 100 12 1 1 1 8 10 100 12 1 1 100 1 8 1 10 4 4 10 12 1 1 10 12 1 8 1 4 10 12 10 100 12 1 1 1 100 1 11 100 12 1 1 1 10 100 12 1 1 1 10 12 1 10 12 1 1 10 100 1 100 1 1 1 1 1 1 5 0 1 1 1 1 1 3 1 3 1 3 1 1 1 1 1 1 1 1 1 1 1 1 1 1 1 1 1 1 1 1 1 1 1 1 1 100 1 1 1 1 1 1 1 1 1 1 1 1 1 1 1 1 1 1 1 1 1 1 1 1 1 1 1 1 1 100 1 1 1 1 1 1 1 1 1 1 1 1 1 1 100 1 1 1 1 1 1 1 1 1 1 1 1 1 1 1 1 1 1 1 1 1 1 1 1 1 1 1 1 1 1 1 1 1 1 1 1 1 1 1 1 1 1 1 1 100 1 1 1 100 1 1 1 1 1 100 1 1 1 1 1 1 1 1 1 1 1 1 1 1 1 1 1 1
ciInstanceKlass java/util/Map 1 1 263 11 7 12 1 1 1 11 12 1 1 10 7 12 1 1 11 12 1 1 11 7 12 1 1 1 11 100 12 1 1 1 11 12 1 1 7 1 11 12 1 11 12 1 100 1 100 1 10 12 1 1 11 100 12 1 1 1 11 100 12 1 1 1 11 12 1 11 12 1 10 12 1 1 11 12 1 11 7 12 1 9 7 12 1 1 1 100 1 10 12 7 1 7 1 10 12 1 7 1 10 7 1 11 12 1 11 12 1 1 11 12 1 1 7 1 11 12 1 1 1 1 1 1 1 1 1 1 1 1 1 1 1 1 1 1 1 1 1 1 1 1 1 1 1 1 1 1 1 1 1 1 1 1 1 1 1 1 1 1 1 1 1 1 1 1 1 1 1 1 1 1 1 1 1 1 1 1 1 1 1 1 1 1 1 1 1 1 1 1 1 1 1 1 1 1 1 1 1 1 1 1 1 1 1 1 1 1 1 1 1 1 1 1 1 1 1 1 1 1 1 1 1 1 1 1 1 1 1 1 1 1 1 1 1 1 1 1 1 1 1 1 1 1 100 1 1 1 1 1 1 1 1 1 1 1 1 1 1 1 1 1 1
ciInstanceKlass java/lang/String 1 1 1471 10 7 12 1 1 1 8 1 9 7 12 1 1 1 9 12 1 1 9 12 1 1 9 12 1 1 10 12 1 10 12 1 1 10 12 1 1 9 12 1 10 7 12 1 1 1 10 12 1 1 10 12 1 10 7 12 1 1 1 10 12 1 1 10 12 1 1 10 12 1 10 12 1 1 10 12 1 10 7 12 1 1 1 7 1 9 7 12 1 1 1 10 7 12 1 1 1 10 12 1 1 10 12 1 1 10 7 12 1 1 1 10 12 1 1 9 7 12 1 1 10 12 9 7 12 1 1 10 12 1 1 3 10 12 1 1 7 1 11 12 1 1 11 12 1 11 12 1 1 10 7 12 1 1 1 10 12 1 1 9 7 12 1 1 1 10 12 1 1 10 12 1 11 12 1 1 10 12 1 10 12 10 12 1 1 100 1 100 1 10 12 1 10 12 1 10 7 12 1 1 1 10 12 1 1 100 1 10 12 1 1 100 1 10 12 1 1 10 12 1 1 10 12 1 10 10 12 1 100 1 100 1 7 1 10 12 1 10 12 1 1 10 12 1 1 10 12 1 10 12 1 1 10 12 1 1 10 100 12 1 1 100 1 11 10 7 12 1 1 11 12 1 11 12 1 10 12 1 10 12 1 10 12 10 12 1 1 10 10 7 12 1 1 1 10 7 12 1 1 10 12 1 1 10 7 12 1 1 10 12 1 10 12 1 1 10 12 1 1 10 12 1 10 12 1 10 12 1 1 100 1 10 12 1 1 10 12 10 12 1 10 12 1 1 10 12 1 1 10 7 12 1 1 1 10 12 1 10 12 1 1 10 12 1 10 12 1 3 3 10 12 1 1 10 12 1 10 12 1 1 10 12 1 1 10 12 1 1 10 12 1 10 12 1 1 10 12 1 1 10 12 1 10 12 1 10 12 1 10 12 1 1 10 12 1 10 12 1 10 12 1 10 12 1 10 12 1 10 12 1 10 100 1 10 8 1 10 12 1 1 10 12 1 8 1 10 12 1 1 10 12 10 12 1 8 1 10 10 12 1 1 10 12 1 1 7 1 5 0 100 1 8 1 10 10 12 1 1 5 0 5 0 5 0 10 12 1 1 10 100 1 10 10 12 1 10 12 1 10 12 1 10 10 12 1 10 12 1 10 12 1 10 12 1 10 12 1 10 12 1 10 12 1 1 10 12 1 1 10 12 1 1 10 10 12 1 1 10 10 12 1 100 1 10 9 100 12 1 1 1 11 100 12 1 1 1 10 12 1 1 10 12 1 1 10 7 1 10 12 1 10 12 1 10 7 12 1 1 1 10 12 1 10 12 1 1 10 12 1 11 7 1 11 12 10 12 1 10 12 1 1 10 12 1 1 10 10 12 1 10 12 1 9 12 1 1 11 7 12 1 1 1 10 12 10 10 12 1 10 12 1 1 10 10 12 1 10 12 1 10 12 1 1 10 12 1 1 10 10 12 1 1 10 10 7 12 1 1 1 10 12 1 10 12 1 10 12 10 10 12 10 10 12 1 10 12 1 10 10 12 10 12 1 1 10 12 10 10 12 10 12 1 10 12 10 12 10 10 12 1 10 12 1 1 10 12 1 1 10 10 12 1 10 7 12 1 1 1 10 12 1 1 10 10 7 12 1 1 1 11 10 12 1 10 12 1 1 10 12 1 1 10 7 12 1 1 1 10 12 1 10 12 1 10 12 1 10 12 1 10 12 1 10 12 1 100 1 10 10 12 1 10 12 1 1 8 1 10 12 1 3 3 10 12 1 10 12 1 1 10 12 7 1 10 10 12 1 1 10 12 10 12 1 10 12 1 10 12 1 1 10 12 1 1 11 7 12 1 1 1 7 1 10 12 1 10 12 1 1 8 1 10 12 1 1 10 12 1 11 7 12 1 1 1 11 7 12 1 1 11 12 1 10 12 1 10 12 1 1 10 10 7 12 1 1 1 10 12 1 10 12 1 10 10 12 10 12 1 1 10 10 12 1 10 10 12 1 10 10 12 1 10 10 12 1 10 12 1 1 10 10 12 1 8 1 10 12 1 1 18 12 1 1 11 100 12 1 1 1 3 18 12 1 18 12 1 8 1 10 100 12 1 1 1 11 12 1 1 10 12 10 10 12 1 10 11 12 1 1 10 12 1 1 11 12 1 18 3 11 10 11 11 10 12 1 10 12 1 1 8 1 10 12 1 10 12 1 10 12 1 1 10 10 12 1 11 100 12 1 100 1 100 1 10 12 100 1 10 10 100 12 1 1 1 100 1 10 7 1 10 10 12 1 10 10 12 1 8 1 10 10 12 1 8 1 8 1 10 12 1 10 12 1 10 10 12 10 100 12 1 1 10 7 12 1 1 10 100 12 1 1 8 1 10 12 1 10 12 1 10 9 12 1 10 12 9 7 12 1 1 1 10 12 1 10 12 1 10 12 1 10 12 10 12 1 10 12 1 8 1 10 100 12 1 1 1 10 12 10 12 1 1 10 12 10 12 10 12 7 1 9 12 1 1 7 1 10 100 1 100 1 100 1 100 1 1 1 1 1 1 5 0 1 1 1 1 1 3 1 3 1 1 1 1 1 1 1 1 1 1 1 1 1 1 1 100 1 1 1 1 1 1 1 1 1 1 1 1 1 1 1 1 1 1 1 1 1 1 1 1 1 1 1 1 1 1 1 100 1 1 1 1 1 1 1 1 1 1 1 1 100 1 1 1 1 1 1 1 1 1 1 1 1 1 1 1 1 1 1 1 1 1 1 1 1 1 1 1 1 1 1 1 1 1 1 1 1 1 1 1 1 1 1 1 1 1 1 1 1 1 1 1 1 1 1 1 1 1 1 1 1 1 1 1 1 1 1 1 1 1 1 1 1 1 1 1 1 1 1 1 1 1 1 1 1 1 1 1 1 1 1 1 1 1 1 1 1 1 1 1 1 1 1 1 1 1 1 1 1 1 1 1 1 1 1 1 1 1 1 1 1 1 1 1 1 1 1 1 1 1 1 1 1 1 1 1 1 1 1 1 1 1 1 1 1 1 1 1 1 1 1 1 1 1 1 1 1 1 1 1 1 1 1 1 1 1 1 1 1 1 1 1 1 1 1 1 1 1 1 1 100 1 1 1 1 1 1 1 1 1 1 1 1 1 1 1 1 1 1 1 1 1 1 1 100 1 1 1 1 1 1 1 1 1 1 1 1 1 1 1 7 1 1 1 1 1 1 1 1 1 1 1 1 1 1 1 16 15 10 12 16 15 10 12 15 10 12 15 10 12 15 10 100 12 1 1 1 1 100 1 1 1 1 1 100 1 100 1 1 1
staticfield java/lang/String COMPACT_STRINGS Z 1
staticfield java/lang/String serialPersistentFields [Ljava/io/ObjectStreamField; 0 [Ljava/io/ObjectStreamField;
staticfield java/lang/String CASE_INSENSITIVE_ORDER Ljava/util/Comparator; java/lang/String$CaseInsensitiveComparator
ciMethod java/lang/String equals (Ljava/lang/Object;)Z 894 0 5567 0 496
ciMethod java/lang/String hashCode ()I 542 0 24352 0 728
ciInstanceKlass java/lang/Comparable 1 0 12 100 1 100 1 1 1 1 1 1 1 1
ciInstanceKlass java/lang/CharSequence 1 1 145 11 7 12 1 1 1 18 12 1 1 100 1 10 100 12 1 1 1 18 10 100 12 1 1 1 11 12 1 1 11 100 1 11 12 1 1 10 100 12 1 1 1 11 12 1 1 10 12 1 1 10 12 1 100 1 10 12 1 1 10 100 12 1 1 1 100 1 10 10 12 1 1 100 1 1 1 1 1 1 1 1 1 1 1 1 1 1 1 1 1 1 1 1 1 1 1 1 1 1 1 1 1 1 1 1 1 1 1 1 1 1 1 1 16 1 15 11 12 16 15 11 12 15 10 100 12 1 1 1 1 1 100 1 100 1 1 100 1 1 100 1 100 1 1
ciMethod java/lang/String length ()I 548 0 1002865 0 104
ciMethod java/lang/String charAt (I)C 530 0 1040647 0 192
ciMethod java/lang/String isEmpty ()Z 516 0 89508 0 104
ciInstanceKlass java/lang/constant/Constable 1 0 11 100 1 100 1 1 1 1 1 1 1
ciInstanceKlass java/lang/constant/ConstantDesc 1 0 37 100 1 100 1 1 1 1 7 1 1 1 1 100 1 100 1 100 1 100 1 100 1 100 1 100 1 100 1 100 1 1 100 1 100 1 1
instanceKlass org/fusesource/jansi/AnsiPrintStream
ciInstanceKlass java/io/PrintStream 1 1 354 100 1 10 12 1 1 8 1 10 7 12 1 1 1 10 7 12 1 1 1 100 1 100 1 100 1 10 10 7 12 1 1 9 12 1 1 9 12 1 9 12 1 10 12 1 1 10 12 1 9 12 1 7 1 10 12 1 9 12 1 1 7 1 10 12 1 9 12 1 1 10 12 1 10 12 1 8 1 7 1 10 12 1 10 12 1 100 1 10 10 12 1 8 10 12 1 9 12 1 1 100 1 8 1 10 10 12 1 1 10 12 1 10 12 1 10 10 10 12 1 1 10 12 1 1 100 1 10 100 12 1 1 1 10 12 1 10 12 1 10 10 12 1 10 12 1 10 10 12 1 10 12 10 7 12 1 1 1 10 12 1 1 10 10 12 1 10 12 1 10 12 1 10 12 1 10 12 1 10 10 12 1 10 10 7 12 1 1 1 10 12 1 10 12 1 1 10 12 1 10 12 10 12 1 10 12 1 10 12 1 10 12 10 12 10 12 10 12 1 1 10 12 1 9 12 1 1 10 100 12 1 1 1 9 100 12 1 1 1 10 100 12 1 1 1 10 12 1 10 12 1 10 12 1 8 1 11 100 12 1 1 1 10 12 1 1 10 12 1 10 12 1 100 1 100 1 1 1 1 1 1 1 1 1 1 1 1 1 1 1 1 100 1 1 1 1 1 1 1 1 100 1 1 1 1 1 1 1 1 1 100 1 1 1 1 1 1 1 1 1 1 1 1 1 1 1 1 1 1 1 1 1 1 1 1 1 100 1 1 1 1 1 1 1 1 1 1 1 1 1 1 1 1
instanceKlass jdk/nio/zipfs/ZipFileSystem$FileRolloverOutputStream
instanceKlass sun/nio/ch/ChannelOutputStream
instanceKlass sun/nio/ch/NioSocketImpl$2
instanceKlass java/net/Socket$SocketOutputStream
instanceKlass sun/security/ssl/SSLSocketImpl$AppOutputStream
instanceKlass org/apache/http/impl/conn/LoggingOutputStream
instanceKlass org/apache/http/impl/io/ContentLengthOutputStream
instanceKlass org/apache/http/impl/io/IdentityOutputStream
instanceKlass org/apache/http/impl/io/ChunkedOutputStream
instanceKlass org/apache/maven/wagon/LazyFileOutputStream
instanceKlass java/io/ByteArrayOutputStream
instanceKlass java/io/FilterOutputStream
instanceKlass java/io/FileOutputStream
ciInstanceKlass java/io/OutputStream 1 1 53 10 7 12 1 1 1 100 1 10 10 7 12 1 1 1 10 100 12 1 1 1 10 12 1 100 1 100 1 1 1 1 1 1 1 1 1 100 1 1 1 1 1 1 1 1 1 1 1 1 1 1 1
ciInstanceKlass java/lang/AutoCloseable 1 0 12 100 1 100 1 1 1 1 100 1 1 1
ciInstanceKlass java/io/Closeable 1 0 14 100 1 100 1 100 1 1 1 1 100 1 1 1
ciInstanceKlass java/io/Flushable 1 0 12 100 1 100 1 1 1 1 100 1 1 1
ciInstanceKlass java/lang/Appendable 1 0 14 100 1 100 1 1 1 1 100 1 1 1 1 1
ciInstanceKlass sun/nio/cs/UTF_8 1 1 84 8 1 10 7 12 1 1 1 10 7 12 1 1 1 8 1 7 1 10 12 1 7 1 10 10 7 12 1 1 1 10 12 1 1 10 12 1 1 7 1 10 12 1 9 12 1 1 10 7 12 1 1 1 9 12 1 1 1 1 1 1 1 1 1 1 1 1 1 1 1 1 1 1 1 1 1 1 1 1 1 1 1 1
staticfield sun/nio/cs/UTF_8 INSTANCE Lsun/nio/cs/UTF_8; sun/nio/cs/UTF_8
staticfield sun/nio/cs/UTF_8 JLA Ljdk/internal/access/JavaLangAccess; java/lang/System$1
instanceKlass sun/nio/cs/MS1252
instanceKlass sun/nio/cs/US_ASCII
instanceKlass sun/nio/cs/ISO_8859_1
instanceKlass sun/nio/cs/Unicode
ciInstanceKlass java/nio/charset/Charset 1 1 381 10 7 12 1 1 1 100 1 10 12 1 1 10 12 1 1 9 7 12 1 1 1 9 12 1 7 1 100 1 10 12 1 9 100 12 1 1 1 10 100 12 1 1 1 10 12 1 1 10 7 12 1 1 1 10 12 1 10 12 1 1 11 100 12 1 1 11 12 1 7 1 10 12 1 1 10 12 1 9 100 12 1 1 1 100 1 8 1 10 10 12 1 1 10 12 1 9 12 1 1 10 12 1 10 12 1 10 12 1 1 10 12 1 10 12 1 100 1 10 10 12 1 1 11 100 12 1 1 1 100 1 9 12 1 1 10 12 1 10 12 1 10 12 1 1 10 100 12 1 1 1 9 12 1 1 10 7 12 1 1 9 100 12 1 1 1 10 9 12 1 1 10 12 1 1 10 7 12 1 1 1 10 12 1 1 10 100 12 1 1 1 100 8 1 8 1 8 1 9 12 1 9 12 1 9 12 1 1 11 100 12 1 1 1 8 1 10 12 1 1 8 1 10 7 12 1 1 1 9 7 12 1 1 1 10 7 12 1 1 1 10 12 1 10 12 1 1 100 1 100 1 10 12 1 10 12 1 1 10 7 12 1 1 10 12 10 12 1 1 10 7 12 1 1 1 10 10 12 1 1 10 12 1 10 12 1 1 7 1 10 100 1 1 1 1 1 1 1 1 1 1 1 1 1 1 1 1 1 1 1 1 1 1 1 1 100 1 1 100 1 100 1 1 1 1 1 1 1 1 1 1 1 1 1 1 1 1 1 1 1 1 1 1 1 1 1 1 1 1 1 1 1 1 1 1 1 1 1 1 1 1 1 1 1 1 1 1 1 1 1 1 1 1 1 1 1 1 1 1 1
staticfield java/nio/charset/Charset standardProvider Ljava/nio/charset/spi/CharsetProvider; sun/nio/cs/StandardCharsets
staticfield java/nio/charset/Charset zeroAliases [Ljava/lang/String; 0 [Ljava/lang/String;
ciInstanceKlass jdk/internal/misc/VM 1 1 316 10 7 12 1 1 1 9 7 12 1 1 1 9 12 1 1 100 1 100 1 10 8 1 10 12 1 1 10 12 1 10 12 1 1 10 12 1 10 12 1 10 12 1 9 12 1 1 8 1 10 12 1 9 12 1 1 9 12 1 1 10 7 12 1 1 1 7 1 11 12 1 1 3 10 12 1 1 10 7 12 1 1 1 9 12 1 1 100 1 8 1 10 11 7 12 1 1 1 7 1 10 100 12 1 1 1 10 12 8 1 8 1 10 12 1 8 1 10 12 1 1 10 7 12 1 1 1 10 12 1 1 10 100 12 1 1 1 5 0 8 1 8 1 10 12 1 1 10 7 12 1 1 9 12 1 9 12 1 9 7 12 1 1 1 9 12 1 9 12 1 9 12 1 9 12 1 9 12 1 10 12 1 10 12 1 10 12 1 10 12 1 10 12 1 9 100 12 1 1 1 10 7 12 1 1 1 11 7 12 1 1 1 5 0 10 1 1 3 1 3 1 3 1 3 1 3 1 1 1 1 1 1 1 1 3 1 3 1 3 1 1 1 1 1 1 1 100 1 1 1 100 1 1 1 1 1 1 1 1 1 1 1 1 1 1 1 1 1 1 1 1 1 1 1 1 1 1 1 1 1 1 1 1 1 1 1 1 1 1 1 1 1 1 1 1 1 1 1 1 1 1 1 1 1 1 1 1 100 1 1 100 1 1 1 1
staticfield jdk/internal/misc/VM lock Ljava/lang/Object; java/lang/Object
ciInstanceKlass java/util/Set 1 1 144 100 1 10 7 12 1 1 1 9 7 12 1 1 1 7 1 10 12 1 1 10 12 1 7 1 7 1 10 12 1 7 1 7 1 11 7 12 1 1 1 11 12 1 1 7 1 10 12 1 10 12 1 1 11 12 1 1 1 1 1 1 1 1 1 1 1 1 1 1 1 1 1 1 1 1 1 1 1 1 1 1 1 1 1 1 1 1 1 1 1 1 1 1 1 1 1 1 1 1 1 1 1 1 1 1 1 1 1 1 1 1 1 1 1 1 1 1 1 1 1 1 1 1 1 1 1 1 1 1 1 1 1 1 1 1 1 1 1 1 1 1 1 1
ciInstanceKlass java/util/Iterator 1 1 53 100 1 8 1 10 12 1 1 10 7 12 1 1 1 11 7 12 1 1 1 11 12 1 1 11 7 12 1 1 1 100 1 1 1 1 1 1 1 1 1 1 1 1 1 1 1 1 1 1 1 1 1
ciInstanceKlass java/util/Map$Entry 1 1 178 18 12 1 1 7 1 7 1 18 10 100 12 1 1 1 18 12 1 18 100 1 11 7 12 1 1 1 11 12 1 11 7 12 1 1 1 10 100 12 1 1 1 10 100 12 1 1 1 8 1 10 12 1 1 8 1 8 1 8 1 10 12 1 10 12 1 8 10 100 1 10 12 1 8 10 12 1 8 1 10 12 1 8 10 12 1 8 1 10 12 1 1 8 1 100 1 8 1 10 12 1 1 11 12 7 1 11 12 1 1 1 1 1 1 1 1 1 1 1 1 1 1 1 1 1 1 1 1 1 1 1 1 1 1 1 1 1 1 1 1 1 1 1 1 1 1 1 16 15 11 12 16 3 3 15 11 12 15 11 12 15 11 12 15 10 7 12 1 1 1 1 1 100 1 100 1 1
instanceKlass jdk/nio/zipfs/ZipFileSystem$EntryInputStream
instanceKlass java/io/SequenceInputStream
instanceKlass org/apache/http/client/entity/LazyDecompressingInputStream
instanceKlass org/apache/http/conn/EofSensorInputStream
instanceKlass sun/nio/ch/NioSocketImpl$1
instanceKlass java/net/Socket$SocketInputStream
instanceKlass sun/security/ssl/SSLSocketImpl$AppInputStream
instanceKlass org/apache/http/impl/conn/LoggingInputStream
instanceKlass org/apache/http/impl/io/ContentLengthInputStream
instanceKlass org/apache/http/impl/io/EmptyInputStream
instanceKlass org/apache/http/impl/io/IdentityInputStream
instanceKlass org/apache/http/impl/io/ChunkedInputStream
instanceKlass org/apache/http/client/entity/DeflateInputStream
instanceKlass sun/nio/ch/ChannelInputStream
instanceKlass java/util/zip/ZipFile$ZipFileInputStream
instanceKlass java/io/FilterInputStream
instanceKlass java/io/FileInputStream
instanceKlass java/io/ByteArrayInputStream
ciInstanceKlass java/io/InputStream 1 1 197 100 1 10 7 12 1 1 1 100 1 10 10 7 12 1 1 1 10 7 12 1 1 1 10 12 1 100 1 100 1 3 10 12 1 1 100 1 8 1 10 12 1 10 7 12 1 1 1 3 100 1 8 1 10 10 7 12 1 1 1 7 1 10 11 7 12 1 1 1 10 12 1 1 11 12 1 1 11 7 12 1 1 1 11 12 1 1 7 1 10 7 12 1 1 1 5 0 10 12 1 10 12 1 1 100 1 10 8 1 10 8 1 8 1 10 12 1 1 10 100 12 1 1 1 100 1 5 0 10 12 1 100 1 100 1 1 1 1 3 1 3 1 1 1 1 1 1 1 1 1 1 1 1 1 1 1 1 1 1 1 1 1 1 1 1 1 1 1 1 1 1 1 1 1 1 1 1 1 1 1 1 1 1 1 1 1 1 1 1 1 1 1 1 1 1 1
ciMethod java/io/InputStream readNBytes ([BII)I 512 512 455 0 -1
instanceKlass java/io/PushbackInputStream
instanceKlass java/util/zip/GZIPInputStream$1
instanceKlass java/util/zip/CheckedInputStream
instanceKlass java/io/DataInputStream
instanceKlass sun/net/www/protocol/jar/JarURLConnection$JarURLInputStream
instanceKlass java/util/jar/Manifest$FastInputStream
instanceKlass java/util/zip/InflaterInputStream
instanceKlass java/io/BufferedInputStream
ciInstanceKlass java/io/FilterInputStream 1 1 62 10 7 12 1 1 1 9 7 12 1 1 1 10 12 1 1 10 12 1 10 10 12 1 1 10 12 1 10 12 1 10 12 1 1 10 12 1 10 12 1 1 1 1 1 1 1 1 1 100 1 1 1 1 1 1 1 1 1 1 1 1
ciMethod java/io/InputStream readAllBytes ()[B 4 0 2 0 -1
instanceKlass lombok/javac/apt/LombokProcessor$1
instanceKlass lombok/launch/ShadowClassLoader
instanceKlass lombok/javac/apt/LombokProcessor$1
instanceKlass lombok/launch/ShadowClassLoader
instanceKlass org/eclipse/sisu/space/CloningClassSpace$CloningClassLoader
instanceKlass java/security/SecureClassLoader
ciInstanceKlass java/lang/ClassLoader 1 1 1076 9 7 12 1 1 1 10 7 12 1 1 1 9 12 1 1 10 7 12 1 1 1 7 1 10 12 1 1 10 12 1 1 9 12 1 1 10 12 1 1 100 1 10 12 1 10 12 1 1 10 7 12 1 1 1 100 1 8 1 10 12 1 10 7 1 10 7 1 7 1 7 1 10 12 1 10 12 1 9 12 1 1 10 10 7 12 1 1 1 9 12 1 1 9 12 1 9 12 1 1 9 12 1 9 12 1 1 9 12 1 1 7 1 10 12 1 9 12 1 1 10 12 1 1 10 7 12 1 1 1 9 12 1 9 12 1 1 9 12 1 10 12 1 1 9 12 10 12 1 1 7 1 10 8 1 10 12 1 1 10 12 1 10 7 1 7 1 10 7 12 1 1 1 10 7 12 1 1 1 8 1 10 12 1 10 12 1 10 12 1 1 10 12 1 1 10 12 1 1 10 12 1 1 10 12 1 1 10 12 1 7 1 10 12 1 10 7 12 1 1 1 10 12 1 1 10 12 1 10 12 1 10 12 1 10 12 1 10 12 1 1 10 10 12 1 10 12 1 10 10 12 1 1 10 12 1 1 100 1 8 1 10 8 1 10 12 1 10 12 1 100 1 8 1 10 12 1 1 10 12 1 1 10 10 12 1 1 10 12 1 1 10 12 1 1 10 7 1 10 12 1 10 12 1 1 10 12 1 1 10 12 1 1 10 12 1 1 10 12 1 1 10 12 1 1 10 12 1 1 10 7 12 1 1 1 10 12 1 10 12 1 10 12 1 1 10 12 1 10 12 1 10 12 1 10 12 1 1 10 12 1 10 12 1 1 8 1 9 12 1 10 12 1 1 8 1 8 1 10 7 12 1 1 100 1 10 10 12 10 12 1 10 12 1 10 12 1 10 12 1 1 10 7 12 1 1 10 12 1 10 7 1 7 1 10 12 1 1 10 12 1 10 7 1 10 12 1 100 1 18 12 1 10 100 12 1 1 1 10 7 12 1 1 1 10 7 12 1 1 10 12 1 10 12 1 100 1 10 12 1 8 1 10 10 12 1 1 10 12 1 10 12 1 1 100 1 10 12 1 1 10 100 12 1 1 10 12 1 10 7 12 1 1 10 12 1 8 1 100 1 10 10 12 1 9 12 1 10 7 12 1 1 10 12 1 100 1 8 1 10 12 1 10 8 1 8 1 10 12 1 1 10 12 1 1 10 12 1 1 10 100 12 1 1 100 1 100 1 10 12 1 1 100 1 100 1 10 100 12 1 1 10 12 1 10 12 1 10 12 1 10 12 1 10 12 1 1 10 12 1 8 1 7 1 18 12 1 1 10 12 1 1 10 12 1 10 12 1 10 12 1 8 1 10 12 1 10 12 1 18 12 1 11 100 12 1 1 1 100 1 10 12 1 1 10 12 1 10 11 12 1 1 10 18 10 12 1 1 11 100 12 1 18 12 1 11 12 1 1 10 12 1 10 12 1 1 10 12 1 1 100 1 8 1 10 10 12 1 8 1 8 1 10 100 12 1 1 10 12 1 100 1 10 10 12 1 8 1 8 1 8 1 10 12 1 10 12 1 10 12 1 1 10 12 1 1 10 12 1 10 100 12 1 1 1 11 100 12 1 1 100 1 10 11 10 12 1 10 12 1 10 12 1 1 9 100 12 1 1 9 12 1 1 9 12 9 12 1 9 12 1 9 12 1 8 10 12 1 1 10 7 12 1 1 1 10 12 1 1 10 12 1 1 10 12 1 1 8 1 10 12 1 1 8 10 12 1 1 8 8 10 12 1 10 12 1 10 12 1 11 12 1 1 10 100 12 1 1 1 100 1 10 12 1 10 12 1 10 12 1 1 1 1 1 1 1 1 1 1 1 1 1 1 1 1 1 1 1 1 1 1 1 1 1 1 100 1 1 1 1 1 1 1 1 1 1 1 1 1 1 1 1 1 1 1 1 1 1 1 1 1 100 1 1 1 1 1 1 1 1 1 1 1 1 1 1 1 1 1 1 1 1 1 1 1 1 1 1 1 1 1 1 1 1 1 1 1 1 1 1 1 1 1 1 1 100 1 1 1 1 1 1 1 1 1 1 1 1 1 1 1 1 1 1 1 1 1 100 1 1 1 1 1 1 1 1 1 1 1 1 1 1 1 1 1 1 1 1 1 1 1 1 1 1 1 1 1 1 1 1 1 1 1 1 1 1 1 1 1 1 1 1 100 1 1 1 1 1 1 1 1 1 1 1 1 1 1 1 1 1 1 1 1 1 1 1 1 1 1 1 1 1 1 1 1 1 1 1 1 1 1 1 1 1 1 1 1 1 1 1 1 1 1 1 16 1 15 10 12 16 1 16 15 10 12 16 1 16 1 15 10 12 16 15 10 12 16 15 10 12 16 15 10 100 12 1 1 1 1 1 100 1 100 1 1
staticfield java/lang/ClassLoader nocerts [Ljava/security/cert/Certificate; 0 [Ljava/security/cert/Certificate;
staticfield java/lang/ClassLoader $assertionsDisabled Z 1
ciMethod java/lang/ClassLoader loadClass (Ljava/lang/String;Z)Ljava/lang/Class; 512 0 5376 138 0
ciMethod java/lang/ClassLoader definePackage (Ljava/lang/String;Ljava/lang/Module;)Ljava/lang/Package; 436 0 2438 0 0
ciMethod java/lang/ClassLoader definePackage (Ljava/lang/String;Ljava/lang/String;Ljava/lang/String;Ljava/lang/String;Ljava/lang/String;Ljava/lang/String;Ljava/lang/String;Ljava/net/URL;)Ljava/lang/Package; 114 0 308 0 -1
ciMethod java/lang/ClassLoader getClassLoadingLock (Ljava/lang/String;)Ljava/lang/Object; 514 0 5377 0 256
ciMethod java/lang/ClassLoader findClass (Ljava/lang/String;)Ljava/lang/Class; 8 0 4 4 -1
instanceKlass com/sun/tools/javac/file/BaseFileManager$1
instanceKlass org/apache/maven/shared/utils/logging/MessageUtils$1
instanceKlass java/util/concurrent/ForkJoinWorkerThread
instanceKlass java/util/concurrent/DelayScheduler
instanceKlass java/util/logging/LogManager$Cleaner
instanceKlass org/apache/maven/shared/utils/logging/MessageUtils$1
instanceKlass jdk/internal/misc/InnocuousThread
instanceKlass java/lang/ref/Finalizer$FinalizerThread
instanceKlass java/lang/ref/Reference$ReferenceHandler
instanceKlass java/lang/BaseVirtualThread
ciInstanceKlass java/lang/Thread 1 1 761 9 7 12 1 1 1 9 7 12 1 1 1 9 12 1 9 12 1 10 12 1 1 9 12 1 1 10 7 12 1 1 10 12 1 10 100 12 1 1 100 1 8 1 10 12 1 1 9 12 1 1 9 12 1 9 12 1 1 100 1 10 12 1 1 10 12 1 100 1 10 12 10 12 1 1 9 12 1 1 10 12 1 100 1 10 12 1 10 12 1 1 10 12 1 1 10 12 1 10 12 1 1 100 1 8 1 10 9 100 12 1 1 1 10 12 1 1 10 3 8 1 100 1 5 0 10 7 12 1 1 1 9 12 1 10 12 1 1 10 7 1 100 1 8 1 10 10 12 1 10 12 1 1 10 12 1 1 10 7 12 1 1 10 12 1 10 12 1 10 7 12 1 1 5 0 9 12 1 10 7 12 1 1 1 10 12 1 1 9 12 1 1 10 7 12 1 1 10 7 12 1 1 1 10 12 1 10 12 1 1 9 12 1 1 10 7 12 1 1 9 12 1 8 1 9 100 12 1 1 1 5 0 100 1 10 100 1 10 100 1 10 7 1 10 8 1 10 12 1 1 10 7 12 1 10 12 1 10 12 1 100 1 8 1 10 10 12 1 10 12 1 1 10 100 12 1 1 1 10 100 12 1 1 1 10 12 1 7 1 9 12 1 1 100 1 10 10 12 1 9 12 1 1 10 12 1 1 10 12 1 1 10 12 1 10 12 1 9 12 1 1 10 10 12 1 1 10 12 1 1 11 7 12 1 1 10 7 12 1 1 9 12 1 1 9 12 1 1 10 100 12 1 1 10 12 1 1 10 12 1 10 7 12 1 1 10 12 1 100 1 10 9 12 1 1 10 12 1 11 100 12 1 1 11 12 1 10 12 1 10 12 1 10 12 1 9 12 1 10 10 12 1 10 12 1 1 9 12 1 9 12 10 12 1 8 1 10 12 1 10 12 1 10 12 1 10 12 1 10 12 1 1 10 12 1 10 12 1 1 10 100 12 1 1 10 12 1 10 12 1 10 12 1 10 12 1 1 9 7 12 1 1 1 8 1 10 9 12 1 10 12 1 100 1 8 1 10 10 12 1 8 1 10 12 1 1 9 12 8 1 10 10 12 1 10 12 1 8 1 10 12 1 10 8 1 9 12 1 1 10 12 1 1 10 10 12 1 10 12 1 100 10 7 12 1 1 1 10 12 1 1 10 12 1 1 10 100 12 1 1 1 11 100 12 1 1 1 10 12 1 1 9 12 1 10 12 1 10 12 1 1 11 100 12 1 1 1 10 12 1 1 1 1 3 1 3 1 3 1 3 1 1 1 1 1 1 1 1 1 1 1 1 1 1 1 1 1 1 1 1 1 1 1 1 1 1 1 100 1 1 1 1 1 1 1 1 1 1 1 1 1 1 1 1 1 1 100 1 1 1 1 1 1 1 1 1 1 1 1 1 1 1 100 1 1 1 1 1 1 1 1 1 1 1 1 1 1 1 1 1 1 1 1 1 1 1 1 1 1 1 1 1 1 1 1 1 1 1 1 1 1 1 1 1 1 1 1 1 1 1 1 1 1 1 1 1 1 1 1 1 1 1 1 1 1 1 1 1 1 1 1 1 1 100 100 1 1 1 1 1 1 1 1 1 1 1 1 1 1 1 1 1 1 1 1 1 1 1 100 1 100 1 100 1 1 1 1 100 1 1 1 1 1 1 1 1 1 1 1 1
staticfield java/lang/Thread NEW_THREAD_BINDINGS Ljava/lang/Object; java/lang/Class
staticfield java/lang/Thread EMPTY_STACK_TRACE [Ljava/lang/StackTraceElement; 0 [Ljava/lang/StackTraceElement;
ciInstanceKlass java/lang/Runnable 1 0 11 100 1 100 1 1 1 1 1 1 1
ciInstanceKlass jdk/internal/access/JavaLangAccess 1 0 206 100 1 100 1 1 1 1 1 1 1 1 1 1 1 1 1 1 1 1 1 1 1 1 1 1 1 1 1 1 1 1 1 1 1 1 1 1 1 1 1 1 1 100 1 1 1 1 1 1 1 1 1 1 1 1 1 1 1 1 1 1 1 1 1 1 1 1 1 1 1 1 1 1 1 1 1 1 1 1 1 1 1 1 1 1 1 1 1 1 1 1 1 1 1 1 1 1 1 1 1 100 1 1 1 1 1 1 1 1 1 1 1 1 1 1 1 1 1 1 1 1 1 1 1 1 1 1 1 1 1 1 1 1 1 1 1 1 1 1 1 1 1 1 1 1 1 1 1 1 1 1 1 1 1 1 1 1 1 1 1 1 1 1 1 1 1 1 1 1 1 1 1 1 1 1 1 1 1 1 1 1 1 1 1 1 1 1 1 1 1 1 1 1 1 1 1 1 1 1 1 100 1 100 1 1
ciMethod java/lang/System identityHashCode (Ljava/lang/Object;)I 256 0 128 0 -1
ciMethod java/lang/System nanoTime ()J 256 0 128 0 -1
ciMethod java/lang/System arraycopy (Ljava/lang/Object;ILjava/lang/Object;II)V 256 0 128 0 -1
ciInstanceKlass java/lang/Class 1 1 1652 10 7 12 1 1 1 10 7 12 1 1 9 12 1 1 9 12 1 1 9 12 1 1 9 12 1 1 9 12 1 1 10 12 1 1 8 1 10 12 1 8 1 8 1 10 12 1 1 10 7 12 1 1 1 10 12 1 7 1 10 10 12 1 10 12 1 1 10 12 1 1 10 12 1 1 10 7 12 1 1 10 12 1 10 12 1 10 12 1 1 10 12 1 8 1 10 12 1 8 1 10 12 1 8 1 8 1 10 12 1 1 10 7 12 1 1 1 18 12 1 1 11 7 12 1 1 1 8 1 8 1 8 1 10 7 12 1 1 1 11 12 1 1 8 1 10 12 1 10 10 12 1 1 10 12 1 8 1 10 12 1 1 8 1 10 12 1 10 12 1 1 11 100 12 1 1 1 11 100 12 1 1 1 11 8 1 18 8 1 10 12 1 10 7 12 1 1 10 12 1 1 10 7 12 1 1 1 10 12 1 1 10 12 1 1 10 7 12 1 1 1 10 7 12 1 10 12 1 1 10 7 1 10 12 1 8 1 10 8 1 8 1 8 1 8 1 8 1 8 1 8 1 8 1 9 100 12 1 1 9 100 1 9 100 1 9 100 1 9 100 1 9 100 1 9 100 1 9 100 1 9 7 1 9 12 1 1 7 1 8 1 10 12 1 10 12 1 1 100 1 10 12 1 1 10 7 12 1 1 1 10 7 12 1 1 1 7 1 7 1 10 10 12 1 1 10 12 1 1 100 1 10 100 12 1 1 1 10 12 1 1 10 12 1 1 10 12 9 12 1 1 10 12 1 9 12 1 1 9 12 1 1 10 12 1 1 10 7 1 10 12 1 10 12 1 1 10 9 12 1 10 12 1 8 1 10 12 1 1 10 12 1 1 10 12 1 10 12 1 10 12 1 1 9 7 12 1 1 1 10 12 1 10 7 12 1 1 10 12 1 10 12 1 10 12 1 10 12 1 9 100 12 1 1 1 9 12 1 10 12 1 10 12 1 1 9 12 1 1 10 7 10 12 1 1 10 100 12 1 1 10 12 1 10 12 1 1 10 100 12 1 1 1 10 12 1 10 12 1 1 10 12 1 10 12 1 10 12 1 1 10 7 1 10 10 12 1 1 10 12 1 1 10 12 10 10 12 1 1 100 1 8 1 10 10 12 1 1 10 12 1 100 1 11 12 1 10 12 1 10 12 1 10 100 12 1 1 10 10 12 1 1 8 1 10 12 1 8 1 9 12 1 10 12 1 10 12 1 10 12 1 10 12 100 1 9 12 1 10 12 1 9 12 1 10 12 1 10 12 1 10 12 1 10 10 12 1 10 12 1 10 12 1 10 12 1 10 12 1 10 12 1 7 1 10 10 12 1 10 12 1 11 100 12 1 1 11 12 1 1 10 12 1 1 10 12 1 1 10 12 1 1 10 12 1 1 10 12 1 1 10 12 1 1 7 1 10 10 12 1 1 10 12 1 1 10 12 1 1 10 10 12 1 10 12 1 1 10 12 1 1 10 12 1 1 10 12 1 1 10 12 10 12 1 1 10 7 12 1 1 1 10 12 1 10 12 1 1 10 12 1 10 7 12 1 1 1 10 12 1 1 10 10 12 1 1 100 1 10 10 12 1 1 10 100 12 1 1 1 100 1 100 1 10 12 1 1 10 12 1 10 10 12 1 1 10 12 1 10 12 1 10 12 1 10 100 12 1 1 1 11 7 12 1 1 10 12 1 10 12 1 9 7 12 1 1 8 1 10 12 1 10 12 1 10 12 1 10 12 1 1 9 12 1 9 12 1 1 10 7 12 1 1 9 12 1 10 12 1 1 10 10 12 1 10 7 12 1 1 1 10 7 12 1 1 10 7 12 1 1 9 12 1 1 10 12 1 9 12 1 10 12 1 10 12 1 1 9 12 1 1 9 12 1 10 12 1 10 12 1 1 9 12 1 7 1 10 10 12 1 1 7 1 10 7 11 7 1 9 12 1 1 9 12 1 10 12 1 9 12 1 1 9 12 1 10 12 1 10 12 1 1 9 12 1 7 1 10 10 12 1 1 10 10 12 1 10 12 10 10 12 1 9 12 1 10 12 1 1 10 12 1 8 10 7 8 1 18 8 1 8 1 10 12 1 9 12 1 9 12 1 1 10 12 1 7 1 7 1 10 12 1 9 12 1 1 10 10 12 1 9 12 1 8 1 10 12 1 10 10 12 1 1 100 1 100 1 9 12 1 100 1 8 1 10 10 7 12 1 1 1 10 12 11 7 12 1 1 1 10 12 1 10 12 1 1 10 8 1 10 12 1 8 1 10 12 1 1 9 7 12 1 1 11 12 7 1 11 7 12 1 1 9 12 1 10 100 12 1 1 1 10 7 12 1 1 10 12 1 1 9 12 1 9 10 12 1 1 10 12 1 1 10 12 1 1 10 12 1 1 10 12 1 1 11 12 1 11 12 1 1 11 7 12 1 1 11 12 1 7 1 11 12 1 10 7 12 1 1 1 10 12 1 11 12 1 10 100 12 1 1 1 10 12 1 10 7 12 1 1 1 11 12 1 11 12 1 1 10 12 1 10 12 1 1 9 12 1 1 10 12 1 10 7 12 1 1 1 10 12 1 1 10 12 1 10 12 1 10 12 1 10 7 12 1 1 1 10 12 1 8 1 10 12 1 10 12 1 10 12 1 8 1 8 1 10 7 12 1 1 10 100 12 1 1 100 1 10 12 10 7 12 1 1 1 10 7 12 1 1 1 10 12 1 1 10 12 1 18 12 1 1 11 12 1 1 18 11 12 1 18 12 1 11 12 1 10 12 1 10 12 1 10 12 1 10 12 10 12 1 8 1 10 12 1 7 1 9 12 1 1 100 1 100 1 100 1 100 1 1 1 3 1 3 1 3 1 1 1 1 1 1 1 1 1 5 0 1 1 1 1 1 1 1 1 1 1 1 1 1 1 1 1 1 1 1 1 1 1 1 1 1 1 1 100 1 1 1 1 1 1 1 1 1 1 1 100 1 1 1 1 1 7 1 1 1 1 1 1 1 1 1 1 1 1 1 1 1 1 1 1 1 1 1 1 1 1 1 1 1 1 1 1 1 1 1 1 100 1 1 1 1 1 1 1 1 1 1 1 1 1 1 1 1 1 1 1 1 1 1 1 1 1 1 1 1 1 1 1 100 1 1 1 1 1 1 1 1 1 1 1 1 1 1 1 1 1 1 1 1 1 1 1 1 1 1 1 1 1 1 1 1 1 1 1 1 1 1 1 1 1 1 1 1 1 1 1 1 1 1 1 1 1 1 1 1 1 1 1 1 1 100 1 100 1 1 1 1 1 1 1 1 1 1 1 1 1 1 1 1 1 1 1 1 1 1 1 1 1 1 1 1 1 1 1 1 1 1 1 1 1 1 1 1 1 1 1 1 1 1 1 1 1 1 1 1 1 1 1 1 1 1 1 1 1 1 1 1 1 1 1 1 1 1 1 1 1 1 1 1 1 1 1 1 1 1 1 1 1 1 1 1 1 1 1 1 1 1 1 1 1 1 1 1 1 1 1 1 1 1 1 1 1 1 1 1 1 1 1 1 1 1 1 1 16 15 10 12 16 15 11 12 16 1 15 10 12 16 16 15 10 12 16 15 16 1 15 10 12 16 15 10 7 12 1 1 1 1 1 100 1 1 1 1 1 1 1 1 100 1 1 100 1 100 1 1 100 1 100 1 1
staticfield java/lang/Class EMPTY_CLASS_ARRAY [Ljava/lang/Class; 0 [Ljava/lang/Class;
staticfield java/lang/Class serialPersistentFields [Ljava/io/ObjectStreamField; 0 [Ljava/io/ObjectStreamField;
ciInstanceKlass java/lang/reflect/AnnotatedElement 1 1 165 11 7 12 1 1 1 11 12 1 1 100 1 10 100 12 1 1 1 10 12 1 1 10 12 1 1 10 12 1 10 100 12 1 1 1 11 12 1 1 11 100 12 1 1 10 100 12 1 1 1 10 12 1 10 100 12 1 1 1 18 12 1 1 11 100 12 1 1 18 12 1 18 12 1 1 10 100 12 1 1 1 11 100 12 1 1 1 100 1 10 100 12 1 1 1 1 1 1 1 1 1 1 1 1 1 1 1 1 1 1 1 1 1 1 1 1 1 1 100 1 1 1 1 1 1 1 1 1 1 1 16 15 16 1 16 1 15 11 12 16 16 1 15 10 100 12 1 1 1 16 1 15 10 100 12 1 1 1 1 100 1 100 1 1
ciInstanceKlass java/lang/reflect/Type 1 1 17 11 100 12 1 1 1 100 1 1 1 1 1 1 1 1 1
ciInstanceKlass java/lang/invoke/TypeDescriptor 1 0 17 100 1 100 1 1 1 1 1 1 100 1 100 1 1 1 1
ciInstanceKlass java/lang/invoke/TypeDescriptor$OfField 1 0 21 100 1 100 1 100 1 1 1 1 1 1 1 1 1 1 1 1 1 1 1
ciInstanceKlass java/lang/reflect/GenericDeclaration 1 0 30 100 1 100 1 100 1 1 1 1 1 1 1 1 100 1 8 1 1 12 10 1 1 1 8 1 1 1 8 1
ciMethod java/lang/Class isPrimitive ()Z 256 0 128 0 0
ciInstanceKlass java/lang/Module 1 1 1076 10 7 12 1 1 1 9 7 12 1 1 1 10 7 12 1 1 1 9 12 1 9 12 1 1 9 12 1 1 10 12 1 1 10 12 1 10 12 1 1 10 7 12 1 1 1 7 1 10 7 12 1 1 1 10 12 1 1 11 7 12 1 1 1 10 12 1 1 10 12 1 8 1 10 7 12 1 1 1 10 7 12 1 1 1 10 7 12 1 1 1 10 12 1 1 10 12 1 9 12 1 1 10 7 12 1 1 1 9 7 12 1 1 1 100 1 10 8 1 10 12 1 1 10 12 1 10 12 8 1 10 7 12 1 1 1 10 100 12 1 1 1 10 100 12 1 1 1 8 1 10 12 1 8 1 9 12 1 100 1 8 1 10 12 1 10 8 1 8 1 8 1 10 7 12 1 1 1 8 1 10 100 12 1 1 1 8 1 10 12 1 9 12 1 1 11 12 1 9 7 12 1 1 10 7 12 1 1 1 10 7 12 1 1 1 10 12 1 1 8 1 10 12 1 1 10 12 1 10 12 1 1 9 7 12 1 1 1 10 12 1 1 10 12 1 1 9 12 1 10 12 1 10 12 1 9 12 1 1 11 7 12 1 1 10 12 1 1 9 12 1 9 12 1 10 12 1 10 12 1 100 1 8 1 10 10 12 1 1 10 12 1 8 1 10 12 1 1 8 1 8 1 10 12 1 1 10 12 1 10 12 1 1 10 12 1 18 12 1 1 10 12 1 1 11 12 1 9 12 1 11 12 7 1 10 12 1 18 12 1 11 12 1 1 11 12 1 1 11 12 1 10 12 1 1 10 12 1 1 9 12 1 10 12 10 7 12 1 1 10 7 1 18 12 1 1 11 100 12 1 1 1 18 12 1 11 12 1 1 10 100 12 1 1 1 11 12 1 1 10 7 12 1 1 11 12 1 1 10 12 1 1 7 1 11 12 1 7 1 7 1 10 12 1 10 7 12 1 1 1 10 7 12 1 1 1 10 11 7 12 1 8 1 10 12 1 10 12 1 1 10 7 12 1 1 10 12 1 10 12 1 7 1 10 12 1 10 11 12 1 10 12 11 12 1 1 11 7 12 1 1 11 12 1 1 10 12 1 1 9 12 1 1 100 1 10 10 12 1 1 11 100 1 10 12 1 1 11 12 1 10 11 10 12 1 11 10 12 1 1 10 12 1 1 10 12 1 1 10 7 12 1 1 10 12 1 10 12 1 1 10 10 12 1 1 10 12 1 18 12 1 11 12 1 18 12 1 10 12 1 10 12 1 10 12 7 1 10 12 1 10 12 1 10 12 1 9 12 1 7 1 10 10 10 10 12 1 10 12 1 10 12 1 10 12 1 1 10 12 1 1 10 12 1 9 12 1 10 12 1 100 1 8 1 10 12 1 1 10 12 1 10 100 12 1 1 100 1 10 12 1 1 100 1 8 1 100 1 9 100 12 1 1 1 11 100 12 1 1 10 12 1 1 11 12 1 1 18 12 1 1 11 12 1 1 100 1 10 12 1 10 12 1 1 100 1 100 1 10 12 8 1 10 12 1 1 10 12 1 1 10 7 12 1 1 10 12 1 1 10 12 1 10 12 10 12 1 1 7 1 10 10 12 1 1 10 100 12 1 1 1 100 1 10 100 12 1 1 1 10 100 12 1 1 8 1 18 12 1 1 100 1 100 1 9 12 1 1 9 12 1 9 12 1 11 100 12 1 1 1 100 1 11 12 1 1 100 1 10 12 1 8 1 10 12 1 10 12 10 12 1 8 1 10 10 100 12 1 1 10 12 1 1 7 1 10 10 12 1 10 7 12 1 1 9 12 1 9 12 1 9 12 1 9 12 1 9 12 1 10 12 10 12 1 100 1 1 1 1 1 1 1 1 1 1 1 1 1 1 1 1 1 1 1 1 1 1 1 1 1 1 1 1 1 1 1 1 1 1 1 1 1 1 1 1 1 1 1 1 1 1 1 1 1 1 1 1 1 1 1 1 1 1 1 1 1 1 1 1 1 1 1 1 1 1 1 1 1 1 1 1 1 1 1 1 1 1 1 1 1 1 1 1 1 1 1 1 1 1 1 1 1 1 1 1 1 1 1 1 1 1 1 1 100 100 1 1 1 1 1 1 1 1 1 1 1 1 1 1 1 1 1 1 1 1 1 1 1 1 1 1 100 1 7 1 1 1 1 1 1 1 1 1 1 1 1 1 1 1 1 1 1 100 1 1 1 1 1 1 1 1 1 1 1 1 1 1 1 1 1 1 1 1 1 1 1 1 1 1 1 16 15 10 12 16 15 10 12 16 1 16 15 10 12 16 16 15 10 16 1 15 10 12 16 1 15 10 12 16 1 16 1 15 10 12 16 15 10 7 12 1 1 1 15 10 100 12 1 1 1 1 1 1 1 1 1 1 1 1 1 100 1 100 1 1
staticfield java/lang/Module ALL_UNNAMED_MODULE Ljava/lang/Module; java/lang/Module
staticfield java/lang/Module ALL_UNNAMED_MODULE_SET Ljava/util/Set; java/util/ImmutableCollections$Set12
staticfield java/lang/Module EVERYONE_MODULE Ljava/lang/Module; java/lang/Module
staticfield java/lang/Module EVERYONE_SET Ljava/util/Set; java/util/ImmutableCollections$Set12
staticfield java/lang/Module $assertionsDisabled Z 1
ciMethod java/lang/Module isNamed ()Z 524 0 7913 0 88
ciInstanceKlass java/lang/StringLatin1 1 1 400 7 1 10 100 12 1 1 1 10 12 1 1 100 1 10 7 12 1 1 1 10 7 12 1 1 1 10 12 1 10 7 12 1 1 1 10 12 1 1 10 7 12 1 1 1 10 7 12 1 1 1 10 12 1 1 10 12 1 1 10 10 12 1 10 12 1 10 9 7 12 1 1 1 10 12 1 1 10 100 12 1 1 1 10 12 10 12 1 1 10 12 1 1 10 12 1 10 12 1 1 10 12 1 10 7 12 1 1 10 12 1 10 12 1 1 9 12 1 1 100 1 10 10 12 1 1 10 7 12 1 1 1 10 12 1 10 12 1 100 1 100 1 8 1 10 12 1 8 1 10 12 1 1 100 1 10 10 12 1 10 7 12 1 1 1 8 1 8 1 8 1 10 12 1 1 10 12 10 100 12 1 1 10 12 1 10 12 1 1 10 12 1 1 10 12 1 1 10 12 1 10 12 10 12 10 12 1 10 12 10 10 12 1 10 12 1 10 12 1 10 100 12 1 1 1 10 100 12 1 1 1 10 12 1 1 10 10 7 12 1 1 1 1 1 1 1 1 1 1 1 1 1 1 1 1 1 1 1 1 1 1 1 1 1 1 1 1 1 1 1 1 1 1 1 1 1 1 1 1 1 1 1 1 1 1 1 1 1 1 1 1 1 1 100 1 1 1 1 1 1 1 1 1 1 1 1 1 1 1 1 1 1 1 1 1 1 1 1 1 1 1 1 1 1 1 1 1 1 1 1 1 1 1 1 1 1 1 100 1 1 1 1 1 1 1 1 1 1 1 1 1 1 1 1 1 1 1 1 1 1 1 100 1 1 1 1 1 1 1 1 1 1 1 1 1 1 1 1 1 1 1 1 1 1 1 1 1 1 1 1 1 1 1 1 100 1 1 1 1
staticfield java/lang/StringLatin1 $assertionsDisabled Z 1
ciInstanceKlass java/lang/Math 1 1 480 7 1 7 1 10 100 12 1 1 1 10 7 12 1 1 1 10 12 1 10 12 1 10 12 1 10 12 1 10 12 1 6 0 6 0 10 12 1 10 12 1 10 12 1 10 12 1 10 12 1 10 12 1 1 10 12 1 10 12 1 10 12 1 10 12 1 10 12 1 10 7 12 1 1 1 100 1 3 3 3 10 12 1 1 100 1 5 0 5 0 5 0 5 0 5 0 9 100 12 1 1 1 10 100 12 1 1 1 100 1 8 1 10 12 1 8 1 10 12 1 1 10 12 1 1 100 1 5 0 5 0 100 1 3 5 0 3 5 0 10 12 1 10 12 1 10 12 1 10 12 1 10 12 1 8 1 10 12 1 8 1 10 12 1 1 10 12 1 1 9 12 1 1 9 12 1 100 1 100 1 10 10 12 1 1 8 1 10 12 1 10 12 1 1 10 10 12 1 10 12 1 10 12 1 10 12 1 1 8 1 8 1 10 12 1 1 10 12 1 10 12 10 12 10 12 1 10 12 1 10 12 1 10 12 1 10 12 6 0 10 12 1 9 12 1 1 100 1 10 10 12 1 100 1 10 12 1 10 12 1 1 10 12 1 10 12 1 10 12 10 12 1 1 10 12 1 1 10 12 1 1 10 12 6 0 10 12 1 1 10 12 10 12 1 4 10 12 1 10 12 1 10 12 10 12 1 10 12 1 10 12 1 10 12 1 10 12 1 10 12 1 5 0 6 0 4 6 0 4 6 0 4 10 12 1 6 0 6 0 10 12 1 10 12 8 1 10 12 1 10 12 1 8 1 8 1 10 12 10 12 10 7 12 1 1 1 4 6 0 1 1 1 6 0 1 6 0 1 6 0 1 1 1 1 1 1 1 1 1 1 1 1 1 1 1 1 1 1 1 1 1 1 1 1 1 1 1 1 1 1 1 1 1 1 1 1 1 1 1 1 1 1 1 1 1 1 1 1 1 1 1 1 1 1 1 1 1 1 1 1 1 1 1 1 1 1 1 1 1 1 1 1 1 1 1 1 1 1 1 1 1 1 1 1 1 1 1 1 1 1 1 1 1 1 1 1 1 1 1
staticfield java/lang/Math negativeZeroFloatBits J -2147483648
staticfield java/lang/Math negativeZeroDoubleBits J -9223372036854775808
staticfield java/lang/Math $assertionsDisabled Z 1
ciInstanceKlass jdk/internal/util/ArraysSupport 1 1 396 7 1 100 1 8 1 10 12 1 1 10 12 1 1 10 100 12 1 1 9 7 12 1 1 1 9 12 1 1 10 7 12 1 1 1 9 12 1 1 10 7 12 1 1 1 9 12 1 10 12 9 12 1 10 12 1 1 10 12 10 12 1 1 10 7 12 1 1 1 9 12 1 1 11 7 12 1 1 1 10 7 12 1 1 1 7 1 10 12 1 1 10 12 1 100 1 10 12 1 10 12 100 1 10 12 1 100 1 10 12 1 100 1 100 1 10 8 1 10 12 1 1 10 12 1 10 12 1 1 10 9 12 1 1 9 12 1 10 12 1 1 9 12 1 9 12 1 9 12 1 9 12 1 9 12 1 9 12 1 9 12 1 10 12 1 1 10 100 12 1 1 1 9 12 1 9 12 1 10 12 1 1 10 12 1 9 12 1 10 12 1 10 100 12 1 1 1 9 12 1 9 12 1 10 12 1 10 12 1 10 7 12 1 1 1 3 10 12 1 100 1 8 1 8 1 8 1 10 10 100 12 1 1 1 11 100 12 1 1 1 10 12 1 10 100 12 1 1 1 10 12 1 1 10 12 1 1 9 12 1 10 12 1 9 12 1 9 12 1 9 12 1 9 12 1 9 12 1 9 12 1 9 12 1 10 7 12 1 1 1 1 1 3 1 3 1 3 1 3 1 3 1 3 1 3 1 3 1 1 1 1 1 1 1 1 1 1 1 1 1 1 1 1 1 1 1 1 1 1 1 1 1 1 1 1 1 1 1 1 1 1 1 1 1 1 1 1 1 1 1 1 1 1 1 1 1 1 1 1 1 1 1 1 1 1 1 1 1 1 1 1 1 1 1 1 1 1 1 1 1 1 1 1 1 1 1 1 1 1 1 100 1 1 1 1
staticfield jdk/internal/util/ArraysSupport U Ljdk/internal/misc/Unsafe; jdk/internal/misc/Unsafe
staticfield jdk/internal/util/ArraysSupport BIG_ENDIAN Z 0
staticfield jdk/internal/util/ArraysSupport LOG2_ARRAY_BOOLEAN_INDEX_SCALE I 0
staticfield jdk/internal/util/ArraysSupport LOG2_ARRAY_BYTE_INDEX_SCALE I 0
staticfield jdk/internal/util/ArraysSupport LOG2_ARRAY_CHAR_INDEX_SCALE I 1
staticfield jdk/internal/util/ArraysSupport LOG2_ARRAY_SHORT_INDEX_SCALE I 1
staticfield jdk/internal/util/ArraysSupport LOG2_ARRAY_INT_INDEX_SCALE I 2
staticfield jdk/internal/util/ArraysSupport LOG2_ARRAY_LONG_INDEX_SCALE I 3
staticfield jdk/internal/util/ArraysSupport LOG2_ARRAY_FLOAT_INDEX_SCALE I 2
staticfield jdk/internal/util/ArraysSupport LOG2_ARRAY_DOUBLE_INDEX_SCALE I 3
staticfield jdk/internal/util/ArraysSupport LOG2_BYTE_BIT_SIZE I 3
staticfield jdk/internal/util/ArraysSupport JLA Ljdk/internal/access/JavaLangAccess; java/lang/System$1
ciInstanceKlass java/lang/StringConcatHelper 1 1 283 7 1 10 7 12 1 1 1 10 100 12 1 1 1 7 1 5 0 100 1 8 1 10 12 1 10 12 1 1 10 12 1 1 10 7 12 1 1 1 10 12 1 10 12 1 1 10 12 1 1 10 12 1 1 10 100 12 1 1 1 10 12 1 1 10 12 1 10 12 1 10 12 10 12 1 100 1 100 1 10 8 1 10 12 1 1 10 12 1 8 1 10 12 1 1 10 10 12 1 1 10 12 1 10 10 12 1 1 10 12 1 10 12 10 12 1 1 10 8 1 10 100 12 1 1 10 100 12 1 1 10 12 1 9 12 1 1 9 7 12 1 1 1 10 7 12 1 1 1 7 1 9 12 1 1 10 7 12 1 1 1 10 7 12 1 1 1 100 1 100 1 100 1 10 12 1 10 12 1 1 10 12 1 1 10 12 1 1 10 12 1 1 1 1 1 5 0 1 1 1 1 1 1 1 1 1 1 1 1 1 1 1 1 1 1 1 1 1 1 1 1 1 1 1 1 1 1 1 1 1 1 1 1 1 1 1 1 1 1 1 1 1 1 1 1 1 1 1 1 1 1 1 1 1 1 1 1 1 100 1 1 1 1 1 1 1 1 1 1 1 1 1 1 1 100 1 100 1 1 1 1 1
staticfield java/lang/StringConcatHelper UNSAFE Ljdk/internal/misc/Unsafe; jdk/internal/misc/Unsafe
ciInstanceKlass java/util/Arrays 1 1 1020 10 7 12 1 1 1 10 100 12 1 1 1 10 7 12 1 1 1 10 12 1 10 12 1 10 12 1 10 12 1 10 12 1 10 12 1 10 100 12 1 1 1 100 1 100 1 10 8 1 10 12 1 1 10 12 1 8 1 8 1 10 12 1 1 10 12 1 100 1 10 12 1 9 100 12 1 1 1 10 7 12 1 1 100 1 10 12 1 1 10 7 12 1 1 10 7 12 1 1 1 100 1 10 12 1 10 12 1 1 7 1 9 7 12 1 1 1 10 12 1 1 10 7 12 1 1 10 12 1 10 12 1 1 10 12 1 10 12 1 1 7 1 11 12 1 1 10 12 1 10 7 12 1 1 1 10 12 10 12 1 10 12 1 10 12 10 12 1 11 7 12 1 1 1 10 7 12 1 1 1 100 1 10 12 1 10 100 1 10 12 1 10 100 1 10 12 1 10 100 1 10 12 1 10 10 12 1 1 10 12 1 10 12 1 10 12 1 10 12 1 10 12 1 10 100 12 1 1 1 10 12 1 10 100 12 1 1 1 10 12 1 10 12 1 10 7 12 1 1 1 10 12 1 10 12 1 10 12 1 10 12 1 10 12 1 10 12 1 10 12 1 10 12 1 10 12 1 10 12 1 10 12 1 10 12 1 10 12 1 10 12 1 10 12 1 10 12 1 1 10 12 1 1 10 7 12 1 1 1 10 7 1 10 100 1 10 7 1 10 100 1 10 100 1 10 100 1 10 100 1 10 100 1 10 12 1 8 1 7 1 10 12 10 100 12 1 1 1 10 12 10 12 1 10 12 1 10 12 1 10 100 12 1 1 10 12 10 12 1 10 12 1 10 12 10 12 1 1 10 12 1 1 9 100 12 1 1 1 10 12 1 9 100 1 10 12 1 9 10 12 1 9 100 1 10 12 1 9 100 1 10 12 1 9 10 12 1 9 10 12 1 10 12 1 10 12 1 9 12 1 100 1 10 10 12 1 1 10 12 1 10 12 1 10 12 1 10 12 1 10 12 1 10 12 1 10 12 1 10 12 1 10 12 1 8 1 8 1 10 12 1 10 12 1 8 1 10 12 1 10 12 1 10 12 1 10 100 12 1 1 1 3 10 100 1 10 10 12 1 1 11 100 12 1 1 10 12 1 1 10 12 1 10 12 1 10 12 1 10 12 1 10 12 1 10 12 1 10 12 1 10 12 1 11 12 1 8 1 10 11 12 1 11 7 12 1 1 1 11 100 12 1 1 1 11 12 1 1 18 12 1 1 11 12 1 1 11 100 12 1 1 1 18 12 1 11 100 12 1 1 1 18 12 1 11 100 12 1 1 1 18 12 1 100 1 10 7 12 1 1 1 10 12 1 10 12 1 10 12 1 10 12 1 10 12 1 10 12 1 10 12 1 10 12 1 1 10 12 1 10 7 12 1 1 10 12 1 10 12 1 10 12 1 1 10 12 1 10 12 1 10 12 1 1 10 12 1 10 12 1 10 12 1 1 10 12 1 10 12 1 10 12 1 10 12 1 10 12 10 12 1 10 12 10 12 10 12 1 10 12 10 12 1 10 12 1 10 12 1 1 1 1 3 1 3 1 1 1 1 1 1 1 1 1 1 1 1 1 1 1 1 1 1 1 1 1 1 1 1 1 1 1 1 1 1 1 1 1 1 1 1 1 1 1 1 1 1 1 1 1 1 1 1 1 1 1 1 1 1 1 1 1 1 1 1 1 1 1 1 1 1 1 1 1 1 1 1 1 1 1 1 1 1 1 1 1 1 1 1 1 1 1 1 1 1 1 1 1 1 1 1 1 1 1 1 1 1 1 1 1 1 1 1 1 1 1 1 1 1 1 1 1 1 1 1 1 1 1 1 1 1 1 1 1 1 1 1 1 1 1 1 1 1 1 1 1 1 1 1 1 1 1 1 1 1 1 1 1 1 1 1 1 1 1 1 1 1 1 1 1 1 1 1 1 1 1 1 1 1 1 1 1 1 1 1 1 1 1 1 1 1 1 1 1 1 1 1 1 1 1 1 1 1 1 1 1 1 1 1 1 1 1 1 1 1 1 1 1 1 1 1 1 1 1 1 1 1 1 1 1 1 1 1 1 1 1 1 1 1 1 1 1 1 1 1 1 1 1 1 1 1 1 1 1 1 1 1 1 1 1 1 1 1 1 1 100 1 1 16 15 10 12 15 10 12 15 10 12 15 10 12 15 10 100 12 1 1 1 1 1 100 1 100 1 1 1 1 100 1 1 1 1 1 1 100 1 1 100 1 1 100 1 1 1 100 1 100 1 1
staticfield java/util/Arrays $assertionsDisabled Z 1
ciMethod java/lang/StringLatin1 equals ([B[B)Z 394 428 2728 0 -1
ciMethod java/lang/StringLatin1 hashCode ([B)I 66 0 15556 0 0
ciMethod java/lang/StringLatin1 inflate ([BI[BII)V 0 0 188 0 -1
ciMethod java/lang/StringLatin1 indexOf ([BIII)I 576 0 16866 0 448
ciMethod java/lang/StringLatin1 indexOfChar ([BIII)I 342 4352 2048 0 -1
ciMethod java/lang/StringLatin1 charAt ([BI)C 530 0 1040639 0 0
ciMethod java/lang/StringLatin1 regionMatchesCI ([BI[BII)Z 508 80 9493 0 -1
ciMethod java/lang/StringLatin1 regionMatchesCI_UTF16 ([BI[BII)Z 0 0 1 0 -1
ciMethod java/lang/StringLatin1 lastIndexOf ([BII)I 230 8192 1030 0 488
ciMethod java/lang/StringLatin1 newString ([BII)Ljava/lang/String; 484 0 6428 0 1246
ciMethod java/lang/StringLatin1 replace ([BCC)Ljava/lang/String; 200 20480 1182 0 1480
ciMethod java/lang/StringLatin1 canEncode (I)Z 564 0 23871 0 112
ciMethod java/lang/StringLatin1 canEncode (C)Z 364 0 8720 0 0
ciInstanceKlass java/lang/StringUTF16 1 1 603 100 1 7 1 10 100 12 1 1 1 10 7 12 1 1 1 100 1 10 3 100 1 100 1 10 8 1 10 12 1 1 10 12 1 8 1 10 12 1 1 10 12 1 9 12 1 1 10 12 1 1 100 1 8 1 10 12 1 9 12 1 1 9 12 1 10 10 12 1 1 10 12 1 1 10 100 12 1 1 1 10 12 1 10 12 1 1 10 12 1 1 10 12 1 1 10 12 1 1 10 12 1 10 12 1 1 10 12 1 1 10 12 1 1 10 12 1 1 10 12 1 1 10 12 1 10 100 12 1 1 1 10 12 1 1 10 100 12 1 1 1 10 12 1 1 10 12 1 10 12 1 1 10 12 1 1 10 12 1 1 10 12 1 10 12 1 100 1 10 12 1 10 10 12 1 10 12 1 1 10 12 1 10 100 12 1 1 1 10 12 1 1 10 12 10 12 1 1 10 12 1 10 12 1 1 10 12 1 10 12 1 10 12 1 10 12 1 10 7 12 1 1 1 3 10 12 1 10 12 1 10 12 1 10 12 1 10 12 1 10 12 1 1 9 12 1 10 12 1 10 12 10 12 1 1 10 12 1 10 12 1 10 12 1 10 10 12 10 12 10 10 12 1 1 10 12 1 10 12 1 10 12 1 100 1 8 1 8 1 10 12 1 1 100 1 10 10 100 12 1 1 1 10 100 12 1 1 8 1 8 1 8 1 10 12 1 1 10 12 1 1 10 12 10 100 12 1 1 10 12 1 1 10 12 1 1 10 12 1 10 12 10 12 10 12 1 10 12 10 12 1 10 12 1 10 12 1 10 12 1 10 100 12 1 1 1 10 100 12 1 1 1 10 12 1 1 11 100 12 1 1 10 12 1 1 10 12 1 10 12 10 12 10 7 12 1 1 1 10 7 12 1 1 1 10 12 1 1 1 1 1 1 1 1 1 1 1 1 1 1 1 1 1 1 1 1 1 1 1 1 1 1 1 1 1 1 100 1 1 1 1 1 1 1 1 1 1 1 1 1 1 1 1 1 1 1 1 1 1 1 1 1 1 1 1 1 1 1 1 1 1 1 1 1 1 1 1 1 1 1 1 1 1 1 1 1 1 1 1 1 1 1 1 1 1 1 1 1 1 1 1 1 1 1 1 1 1 1 1 1 1 1 1 1 1 1 1 1 1 1 1 1 1 1 1 1 100 1 1 1 1 1 1 1 1 1 1 1 1 1 1 1 1 1 100 1 1 1 1 1 1 1 1 1 1 1 1 1 1 1 1 1 1 1 1 1 1 1 1 1 1 1 1 1 1 1 1 1 1 1 1 1 1 1 1 1 1 1 1 1 1 1 1 1 100 1 100 1 1 1 1 1
staticfield java/lang/StringUTF16 HI_BYTE_SHIFT I 0
staticfield java/lang/StringUTF16 LO_BYTE_SHIFT I 8
staticfield java/lang/StringUTF16 $assertionsDisabled Z 1
ciInstanceKlass jdk/internal/misc/Unsafe 1 1 1248 10 7 12 1 1 1 10 7 12 1 1 9 12 1 1 9 12 1 1 10 12 1 1 10 7 12 1 1 1 10 12 1 1 10 12 1 1 10 12 1 1 10 12 1 1 10 12 1 1 10 12 1 1 10 12 1 1 10 12 1 1 10 12 1 1 10 12 1 1 10 12 1 1 10 12 1 1 10 12 1 1 10 12 1 10 12 1 100 1 10 10 12 1 1 10 12 1 1 5 0 10 12 1 1 10 12 1 1 10 7 12 1 1 1 10 12 1 1 10 12 1 10 12 1 10 12 1 1 10 12 1 1 10 12 1 10 12 1 100 1 100 1 10 8 1 10 12 1 1 10 12 1 8 1 10 12 1 1 10 12 1 10 12 1 10 12 1 1 10 12 1 10 12 1 1 10 12 1 1 10 12 1 10 12 1 10 12 1 10 12 1 1 10 12 1 10 12 1 10 12 1 1 10 12 1 5 0 5 0 5 0 10 12 1 10 12 1 10 12 1 10 12 1 10 12 1 10 12 1 10 12 1 10 12 1 10 12 1 1 10 12 1 10 12 1 100 1 8 1 10 100 1 10 10 12 1 1 10 12 1 1 10 12 1 10 12 1 1 10 12 1 1 10 12 1 10 12 1 1 10 12 1 9 7 12 1 1 9 12 1 100 1 10 10 12 1 1 8 1 10 8 1 8 1 10 12 1 1 9 7 12 1 1 1 9 100 1 9 7 1 9 7 1 9 9 100 1 9 7 1 9 100 1 10 12 1 1 10 12 1 1 10 12 1 1 10 12 1 1 5 0 5 0 9 12 1 1 10 12 1 10 12 1 10 12 1 1 10 12 1 1 10 12 1 8 1 3 10 12 1 1 10 12 1 1 10 12 1 10 12 1 1 10 12 1 1 10 12 1 10 12 1 10 12 1 10 12 1 10 12 1 10 12 1 1 10 12 1 1 10 12 1 10 12 1 10 12 1 10 12 1 10 12 1 10 12 1 1 10 12 1 1 10 12 1 10 12 1 10 12 1 10 12 1 10 12 1 10 12 1 1 10 12 1 1 10 12 1 1 10 12 1 1 10 12 1 10 12 1 10 12 1 10 12 1 10 12 1 10 12 1 10 12 1 1 10 12 1 1 10 12 1 10 12 1 10 12 1 10 12 1 10 12 1 10 12 1 10 12 1 1 10 12 1 1 10 12 1 10 12 1 10 12 1 10 12 1 10 12 1 10 12 1 10 12 1 10 12 1 1 10 12 1 10 12 1 10 12 1 10 12 1 10 12 1 1 10 12 1 10 12 1 10 12 1 10 12 1 10 12 1 10 12 1 10 12 1 10 12 1 1 10 12 1 10 12 1 10 12 1 10 12 1 10 12 1 10 12 1 1 10 12 1 10 12 1 10 12 1 1 10 12 1 10 12 1 10 12 1 10 12 1 10 12 1 10 12 1 10 12 1 10 12 1 10 12 1 10 12 1 10 12 1 10 12 1 10 12 1 10 12 1 10 12 1 10 12 1 10 12 1 10 12 1 10 12 1 10 12 1 10 12 1 10 12 1 10 12 1 100 1 10 100 1 10 9 12 1 5 0 10 12 1 1 5 0 10 12 1 5 0 10 12 1 10 12 1 10 12 1 1 10 12 1 1 10 12 1 10 12 1 10 12 1 10 12 1 1 10 12 1 10 12 1 10 12 1 10 12 1 10 12 1 1 10 12 1 10 12 1 10 12 1 10 12 1 1 10 12 1 10 12 1 10 12 1 1 10 12 1 10 12 1 10 12 1 10 12 1 1 10 12 1 10 10 12 1 1 10 12 1 10 12 1 1 10 12 1 10 12 5 0 5 0 5 0 10 12 1 1 10 12 1 10 12 1 10 12 10 100 12 1 1 8 1 100 1 11 12 1 1 8 1 11 12 1 1 10 100 12 1 1 10 12 1 10 7 1 10 12 1 1 9 12 1 1 7 1 9 12 1 7 1 9 12 1 7 1 9 12 1 7 1 9 12 1 7 1 9 12 1 7 1 9 12 1 7 1 9 12 1 7 1 9 12 1 10 12 1 9 12 1 9 12 1 9 12 1 9 12 1 9 12 1 9 12 1 9 12 1 9 12 1 9 12 1 9 12 1 1 1 5 0 1 1 1 1 1 1 1 1 1 1 1 1 1 1 1 1 1 1 1 1 1 1 1 1 1 1 1 1 1 1 1 1 1 1 1 1 1 1 1 1 1 1 1 1 1 1 1 1 1 1 1 1 1 1 1 1 1 1 1 1 1 1 1 1 1 1 1 1 1 1 1 1 1 1 1 1 1 1 1 1 1 1 1 1 1 1 1 1 1 1 100 1 1 1 1 1 1 1 1 1 1 1 1 1 1 1 1 1 1 1 1 1 1 1 1 1 1 1 1 1 1 1 1 1 1 1 1 1 1 1 1 1 1 1 1 1 1 1 1 1 1 1 1 1 1 1 1 1 1 1 1 1 1 1 1 1 1 1 1 1 1 1 1 1 1 1 1 1 1 1 1 1 1 1 1 1 1 1 1 1 1 1 1 1 1 1 1 1 1 1 1 1 1 1 1 1 1 1 1 1 1 1 1 1 1 1 1 1 1 1 1 1 1 1 1 1 1 1 1 1 1 1 1 1 1 1 1 1 1 1 1 1 1 1 1 1 1 1 1 1 1 1 1 1 1 1 1 1 1 1 1 1 1 1 1 1 1 1 1 1 1 1 1 1 1 1 1 1 1 1 1 1 1 1 1 1 1 1 1 1 1 1 1 1 1 1 1 1 1 1 1 1 1 1 1 1 1 1 1 1 1 1 1 1
staticfield jdk/internal/misc/Unsafe theUnsafe Ljdk/internal/misc/Unsafe; jdk/internal/misc/Unsafe
staticfield jdk/internal/misc/Unsafe ARRAY_BOOLEAN_BASE_OFFSET J 16
staticfield jdk/internal/misc/Unsafe ARRAY_BYTE_BASE_OFFSET J 16
staticfield jdk/internal/misc/Unsafe ARRAY_SHORT_BASE_OFFSET J 16
staticfield jdk/internal/misc/Unsafe ARRAY_CHAR_BASE_OFFSET J 16
staticfield jdk/internal/misc/Unsafe ARRAY_INT_BASE_OFFSET J 16
staticfield jdk/internal/misc/Unsafe ARRAY_LONG_BASE_OFFSET J 16
staticfield jdk/internal/misc/Unsafe ARRAY_FLOAT_BASE_OFFSET J 16
staticfield jdk/internal/misc/Unsafe ARRAY_DOUBLE_BASE_OFFSET J 16
staticfield jdk/internal/misc/Unsafe ARRAY_OBJECT_BASE_OFFSET J 16
staticfield jdk/internal/misc/Unsafe ARRAY_BOOLEAN_INDEX_SCALE I 1
staticfield jdk/internal/misc/Unsafe ARRAY_BYTE_INDEX_SCALE I 1
staticfield jdk/internal/misc/Unsafe ARRAY_SHORT_INDEX_SCALE I 2
staticfield jdk/internal/misc/Unsafe ARRAY_CHAR_INDEX_SCALE I 2
staticfield jdk/internal/misc/Unsafe ARRAY_INT_INDEX_SCALE I 4
staticfield jdk/internal/misc/Unsafe ARRAY_LONG_INDEX_SCALE I 8
staticfield jdk/internal/misc/Unsafe ARRAY_FLOAT_INDEX_SCALE I 4
staticfield jdk/internal/misc/Unsafe ARRAY_DOUBLE_INDEX_SCALE I 8
staticfield jdk/internal/misc/Unsafe ARRAY_OBJECT_INDEX_SCALE I 4
staticfield jdk/internal/misc/Unsafe ADDRESS_SIZE I 8
ciMethod java/lang/StringUTF16 checkIndex (I[B)V 0 0 4024 0 -1
ciMethod java/lang/StringUTF16 hashCode ([B)I 0 0 272 0 0
ciMethod java/lang/StringUTF16 compress ([BII)[B 0 0 2 0 -1
ciMethod java/lang/StringUTF16 indexOf ([BIII)I 0 0 2 0 0
ciMethod java/lang/StringUTF16 indexOfChar ([BIII)I 0 0 2 0 -1
ciMethod java/lang/StringUTF16 getChar ([BI)C 1024 0 11552 0 -1
ciMethod java/lang/StringUTF16 putChar ([BII)V 1024 0 8344 0 -1
ciMethod java/lang/StringUTF16 coderFromArrayLen ([BI)B 156 0 18642 0 -1
ciMethod java/lang/StringUTF16 newBytesFor (I)[B 0 0 472 0 -1
ciMethod java/lang/StringUTF16 charAt ([BI)C 0 0 7 0 0
ciMethod java/lang/StringUTF16 regionMatchesCI ([BI[BII)Z 0 0 1 0 -1
ciMethod java/lang/StringUTF16 regionMatchesCI_Latin1 ([BI[BII)Z 0 0 1 0 -1
ciMethod java/lang/StringUTF16 lastIndexOf ([BII)I 0 0 1 0 -1
ciMethod java/lang/StringUTF16 newString ([BII)Ljava/lang/String; 0 0 2 0 0
ciMethod java/lang/StringUTF16 replace ([BCC)Ljava/lang/String; 0 0 1 0 -1
ciMethod java/lang/StringUTF16 indexOfSupplementary ([BIII)I 0 0 1 0 -1
ciInstanceKlass java/lang/Thread$FieldHolder 1 1 55 10 7 12 1 1 1 9 7 12 1 1 1 9 12 1 1 9 12 1 1 9 12 1 1 9 12 1 1 1 1 1 1 1 1 1 1 1 1 100 1 100 1 1 1 1 100 1 1 1 100 1 100 1 1
ciInstanceKlass java/lang/Thread$Constants 0 0 47 100 1 10 100 12 1 1 1 10 12 1 1 10 12 1 1 10 100 12 1 1 8 1 10 12 1 9 100 12 1 1 1 1 1 1 1 1 1 1 1 1 1 1 1 1 1
ciInstanceKlass java/lang/ThreadGroup 1 1 380 10 7 12 1 1 1 9 7 12 1 1 1 8 1 9 12 1 1 7 1 9 12 1 1 9 12 1 1 10 7 12 1 1 1 10 12 1 1 10 12 1 10 12 1 1 10 12 1 1 10 12 1 10 12 1 10 12 1 10 100 12 1 1 1 10 12 1 1 18 12 1 1 11 100 12 1 1 1 10 12 1 1 10 12 1 1 10 12 1 1 10 100 12 1 1 1 10 12 1 11 12 1 1 11 100 12 1 1 11 12 1 1 10 12 1 1 10 12 1 10 12 1 11 12 1 11 12 1 1 10 12 1 100 1 10 18 12 1 1 11 100 12 1 1 1 11 12 1 1 9 100 12 1 1 1 10 12 1 1 8 1 10 100 12 1 1 1 10 100 12 1 1 1 10 12 1 1 11 12 10 12 1 1 10 12 1 1 11 100 1 9 12 1 100 1 10 8 1 10 12 1 1 10 12 1 1 8 1 10 12 1 10 100 12 1 1 1 10 12 1 1 10 7 1 8 1 10 8 1 10 12 1 10 12 1 8 1 9 12 1 1 9 12 1 10 100 12 1 1 1 100 9 12 1 1 7 1 9 12 1 10 12 10 12 1 1 100 10 12 9 12 1 10 12 1 100 1 10 100 1 10 10 12 1 10 12 1 1 1 1 1 1 1 1 1 1 1 1 1 1 1 1 3 1 1 1 1 1 1 1 1 1 1 1 100 1 1 1 1 1 1 1 1 1 1 1 1 1 1 1 1 1 1 1 1 1 1 1 1 1 1 1 1 1 1 1 1 1 1 1 1 1 1 1 1 16 15 10 12 16 16 15 10 12 16 15 10 100 12 1 1 1 1 1 100 1 100 1 1
staticfield java/lang/ThreadGroup $assertionsDisabled Z 1
ciInstanceKlass java/lang/Thread$UncaughtExceptionHandler 1 0 16 100 1 100 1 1 1 1 1 1 1 1 100 1 1 1
instanceKlass java/lang/ThreadBuilders$BoundVirtualThread
instanceKlass java/lang/VirtualThread
ciInstanceKlass java/lang/BaseVirtualThread 0 0 36 10 100 12 1 1 1 100 1 1 1 1 1 1 1 1 1 1 1 1 1 1 1 1 1 1 1 1 100 1 100 1 1 100 1 1
ciInstanceKlass java/lang/VirtualThread 0 0 928 9 100 12 1 1 1 9 12 1 1 10 100 12 1 1 1 10 100 12 1 1 1 10 100 12 1 1 1 9 12 1 1 100 1 10 12 1 9 12 1 1 18 12 1 1 9 12 1 1 10 12 1 1 100 1 10 12 1 10 12 1 1 10 12 1 1 10 12 1 10 12 1 1 9 12 1 1 10 12 1 10 100 12 1 10 12 1 10 12 1 10 12 1 10 12 1 9 12 1 1 11 100 12 1 1 1 10 10 12 1 11 100 12 1 1 1 10 12 1 100 1 10 12 1 1 100 1 9 12 1 1 5 0 10 100 12 1 1 1 9 12 1 100 1 100 1 10 10 100 12 1 1 1 10 100 12 1 1 1 10 12 1 1 10 12 1 10 12 1 1 10 12 1 10 12 10 12 1 100 1 10 10 12 1 10 12 1 1 9 12 1 1 10 12 1 1 9 12 1 1 10 12 1 9 12 1 10 100 12 1 1 10 9 10 10 12 1 1 10 12 1 1 10 100 12 1 1 10 100 1 10 9 10 100 1 10 12 1 1 10 12 1 10 10 12 1 1 9 12 1 10 12 1 10 12 1 9 12 1 1 10 12 1 10 12 1 10 12 1 1 9 12 1 1 10 12 1 10 12 1 1 10 12 1 10 12 1 1 9 12 1 18 9 100 12 1 1 1 10 12 1 1 9 12 1 10 12 1 10 12 1 1 10 12 1 9 12 1 1 18 12 1 9 12 1 9 12 1 10 12 9 12 1 1 10 100 12 1 1 10 12 1 10 12 1 1 10 100 12 1 1 10 12 1 100 1 8 1 10 12 1 10 12 1 1 10 12 1 10 12 1 10 12 1 10 100 12 1 1 10 12 1 10 12 1 10 12 1 10 12 1 10 100 12 1 1 8 1 10 12 1 10 12 1 10 12 1 10 12 1 1 10 12 1 10 12 10 12 1 100 1 10 10 12 1 10 12 1 1 10 12 1 1 10 12 1 10 12 1 10 12 1 1 10 12 1 1 11 100 12 1 1 11 12 1 10 12 9 100 12 1 1 1 9 12 1 10 12 1 1 9 12 1 9 12 1 9 12 1 9 12 1 100 1 10 10 12 1 1 10 12 1 100 1 100 1 10 8 1 10 12 1 1 10 12 1 10 12 1 10 10 12 1 8 1 10 10 12 1 10 12 1 10 100 12 1 1 8 1 8 1 10 12 1 1 10 10 9 100 12 1 1 1 10 12 1 1 10 12 1 10 10 12 9 12 1 10 12 1 1 10 12 1 9 12 1 10 12 1 1 9 12 1 10 12 1 1 9 12 1 10 12 1 1 18 12 1 1 8 1 10 12 1 1 8 1 8 1 10 100 12 1 1 1 10 100 12 1 1 1 10 12 1 10 12 1 1 10 12 1 18 12 1 1 18 12 1 1 5 0 9 12 1 10 12 1 10 12 1 10 100 1 10 12 1 1 9 12 1 9 12 1 1 10 12 1 1 10 12 1 10 12 10 12 1 1 10 100 12 1 1 10 12 1 1 100 1 8 1 10 10 12 1 8 10 12 1 1 8 8 9 12 1 8 8 10 12 1 10 12 1 1 8 1 18 12 1 10 100 12 1 1 10 12 1 10 12 1 3 1 3 1 3 1 3 1 3 1 3 1 3 1 3 1 3 1 3 1 3 1 3 1 3 3 1 3 3 1 3 3 1 3 3 1 3 1 1 1 1 1 1 1 1 1 1 1 1 1 1 1 1 1 100 1 1 1 1 1 1 1 1 1 1 1 1 1 1 1 1 1 1 1 1 100 1 1 1 1 1 1 1 1 1 1 1 1 1 1 1 1 1 1 1 1 1 1 1 1 1 1 1 1 1 1 1 1 1 100 1 1 1 1 1 1 1 1 1 1 1 1 1 1 1 1 1 1 1 1 1 1 1 1 1 1 1 100 1 1 1 1 1 1 1 1 1 1 1 1 1 1 1 1 1 1 1 1 1 1 100 1 1 16 15 10 12 15 10 12 15 10 12 16 15 10 12 16 15 10 12 16 15 10 12 16 15 10 12 15 10 100 12 1 1 1 1 1 1 1 100 1 1 1 100 1 100 1 1
ciInstanceKlass java/lang/ThreadBuilders$BoundVirtualThread 0 0 132 10 100 12 1 1 1 9 100 12 1 1 1 10 100 12 1 1 1 9 12 1 1 10 12 1 1 10 12 1 1 9 12 1 1 10 100 12 1 1 1 10 12 1 1 100 1 8 1 10 12 1 10 12 1 1 10 12 1 1 10 12 1 1 10 100 12 1 1 1 8 1 10 12 1 8 1 10 12 1 1 10 100 12 1 1 9 100 12 1 1 1 10 12 1 1 10 10 12 1 1 1 1 1 1 1 1 1 1 1 1 1 1 1 1 1 1 1 1 1 1 1 1 1 1 1 1 100 1 1 1 1
instanceKlass lombok/javac/handlers/HandleDelegate$DelegateRecursion
instanceKlass lombok/javac/handlers/HandleDelegate$DelegateRecursion
instanceKlass org/apache/maven/artifact/repository/metadata/RepositoryMetadataDeploymentException
instanceKlass org/apache/maven/artifact/repository/metadata/RepositoryMetadataInstallationException
instanceKlass java/lang/Exception
instanceKlass java/lang/Error
ciInstanceKlass java/lang/Throwable 1 1 403 10 7 12 1 1 1 9 7 12 1 1 1 9 12 1 1 9 12 1 9 12 1 1 9 12 1 10 12 1 1 9 12 1 1 10 12 1 1 10 100 12 1 1 1 9 12 1 1 10 12 1 1 10 12 1 100 1 100 1 10 8 1 10 12 1 1 8 1 10 100 12 1 1 10 10 12 1 100 1 8 1 10 10 7 12 1 1 10 12 1 8 1 9 100 12 1 1 1 10 12 1 1 100 1 10 12 10 12 1 100 1 10 10 7 12 1 1 1 11 100 12 1 1 1 10 100 12 1 1 1 10 12 1 1 10 12 1 1 8 1 10 12 1 10 12 1 1 8 1 8 1 10 12 1 1 10 12 1 8 1 8 1 9 12 1 10 100 12 1 1 100 1 10 11 12 1 8 1 8 1 10 7 12 1 1 8 1 10 12 1 8 1 100 1 10 12 1 9 12 1 1 10 12 1 10 7 12 1 9 12 1 1 10 12 1 1 100 1 8 1 10 12 1 10 100 12 1 1 10 12 1 1 100 1 10 100 12 1 1 1 10 12 1 11 100 12 1 1 1 11 100 12 1 1 1 11 12 1 8 1 10 12 1 1 8 1 10 10 9 100 12 1 1 1 8 1 10 12 1 1 11 10 100 1 8 1 10 11 12 1 1 8 1 9 12 1 10 100 12 1 1 11 9 12 1 1 11 12 1 1 100 10 12 1 10 12 1 1 100 1 1 1 1 5 0 1 1 1 1 1 1 1 1 1 1 1 1 100 1 1 1 1 1 1 1 1 1 1 1 1 1 1 1 1 1 1 1 1 1 1 1 1 1 1 1 1 1 1 1 1 1 1 1 1 1 1 1 1 1 1 1 100 1 100 1 1 1 1 1 1 1 1 1 1 1 1 1 1 1 1 1 1
staticfield java/lang/Throwable UNASSIGNED_STACK [Ljava/lang/StackTraceElement; 0 [Ljava/lang/StackTraceElement;
staticfield java/lang/Throwable SUPPRESSED_SENTINEL Ljava/util/List; java/util/Collections$EmptyList
staticfield java/lang/Throwable EMPTY_THROWABLE_ARRAY [Ljava/lang/Throwable; 0 [Ljava/lang/Throwable;
staticfield java/lang/Throwable $assertionsDisabled Z 1
ciMethod java/lang/Throwable fillInStackTrace ()Ljava/lang/Throwable; 520 0 6404 0 -1
ciMethod java/lang/Throwable <init> (Ljava/lang/String;Ljava/lang/Throwable;)V 512 0 5385 0 -1
ciMethod java/lang/Throwable addSuppressed (Ljava/lang/Throwable;)V 0 0 1 0 -1
ciInstanceKlass jdk/internal/vm/ContinuationScope 0 0 50 10 100 12 1 1 1 10 100 12 1 1 1 100 1 9 100 12 1 1 1 10 12 1 1 10 100 12 1 1 1 10 12 1 1 10 12 1 1 1 1 1 1 1 1 1 1 1 1 1
ciInstanceKlass jdk/internal/vm/StackChunk 1 1 32 10 100 12 1 1 1 9 100 12 1 1 1 9 12 1 1 9 12 1 1 1 1 1 1 1 1 1 1 1 1 1
ciInstanceKlass java/lang/Boolean 1 1 146 10 7 12 1 1 1 9 7 12 1 1 1 10 12 1 1 10 12 1 8 1 10 7 12 1 1 9 12 1 1 9 12 1 10 12 1 1 10 12 1 1 10 12 1 1 10 12 1 10 7 12 1 1 1 10 12 1 1 9 100 12 1 1 9 12 10 100 12 1 1 1 10 12 1 1 8 1 10 7 12 1 1 1 9 12 1 1 100 1 100 1 100 1 1 1 1 1 1 5 0 1 1 1 1 1 1 1 1 1 1 1 1 1 1 1 1 1 1 1 1 1 1 1 1 1 1 1 1 1 1 1 1 1 1 1 100 1 1 1 1 1 1 1 1 1
staticfield java/lang/Boolean TRUE Ljava/lang/Boolean; java/lang/Boolean
staticfield java/lang/Boolean FALSE Ljava/lang/Boolean; java/lang/Boolean
staticfield java/lang/Boolean TYPE Ljava/lang/Class; java/lang/Class
ciInstanceKlass java/lang/Character 1 1 603 7 1 100 1 100 1 9 12 1 1 8 1 9 12 1 1 100 1 9 12 1 1 10 100 12 1 1 1 10 100 12 1 1 1 10 100 12 1 1 1 10 7 12 1 1 1 9 7 12 1 1 1 10 12 1 10 12 1 1 10 12 1 1 10 7 12 1 1 10 12 1 1 3 3 3 3 3 10 12 1 1 10 12 1 3 11 7 12 1 1 1 11 12 1 1 10 12 1 1 10 12 1 1 100 1 10 10 12 1 3 10 12 1 1 10 12 1 10 12 1 1 100 1 8 1 10 12 1 1 10 12 1 10 12 1 10 12 1 10 100 12 1 1 1 10 12 1 10 12 1 10 12 1 1 10 12 1 10 7 12 1 1 10 10 12 1 10 10 12 1 10 12 1 1 10 12 1 10 10 12 1 10 12 1 10 12 1 10 12 1 10 12 1 10 12 1 10 12 1 10 12 10 10 12 10 10 12 1 10 10 12 1 10 10 12 1 10 10 12 1 10 12 1 10 12 1 10 12 1 10 12 1 10 12 1 10 12 1 10 10 12 1 10 10 12 1 10 10 12 1 1 10 10 12 1 10 5 0 10 12 1 10 12 1 10 10 12 1 10 10 12 1 1 10 10 12 1 10 10 12 1 9 12 1 1 100 1 10 10 12 1 10 12 1 1 3 10 100 12 1 1 1 10 12 1 10 100 12 1 1 100 1 10 10 12 1 1 10 12 1 1 10 12 1 1 8 1 10 12 1 9 100 12 1 1 1 10 12 1 10 10 12 1 10 12 1 1 10 12 1 10 10 12 1 1 10 10 12 1 1 100 1 8 1 10 12 1 1 10 7 12 1 1 1 8 1 10 12 1 1 9 12 1 1 100 1 100 1 100 1 1 1 1 3 1 3 1 3 1 3 1 1 1 1 1 3 1 1 3 1 3 1 3 1 3 1 3 1 3 1 3 1 3 1 3 1 3 1 3 1 3 1 3 1 3 1 3 1 3 1 3 1 3 1 3 1 3 1 3 1 3 1 3 1 3 1 3 1 3 1 3 1 3 1 1 1 1 1 1 1 1 1 1 1 1 1 1 1 1 1 1 1 3 1 1 1 1 1 1 1 3 1 1 3 1 1 1 1 1 3 1 1 5 0 1 1 1 1 1 1 1 1 1 1 1 1 1 1 1 1 1 1 1 1 1 1 1 1 1 1 1 1 1 1 1 1 1 1 1 1 1 1 1 1 1 1 1 1 1 1 1 1 1 1 1 1 1 1 1 1 1 1 1 1 1 1 1 1 1 1 1 1 1 1 1 1 1 1 1 1 1 1 1 1 1 1 1 1 1 1 1 1 1 100 1 100 1 1 1 1 1 1
staticfield java/lang/Character TYPE Ljava/lang/Class; java/lang/Class
staticfield java/lang/Character $assertionsDisabled Z 1
ciInstanceKlass java/lang/Float 1 1 277 7 1 100 1 10 7 12 1 1 1 10 100 12 1 1 1 4 100 1 10 12 1 1 10 12 1 1 8 1 8 1 10 100 12 1 1 1 10 12 1 1 10 12 1 1 10 100 1 4 10 7 12 1 1 9 12 1 1 10 12 1 1 10 12 1 10 10 12 1 1 10 12 1 10 12 1 3 3 100 1 4 4 4 3 10 12 1 1 9 12 1 1 100 1 10 3 3 4 4 10 12 1 3 3 3 10 12 1 1 10 12 1 1 10 12 1 10 100 12 1 1 1 10 12 1 1 10 12 1 1 10 7 12 1 1 1 8 1 10 12 1 1 9 12 1 1 100 1 100 1 100 1 1 1 1 4 1 4 1 1 1 4 1 1 3 1 3 1 3 1 3 1 3 1 1 1 1 5 0 1 1 1 1 1 1 1 1 1 1 7 1 1 1 1 1 1 1 1 1 1 1 1 1 1 1 1 1 1 1 1 1 1 1 1 1 1 1 1 1 1 1 1 1 1 1 1 1 1 1 1 1 1 1 1 1 1 1 1 1 1 1 1 1 1 1 1 1 1 1 1 1 1 1 1 1 1 1 1 1 1 1 1 1 7 1 1 1 1 1 1 1 100 1 100 1 1
staticfield java/lang/Float TYPE Ljava/lang/Class; java/lang/Class
staticfield java/lang/Float $assertionsDisabled Z 1
instanceKlass java/util/concurrent/atomic/Striped64
instanceKlass java/math/BigInteger
instanceKlass java/util/concurrent/atomic/AtomicLong
instanceKlass java/util/concurrent/atomic/AtomicInteger
instanceKlass java/lang/Long
instanceKlass java/lang/Integer
instanceKlass java/lang/Short
instanceKlass java/lang/Byte
instanceKlass java/lang/Double
instanceKlass java/lang/Float
ciInstanceKlass java/lang/Number 1 1 37 10 7 12 1 1 1 10 100 12 1 1 1 100 1 1 1 1 5 0 1 1 1 1 1 1 1 1 1 1 1 1 1 1 1 1 1
ciMethod java/lang/Float isNaN (F)Z 512 0 9195 0 0
ciInstanceKlass java/lang/Double 1 1 288 7 1 100 1 10 100 12 1 1 1 10 12 1 1 10 100 1 10 12 1 1 10 100 12 1 1 1 6 0 8 1 10 12 1 1 8 1 10 12 1 1 8 1 6 0 10 12 1 1 100 1 5 0 5 0 8 1 8 1 10 100 12 1 1 1 10 100 12 1 1 1 8 1 10 12 1 1 8 1 8 1 8 1 10 12 1 1 10 12 1 10 12 1 1 10 12 1 10 12 1 10 12 1 1 10 12 1 10 7 1 6 0 10 7 12 1 1 9 12 1 1 10 12 1 10 12 1 10 12 1 10 12 1 10 12 1 5 0 10 12 1 1 10 12 1 10 12 1 10 100 12 1 1 1 10 12 1 1 10 12 1 1 8 1 10 7 12 1 1 1 9 12 1 1 100 1 100 1 100 1 1 1 6 0 1 6 0 1 6 0 1 1 1 6 0 1 1 3 1 3 1 3 1 3 1 3 1 1 1 1 5 0 1 1 1 1 1 1 1 1 1 1 1 1 1 1 1 1 7 1 1 1 1 1 1 1 1 1 1 1 1 1 1 1 1 1 1 1 1 1 1 1 1 1 1 1 1 1 1 1 1 1 1 1 1 1 1 1 1 1 1 1 1 1 7 1 1 1 1 1 1 1 100 1 100 1 1
staticfield java/lang/Double TYPE Ljava/lang/Class; java/lang/Class
ciInstanceKlass java/lang/Byte 1 1 212 7 1 100 1 10 100 12 1 1 1 9 12 1 1 8 1 9 12 1 1 100 1 10 12 1 1 10 12 1 1 10 100 12 1 1 1 10 100 12 1 1 1 9 7 12 1 1 1 10 12 1 1 7 1 100 1 10 12 1 1 8 1 10 12 1 1 8 1 10 12 1 10 12 1 10 12 1 10 12 1 1 10 12 1 10 12 1 10 12 1 1 10 8 1 8 1 10 7 1 9 12 1 1 10 12 1 1 10 12 1 1 10 12 1 1 10 12 1 5 0 10 12 1 1 8 1 10 7 12 1 1 1 9 12 1 1 100 1 100 1 1 1 3 1 3 1 1 1 1 3 1 3 1 1 5 0 1 1 1 1 1 1 1 1 1 1 1 1 1 1 1 1 1 1 1 1 1 1 1 1 1 1 1 1 1 1 1 1 1 1 1 1 1 1 1 1 1 1 1 1 1 1 1 1 1 1 1 1 1 1 1
staticfield java/lang/Byte TYPE Ljava/lang/Class; java/lang/Class
ciMethod java/lang/Byte toUnsignedInt (B)I 1024 0 2589793 0 80
ciInstanceKlass java/lang/Short 1 1 220 7 1 100 1 100 1 10 100 12 1 1 1 10 12 1 1 7 1 100 1 10 12 1 1 8 1 10 12 1 1 8 1 10 12 1 10 12 1 10 12 1 10 12 1 1 10 12 1 1 10 12 1 9 12 1 1 8 1 9 12 1 1 100 1 10 12 1 1 10 12 1 10 100 12 1 1 1 10 100 12 1 1 1 9 100 12 1 1 1 10 12 1 10 12 1 1 10 8 1 8 1 10 7 1 9 12 1 1 10 12 1 1 10 12 1 1 10 12 1 1 10 12 1 3 3 5 0 10 12 1 1 8 1 10 7 12 1 1 1 9 12 1 1 100 1 100 1 1 1 3 1 3 1 1 1 1 3 1 3 1 1 5 0 1 1 1 1 1 1 1 1 1 1 1 1 1 1 1 1 1 1 1 1 1 1 1 1 1 1 1 1 1 1 1 1 1 1 1 1 1 1 1 1 1 1 1 1 1 1 1 1 1 1 1 1 1 1 1 1
staticfield java/lang/Short TYPE Ljava/lang/Class; java/lang/Class
ciMethod java/lang/Short reverseBytes (S)S 0 0 6601 0 -1
ciMethod java/lang/Short toUnsignedInt (S)I 608 0 17368 0 80
ciInstanceKlass java/lang/Integer 1 1 436 7 1 100 1 7 1 7 1 10 12 1 1 9 12 1 1 9 12 1 1 10 7 12 1 1 1 10 12 1 1 10 100 12 1 1 1 10 10 12 1 1 10 100 12 1 1 1 10 12 1 10 12 1 1 10 7 12 1 1 1 10 12 1 1 10 12 1 1 10 12 1 10 7 12 1 1 10 12 1 1 10 12 1 10 12 1 7 1 8 1 10 12 1 8 1 100 1 10 12 1 1 10 12 1 1 8 1 10 12 1 1 8 1 10 12 1 1 10 12 1 1 10 12 1 1 3 3 10 7 12 1 1 1 11 7 1 10 12 1 1 11 10 12 1 1 10 12 1 1 8 1 10 12 1 10 12 1 8 1 100 1 10 12 1 8 1 10 12 1 1 10 12 1 8 1 10 12 1 10 12 1 7 1 9 12 1 1 9 12 1 1 10 12 1 10 7 1 9 12 1 10 12 1 10 12 1 10 12 1 1 10 12 1 1 10 7 12 1 1 1 10 12 1 1 8 1 8 1 10 12 1 1 8 1 8 1 8 1 8 1 8 1 8 1 10 12 1 10 12 1 10 12 1 5 0 3 3 3 3 10 12 1 10 12 1 3 10 12 1 10 100 12 1 1 1 10 12 1 1 10 12 1 1 8 1 10 7 12 1 1 1 9 12 1 1 100 1 100 1 100 1 1 1 1 3 1 1 1 1 1 3 1 3 1 1 5 0 1 1 1 1 1 1 1 1 1 100 1 1 1 1 1 1 1 1 1 1 1 1 1 1 1 1 1 1 1 1 1 1 1 1 1 1 1 1 1 1 1 1 1 1 1 1 1 1 1 1 1 1 1 1 1 1 1 1 1 1 1 1 1 1 1 1 1 1 1 1 1 1 1 1 1 1 1 1 1 1 1 1 1 1 1 1 1 1 1 1 1 1 1 1 1 1 1 1 1 1 1 1 1 7 1 1 1 1 1 1 1 1 1 100 1 100 1 1
staticfield java/lang/Integer TYPE Ljava/lang/Class; java/lang/Class
staticfield java/lang/Integer digits [B 36
ciMethod java/lang/Integer reverseBytes (I)I 0 0 9068 0 -1
ciMethod java/lang/Integer toUnsignedLong (I)J 512 0 11127 0 0
ciInstanceKlass java/lang/Long 1 1 498 7 1 100 1 7 1 7 1 10 12 1 1 9 12 1 1 9 7 12 1 1 1 10 100 12 1 1 1 10 12 1 1 10 100 12 1 1 1 10 10 12 10 12 1 10 12 1 10 12 1 5 0 5 0 7 1 10 12 1 1 10 12 1 1 10 12 1 10 12 1 10 12 1 10 12 1 1 10 100 12 1 1 10 12 1 10 12 1 1 10 12 1 1 10 12 1 1 10 12 1 1 10 100 12 1 1 1 10 12 1 1 10 12 1 10 12 1 10 7 12 1 1 10 12 1 1 10 12 1 10 12 1 7 1 8 1 10 12 1 8 1 100 1 10 12 1 10 12 1 1 8 1 10 12 1 1 8 1 10 12 1 1 10 12 1 1 10 12 1 1 5 0 5 0 10 100 12 1 1 1 11 100 1 10 12 1 1 11 10 12 1 1 10 12 1 1 8 1 5 0 10 12 1 1 10 12 1 1 8 1 8 1 10 12 1 8 1 10 12 1 10 12 1 5 0 5 0 9 7 12 1 1 1 10 12 1 10 12 1 1 8 1 8 1 10 12 1 1 8 1 8 1 8 1 8 1 8 1 8 1 10 12 1 10 12 1 10 7 1 9 12 1 1 10 12 1 10 12 1 1 10 12 1 1 10 100 12 1 1 1 10 12 1 1 10 12 1 10 12 1 10 12 1 5 0 5 0 5 0 10 12 1 1 10 12 1 5 0 5 0 10 12 10 12 1 10 100 12 1 1 1 10 12 1 1 10 12 1 1 8 1 10 7 12 1 1 1 9 12 1 1 100 1 100 1 100 1 1 1 1 5 0 1 1 1 1 3 1 3 1 5 0 1 1 1 1 1 1 1 1 1 100 1 1 1 1 1 1 1 1 1 1 1 1 1 1 1 1 1 1 1 1 1 1 1 1 1 1 1 1 1 1 1 1 1 1 1 1 1 1 1 1 1 1 1 1 1 1 1 1 1 1 1 1 1 1 1 1 1 1 1 1 1 1 1 1 1 1 1 1 1 1 1 1 1 1 1 1 1 1 1 1 1 1 1 1 1 1 1 1 1 1 1 1 1 1 1 1 1 1 1 1 7 1 1 1 1 1 1 1 1 1 100 1 100 1 1
staticfield java/lang/Long TYPE Ljava/lang/Class; java/lang/Class
ciInstanceKlass java/lang/Void 1 1 31 10 100 12 1 1 1 8 1 10 7 12 1 1 1 9 7 12 1 1 1 1 1 1 1 1 1 1 1 1 1
staticfield java/lang/Void TYPE Ljava/lang/Class; java/lang/Class
ciInstanceKlass jdk/internal/vm/vector/VectorSupport 0 0 597 100 1 10 100 12 1 1 1 9 12 1 1 10 100 12 1 1 1 100 1 10 12 1 11 100 12 1 1 1 11 100 12 1 1 1 11 100 12 1 1 1 11 100 12 1 1 11 100 12 1 1 11 100 12 1 1 11 100 12 1 1 11 100 12 1 1 11 100 12 1 1 11 100 12 1 1 11 100 12 1 1 1 11 100 12 1 1 11 100 12 1 1 1 11 100 12 1 1 1 11 100 12 1 1 11 100 12 1 1 1 11 100 12 1 1 100 1 10 12 1 1 11 100 12 1 1 11 100 12 1 1 11 100 12 1 1 11 100 1 11 100 12 1 1 11 100 12 1 1 11 100 12 1 1 9 12 1 1 10 100 12 1 1 11 100 12 1 1 10 100 12 1 1 1 10 100 12 1 1 10 12 1 1 10 12 1 1 1 1 1 3 1 3 1 3 1 3 1 3 1 3 1 3 1 3 1 3 1 3 1 3 1 3 1 3 1 3 1 3 1 3 1 3 1 3 1 3 1 3 1 3 1 3 1 3 1 3 1 3 1 3 1 3 1 3 1 3 1 3 1 3 1 3 1 3 1 3 1 3 1 3 1 3 1 3 1 3 1 3 1 3 1 3 1 3 1 3 1 3 1 3 1 3 1 3 1 3 1 3 1 3 1 3 1 3 1 1 1 3 1 3 1 3 1 3 1 3 1 3 1 1 1 1 1 1 1 1 1 1 1 1 1 1 1 1 1 1 1 1 1 1 1 1 1 1 1 1 1 1 1 1 1 1 1 1 1 1 1 1 1 1 1 1 1 1 1 1 1 1 1 1 1 1 1 1 1 1 1 1 1 1 1 1 1 1 1 1 1 1 1 1 1 1 1 1 1 1 1 1 1 1 1 1 1 1 1 1 1 1 1 1 1 1 1 1 1 1 1 1 1 1 1 1 1 1 1 1 1 1 1 1 1 1 1 1 1 1 1 1 1 1 1 1 1 1 1 1 1 1 1 1 1 1 1 1 1 1 1 1 1 1 1 1 1 1 1 1 1 1 1 1 1 1 1 1 1 1 1 1 1 1 1 1 1 1 1 1 1 1 1 1 1 1 1 1 1 1 1 1 1 1 1 1 1 1 1 1 1 1 1 1 1 1 1 1 1 1 1 1 1 1 1 1 1 1 1 1 1 1 1 1 1 1 1 1 1 1 1 1 1 1 1 1 1 1 1 1 1 1 1 1 1 1 1 1 1 1 1 1 1 1 1 1 1 1 1 100 1 100 1 100 1 100 1 100 1 1 1 1 1 1 1 1 1 1 1 1 1 1 1 1 1 1 1 1 1 1 1 1 1 1 1 1 1 1 1
instanceKlass jdk/internal/vm/vector/VectorSupport$VectorShuffle
instanceKlass jdk/internal/vm/vector/VectorSupport$VectorMask
instanceKlass jdk/internal/vm/vector/VectorSupport$Vector
ciInstanceKlass jdk/internal/vm/vector/VectorSupport$VectorPayload 0 0 32 10 100 12 1 1 1 9 100 12 1 1 1 10 100 12 1 1 1 1 1 1 1 1 1 1 1 1 1 1 1 1
ciInstanceKlass jdk/internal/vm/vector/VectorSupport$Vector 0 0 28 10 100 12 1 1 1 100 1 1 1 1 1 1 1 1 1 1 1 1 1 1 1 100 1 1 1 1
ciInstanceKlass jdk/internal/vm/vector/VectorSupport$VectorMask 0 0 28 10 100 12 1 1 1 100 1 1 1 1 1 1 1 1 1 1 1 1 1 1 1 100 1 1 1 1
ciInstanceKlass jdk/internal/vm/vector/VectorSupport$VectorShuffle 0 0 28 10 100 12 1 1 1 100 1 1 1 1 1 1 1 1 1 1 1 1 1 1 1 100 1 1 1 1
ciInstanceKlass jdk/internal/vm/FillerObject 0 0 16 10 100 12 1 1 1 100 1 1 1 1 1 1 1 1
instanceKlass java/lang/ref/PhantomReference
instanceKlass java/lang/ref/FinalReference
instanceKlass java/lang/ref/WeakReference
instanceKlass java/lang/ref/SoftReference
ciInstanceKlass java/lang/ref/Reference 1 1 198 9 7 12 1 1 1 9 7 12 1 1 10 12 1 1 10 12 1 1 9 12 1 1 10 12 1 1 9 12 1 1 9 12 1 1 7 1 10 12 1 10 7 12 1 1 10 12 1 10 12 1 1 10 12 1 7 1 8 1 10 12 1 1 7 1 10 12 1 1 10 12 1 1 10 12 1 7 1 10 12 10 7 12 1 1 1 9 12 1 10 12 1 1 10 12 1 10 12 1 10 12 1 9 12 1 100 1 100 1 10 9 12 1 9 12 1 100 1 10 10 12 1 10 10 7 12 1 1 10 12 1 1 1 1 1 1 1 1 1 1 1 1 1 1 1 1 1 100 1 1 1 100 1 1 1 1 1 1 1 1 1 1 1 1 1 1 1 1 1 1 1 1 1 1 1 1 1 1 1 1 1 1 1 1 1 1 1 1 1 100 1 100 1 100 1 1 1
staticfield java/lang/ref/Reference processPendingLock Ljava/lang/Object; java/lang/Object
staticfield java/lang/ref/Reference $assertionsDisabled Z 1
ciMethod java/lang/ref/Reference get ()Ljava/lang/Object; 0 0 1 0 -1
ciMethod java/lang/ref/Reference clear ()V 512 0 12118 0 0
ciMethod java/lang/ref/Reference refersToImpl (Ljava/lang/Object;)Z 518 0 14618 0 96
ciMethod java/lang/ref/Reference clearImpl ()V 514 0 718 0 -1
ciMethod java/lang/ref/Reference <init> (Ljava/lang/Object;)V 228 0 9173 0 0
ciMethod java/lang/ref/Reference <init> (Ljava/lang/Object;Ljava/lang/ref/ReferenceQueue;)V 526 0 19587 0 128
ciMethod java/lang/ref/Reference refersTo0 (Ljava/lang/Object;)Z 256 0 128 0 -1
ciMethod java/lang/ref/Reference refersTo (Ljava/lang/Object;)Z 514 0 23503 0 112
ciMethod java/lang/ref/Reference reachabilityFence (Ljava/lang/Object;)V 512 0 153876 0 -1
instanceKlass java/util/ResourceBundle$BundleReference
instanceKlass sun/security/util/MemoryCache$SoftCacheEntry
instanceKlass org/eclipse/sisu/inject/MildElements$Soft
instanceKlass sun/util/locale/provider/LocaleResources$ResourceReference
instanceKlass sun/util/resources/Bundles$BundleReference
instanceKlass jdk/internal/util/SoftReferenceKey
instanceKlass org/eclipse/sisu/inject/MildKeys$Soft
instanceKlass java/lang/invoke/LambdaFormEditor$Transform
ciInstanceKlass java/lang/ref/SoftReference 1 1 50 10 7 12 1 1 1 9 7 12 1 1 1 9 12 1 10 12 1 10 12 1 1 1 1 1 1 1 1 1 1 1 1 1 1 1 1 1 1 1 1 1 1 100 1 1 1 1 1 1
ciMethod java/lang/ref/SoftReference get ()Ljava/lang/Object; 512 0 11539 0 131
ciMethod java/lang/ref/SoftReference <init> (Ljava/lang/Object;)V 206 0 1494 0 0
instanceKlass com/sun/tools/javac/util/UnsharedNameTable$HashEntry
instanceKlass java/util/ResourceBundle$KeyElementReference
instanceKlass sun/nio/ch/FileLockTable$FileLockReference
instanceKlass javax/crypto/JceSecurity$WeakIdentityWrapper
instanceKlass org/eclipse/sisu/inject/MildElements$Weak
instanceKlass com/google/common/collect/MapMakerInternalMap$AbstractWeakKeyEntry
instanceKlass com/google/common/cache/LocalCache$WeakEntry
instanceKlass java/lang/WeakPairMap$WeakRefPeer
instanceKlass java/util/logging/LogManager$LoggerWeakRef
instanceKlass java/util/logging/Level$KnownLevel
instanceKlass org/eclipse/sisu/inject/MildKeys$Weak
instanceKlass jdk/internal/util/WeakReferenceKey
instanceKlass java/lang/ThreadLocal$ThreadLocalMap$Entry
instanceKlass java/util/WeakHashMap$Entry
ciInstanceKlass java/lang/ref/WeakReference 1 1 34 10 7 12 1 1 1 10 12 1 100 1 1 1 1 1 1 1 1 1 1 1 1 1 1 1 1 1 1 1 1 1 1 1
ciMethod java/lang/ref/WeakReference <init> (Ljava/lang/Object;Ljava/lang/ref/ReferenceQueue;)V 512 0 8789 0 0
instanceKlass java/lang/ref/Finalizer
ciInstanceKlass java/lang/ref/FinalReference 1 1 50 10 7 12 1 1 1 10 7 12 1 1 1 10 12 1 1 100 1 8 1 10 12 1 1 1 1 1 1 1 1 1 1 1 1 1 1 1 1 1 1 1 1 1 1 1 1 1 100 1
instanceKlass jdk/internal/ref/PhantomCleanable
instanceKlass jdk/internal/ref/Cleaner
ciInstanceKlass java/lang/ref/PhantomReference 1 1 47 10 7 12 1 1 1 10 12 1 1 10 7 12 1 1 1 1 1 1 1 1 1 1 1 1 1 1 1 1 1 1 1 1 1 1 1 1 1 1 1 1 1 1 1 1 1
ciMethod java/lang/ref/PhantomReference clearImpl ()V 512 0 10087 0 88
ciMethod java/lang/ref/PhantomReference <init> (Ljava/lang/Object;Ljava/lang/ref/ReferenceQueue;)V 510 0 5385 0 0
ciMethod java/lang/ref/PhantomReference clear0 ()V 256 0 128 0 -1
ciInstanceKlass java/lang/ref/Finalizer 1 1 177 9 7 12 1 1 1 10 7 12 1 1 1 9 12 1 1 9 12 1 1 9 12 1 9 12 1 9 12 1 1 10 12 1 100 1 8 1 10 12 1 10 12 1 1 9 12 1 100 1 10 12 1 7 1 11 7 12 1 1 10 12 1 100 1 10 12 1 10 7 12 1 1 1 10 12 1 1 10 100 12 1 1 8 1 10 12 1 10 12 1 10 12 1 100 1 10 12 1 10 100 12 1 1 1 100 1 10 10 12 1 1 7 1 10 12 1 10 12 1 1 10 12 1 1 10 7 12 1 1 1 7 1 10 7 1 10 10 12 1 1 1 1 1 1 1 1 1 1 1 1 1 1 1 1 1 1 1 1 1 1 1 1 1 1 100 1 1 1 1 1 1 1 1 1 1 1
staticfield java/lang/ref/Finalizer lock Ljava/lang/Object; java/lang/Object
staticfield java/lang/ref/Finalizer ENABLED Z 1
staticfield java/lang/ref/Finalizer $assertionsDisabled Z 1
instanceKlass java/lang/ref/ReferenceQueue$Null
ciInstanceKlass java/lang/ref/ReferenceQueue 1 1 160 10 7 12 1 1 1 9 7 12 1 1 1 7 1 10 9 12 1 1 9 7 12 1 1 1 9 12 1 9 12 1 9 12 1 1 100 1 10 9 12 1 1 9 12 1 7 1 10 100 12 1 1 1 10 12 1 10 12 1 1 10 7 12 1 1 1 10 12 1 1 5 0 10 12 10 12 1 1 10 7 12 1 1 10 12 1 100 1 8 1 10 12 1 10 12 1 10 12 1 1 10 12 11 100 12 1 1 1 10 7 12 1 1 1 7 1 10 1 1 1 1 1 1 1 1 1 1 1 1 1 1 1 1 1 1 1 100 1 1 1 100 1 1 1 1 1 1 1 1 1 1 1 1 1 1 1 1 1 1
staticfield java/lang/ref/ReferenceQueue NULL_QUEUE Ljava/lang/ref/ReferenceQueue; java/lang/ref/ReferenceQueue$Null
staticfield java/lang/ref/ReferenceQueue ENQUEUED Ljava/lang/ref/ReferenceQueue; java/lang/ref/ReferenceQueue$Null
staticfield java/lang/ref/ReferenceQueue $assertionsDisabled Z 1
ciMethod java/lang/ref/ReferenceQueue poll ()Ljava/lang/ref/Reference; 512 0 11562 0 608
instanceKlass java/lang/reflect/Executable
instanceKlass java/lang/reflect/Field
ciInstanceKlass java/lang/reflect/AccessibleObject 1 1 374 10 7 12 1 1 1 10 7 12 1 1 1 10 7 12 1 1 1 10 12 1 1 9 12 1 1 7 1 10 7 12 1 1 1 11 12 1 100 1 10 12 1 7 1 100 1 10 12 1 1 10 12 1 1 10 12 1 1 10 12 1 1 10 12 1 1 7 1 10 7 12 1 1 1 10 12 1 1 11 10 7 12 1 1 1 10 12 1 1 10 12 1 10 12 1 10 12 1 1 10 12 1 8 1 100 1 100 1 10 10 12 1 1 8 1 10 12 1 10 12 1 8 1 8 1 8 1 8 1 8 1 8 1 8 1 8 1 8 1 100 1 10 12 1 10 12 1 9 100 12 1 1 1 10 12 1 1 10 12 1 10 100 1 100 1 8 1 10 8 1 10 12 1 8 1 10 12 1 10 12 1 1 10 100 1 8 1 10 11 7 12 1 1 1 10 12 1 1 10 12 1 1 10 12 1 1 9 12 1 1 100 1 10 12 1 7 1 10 12 1 10 12 1 1 10 100 1 10 12 1 10 12 10 12 1 10 12 1 10 12 1 1 10 12 1 9 12 1 10 100 12 1 1 8 1 10 12 1 1 8 1 10 100 12 1 1 1 9 12 1 100 1 10 7 1 10 10 7 12 1 1 1 10 7 12 1 1 1 9 12 1 1 1 1 1 1 1 1 1 1 1 1 1 1 1 1 1 1 1 1 1 1 1 1 1 1 1 1 1 1 1 1 1 1 1 1 1 1 1 1 1 1 1 1 1 1 1 1 1 1 1 1 1 1 1 1 1 1 1 1 1 1 1 1 1 1 1 1 1 1 1 1 1 1 1 1 1 1 1 1 1 1 1
staticfield java/lang/reflect/AccessibleObject reflectionFactory Ljdk/internal/reflect/ReflectionFactory; jdk/internal/reflect/ReflectionFactory
ciInstanceKlass java/lang/reflect/Method 1 1 468 9 7 12 1 1 1 10 7 12 1 1 1 10 7 12 1 1 9 12 1 1 9 12 1 1 10 12 1 1 10 12 1 1 10 12 1 1 10 7 12 1 1 10 7 12 1 1 1 9 12 1 1 9 12 1 9 12 1 1 9 12 1 9 12 1 9 12 1 1 9 12 1 9 12 1 1 9 12 1 9 12 1 100 1 8 1 10 12 1 10 12 1 9 12 1 1 10 7 12 1 1 1 10 12 1 1 10 12 1 1 10 12 1 10 12 1 1 9 7 12 1 1 1 10 12 1 1 10 12 10 7 12 1 1 10 12 1 1 10 12 1 10 12 1 10 12 1 10 7 12 1 1 1 10 12 1 1 9 12 1 10 7 1 10 100 12 1 1 1 10 7 12 1 1 10 12 1 1 10 12 1 1 10 12 1 10 7 12 1 1 1 10 12 1 10 8 1 10 12 1 10 12 1 7 1 8 1 8 1 8 1 10 12 1 10 12 1 1 10 12 1 1 10 10 12 1 1 10 12 1 11 100 1 10 12 1 9 12 1 1 10 12 1 1 10 12 1 10 12 1 1 10 12 1 1 11 7 12 1 1 1 11 12 1 9 12 1 1 10 12 1 10 12 1 10 12 1 10 12 1 10 12 1 10 12 1 9 12 1 1 10 7 12 1 1 1 10 7 12 1 1 10 12 1 1 10 7 12 1 1 1 10 7 12 1 1 1 10 7 12 1 1 1 11 7 12 1 1 1 10 7 12 1 1 1 7 1 100 1 100 1 10 12 1 10 12 1 1 10 12 1 100 1 8 1 10 12 1 10 10 12 1 1 10 12 1 1 10 12 1 1 10 12 1 1 8 1 10 12 1 1 1 1 1 1 1 1 1 1 1 1 1 1 1 1 1 1 1 1 1 1 1 1 1 1 1 1 1 1 1 1 1 1 1 1 1 1 1 1 1 1 1 1 1 1 1 1 1 1 1 1 1 100 1 100 1 100 1 1 1 1 1 1 1 1 1 1 1 1 1 1 1 1 1 1 1 1 1 1 1 1 1 1 1 1 1 1
ciInstanceKlass java/lang/reflect/Member 1 1 37 100 1 10 12 1 1 100 1 100 1 1 1 1 3 1 3 1 1 1 1 1 1 1 1 1 1 1 1 1 1 1 1 1 1 1 1
instanceKlass java/lang/reflect/Constructor
instanceKlass java/lang/reflect/Method
ciInstanceKlass java/lang/reflect/Executable 1 1 587 10 7 12 1 1 1 10 7 12 1 1 1 10 7 12 1 1 1 11 7 12 1 1 1 10 7 12 1 1 1 10 12 1 1 10 7 12 1 1 1 10 7 12 1 1 1 10 12 1 8 1 10 10 12 1 1 10 12 1 1 10 100 12 1 1 1 18 12 1 1 11 100 12 1 1 1 8 1 8 1 8 1 10 100 12 1 1 1 11 12 1 1 100 1 8 1 8 1 10 12 1 100 1 8 1 10 12 1 8 1 11 100 12 1 1 1 100 1 11 100 12 1 1 1 11 12 1 8 1 18 8 1 10 12 1 10 12 1 1 18 8 1 10 12 1 100 1 10 12 1 10 12 1 11 12 1 10 12 1 1 8 1 8 1 10 12 1 1 10 12 1 1 10 10 12 1 9 12 1 1 9 100 12 1 1 1 10 100 12 1 1 1 10 12 1 10 12 1 1 10 7 12 1 1 10 12 1 10 12 1 10 12 1 10 7 12 1 1 100 1 10 100 12 1 1 1 10 12 1 1 10 7 12 1 1 10 12 1 10 12 1 1 9 7 12 1 1 1 10 100 10 12 1 8 1 10 12 1 10 12 1 3 100 1 8 1 10 12 1 10 12 1 10 10 12 1 10 12 1 1 8 1 8 1 8 1 9 12 1 1 9 12 1 10 12 1 100 1 8 1 10 12 1 10 12 1 10 12 1 1 10 12 1 1 10 12 1 10 12 10 12 1 7 1 10 12 1 10 12 1 1 100 1 10 100 12 1 1 1 7 1 10 7 12 1 1 1 10 12 1 1 11 7 12 1 1 10 12 1 10 100 12 1 1 1 10 12 1 1 9 12 1 10 12 1 1 10 12 1 10 12 1 1 9 7 12 1 1 1 10 7 12 1 1 1 10 12 1 10 12 1 1 9 12 1 10 10 10 10 100 12 1 1 1 10 12 1 9 12 1 10 12 1 1 9 12 1 100 1 100 1 1 1 1 1 1 1 1 1 1 1 1 1 1 1 1 1 1 1 1 1 1 1 1 1 1 1 1 1 1 1 1 1 1 1 1 100 1 1 1 1 1 1 1 1 1 1 1 1 1 1 1 1 1 1 1 100 1 1 1 1 1 1 1 1 1 1 1 1 1 1 1 1 1 1 1 1 1 1 1 1 1 1 1 1 1 1 1 1 1 1 1 1 1 1 1 1 1 1 1 100 1 1 1 1 1 1 1 1 1 1 1 1 1 1 1 1 1 1 1 1 1 1 100 1 1 16 15 16 1 16 1 15 10 12 16 15 10 100 12 1 1 1 1 100 1 1 1 100 1 1 100 1 100 1 1
ciInstanceKlass java/lang/reflect/Constructor 1 1 437 10 7 12 1 1 1 10 7 12 1 1 9 7 12 1 1 1 9 12 1 1 10 12 1 1 10 12 1 1 10 12 1 1 10 7 12 1 1 10 7 12 1 1 1 9 12 1 1 9 12 1 1 9 12 1 9 12 1 1 9 12 1 9 12 1 1 9 12 1 1 9 12 1 100 1 8 1 10 12 1 10 12 1 9 12 1 1 10 7 12 1 1 1 10 12 1 1 10 12 1 1 10 12 1 7 1 100 1 8 1 10 10 12 1 10 12 1 10 12 1 1 9 100 12 1 1 1 10 7 12 1 1 10 12 1 1 10 12 1 10 12 1 1 10 7 12 1 1 1 10 100 12 1 1 10 12 1 1 10 12 1 10 100 12 1 1 1 8 1 10 10 12 1 100 1 8 1 10 12 1 10 12 1 1 10 12 1 1 10 12 1 10 12 1 10 12 1 1 10 12 1 1 9 12 1 1 10 12 1 1 10 12 1 1 10 12 1 1 11 7 12 1 1 1 10 12 1 1 10 12 1 10 12 1 10 12 1 8 1 9 12 1 1 10 7 12 1 1 1 10 7 12 1 1 10 12 1 1 10 12 1 1 10 12 1 1 10 12 1 1 10 12 1 9 100 12 1 1 10 12 1 10 12 1 10 12 1 100 1 8 1 10 10 12 1 1 10 12 1 10 10 12 1 1 10 12 1 1 10 100 12 1 1 1 11 100 12 1 1 1 10 12 1 1 9 100 12 1 1 1 10 100 12 1 1 1 10 12 1 1 1 1 1 1 1 1 1 1 1 1 1 1 1 1 1 1 1 1 1 1 1 1 1 1 1 1 1 1 1 1 1 1 1 1 1 1 1 1 1 1 1 1 1 1 1 1 1 1 1 1 1 1 1 1 100 1 100 1 100 1 100 1 1 1 1 1 1 1 1 1 1 1 1 1 1 1 1 1 1 1 1 1 1 1 1 1 1 1 1 1 1 1 1 100 1 1
ciInstanceKlass java/lang/reflect/Field 1 1 454 9 7 12 1 1 1 10 12 1 1 10 7 12 1 1 1 10 7 12 1 1 9 12 1 1 9 12 1 1 10 12 1 1 10 12 1 1 10 12 1 1 10 7 12 1 1 10 7 12 1 1 1 9 12 1 1 9 12 1 9 12 1 9 12 1 1 9 12 1 1 9 12 1 9 12 1 1 100 1 8 1 10 12 1 10 12 1 9 12 1 1 9 12 1 10 7 12 1 1 10 12 1 1 10 12 1 1 10 12 1 9 12 1 1 10 12 1 1 9 100 12 1 1 1 10 7 12 1 1 1 7 1 10 12 1 1 10 12 1 1 10 12 1 10 12 1 10 7 1 10 7 12 1 1 100 1 10 8 1 10 12 1 1 10 12 1 1 8 1 10 12 10 12 1 8 1 8 1 10 11 100 1 9 12 1 10 12 1 1 10 12 1 1 11 7 12 1 1 1 10 12 1 11 12 1 1 11 12 1 1 11 12 1 1 11 12 1 1 11 12 1 1 11 12 1 1 11 12 1 1 11 12 1 1 11 12 1 1 11 12 1 1 11 12 1 1 11 12 1 1 11 12 1 1 11 12 1 1 11 12 1 1 11 12 1 1 11 12 1 1 10 12 1 10 100 12 1 1 10 12 1 10 12 1 10 12 1 10 12 1 1 10 12 1 1 10 12 1 10 7 12 1 1 10 12 1 1 11 7 1 10 12 1 7 1 10 100 12 1 1 1 10 7 12 1 1 1 9 12 1 10 7 12 1 1 1 11 7 12 1 1 1 10 12 1 1 10 12 1 1 9 7 12 1 1 10 7 12 1 1 1 10 12 1 1 100 1 1 1 1 1 1 1 1 1 1 1 1 1 1 1 1 1 1 1 1 1 1 1 1 1 1 1 1 1 1 1 1 1 1 1 1 1 1 1 100 1 1 1 1 1 1 1 1 1 1 1 1 1 1 1 1 1 1 1 1 1 1 1 1 1 1 1 1 1 1 1 1 100 1 1 1 1 1 1 1 1 100 1 1 100 1 1
ciInstanceKlass java/lang/reflect/Parameter 1 1 256 10 7 12 1 1 1 9 7 12 1 1 1 9 12 1 1 9 12 1 1 9 12 1 10 12 1 1 10 12 1 1 10 100 12 1 1 1 100 1 10 10 12 1 1 11 100 12 1 1 1 10 12 1 10 100 12 1 1 1 10 12 1 1 10 12 1 10 12 1 8 1 8 1 10 100 12 1 1 1 10 12 1 10 12 9 100 12 1 1 1 9 100 12 1 1 1 10 12 1 1 10 12 1 1 10 100 12 1 1 1 10 12 1 8 1 10 12 1 9 12 1 1 10 12 1 1 9 12 1 1 10 12 1 1 10 12 1 1 10 12 1 1 10 12 1 10 10 12 1 10 100 12 1 1 1 10 12 1 1 11 100 12 1 1 10 100 12 1 1 100 1 10 100 12 1 1 1 10 12 1 1 10 12 1 1 10 12 1 1 10 12 1 1 9 12 1 100 1 10 11 12 1 11 12 1 1 100 1 1 1 1 1 1 1 1 1 1 1 1 1 1 1 1 1 1 1 1 1 1 1 1 1 1 1 1 1 1 1 1 1 1 1 1 1 1 1 100 1 1 1 1 1 100 1 1
ciInstanceKlass java/lang/reflect/RecordComponent 0 0 196 10 100 12 1 1 1 9 100 12 1 1 1 9 12 1 1 9 12 1 10 12 1 1 10 12 1 1 10 100 12 1 1 1 10 12 1 1 9 12 1 1 10 12 1 1 10 12 1 1 10 12 1 10 100 12 1 1 10 100 12 1 1 9 12 1 1 10 100 12 1 1 1 11 100 12 1 1 1 10 9 100 12 1 1 1 10 100 12 1 1 1 9 12 1 1 10 100 12 1 1 1 10 12 1 1 11 100 12 1 1 10 100 12 1 1 100 1 9 12 1 9 12 1 1 9 12 1 10 100 12 1 1 1 10 12 1 1 10 12 1 1 100 1 10 10 12 1 10 12 1 1 8 1 10 12 1 10 12 1 9 12 1 100 1 1 1 1 1 1 1 1 1 1 1 1 1 1 1 1 1 1 1 1 1 1 100 1 1 1 1 1 1 100 1 1
ciInstanceKlass java/lang/StringBuffer 1 1 487 10 7 12 1 1 1 10 12 1 10 12 1 10 12 1 1 9 7 12 1 1 1 10 12 1 1 10 12 1 10 12 1 1 9 12 1 1 10 12 1 10 12 1 1 10 12 1 1 10 12 1 10 12 1 1 10 12 1 10 12 1 1 10 12 1 1 10 7 12 1 1 1 10 12 1 1 10 12 1 10 12 1 10 12 1 10 12 1 10 12 1 10 12 1 10 12 1 10 12 1 10 12 1 10 12 1 10 12 1 10 12 1 10 12 1 10 12 1 1 10 12 1 10 12 1 1 10 12 1 1 10 10 12 1 1 10 12 1 10 12 1 10 12 1 10 12 1 10 12 1 10 12 1 10 12 10 12 1 10 12 1 10 12 1 10 12 1 1 10 12 1 10 12 1 10 10 12 1 1 10 12 1 10 12 1 10 12 1 8 1 10 12 1 10 10 100 12 1 1 1 10 10 12 1 1 9 12 1 1 10 100 12 1 1 10 100 1 8 10 100 12 1 1 1 8 10 12 1 8 1 10 12 1 10 12 1 10 100 12 1 1 1 10 100 12 1 1 1 7 1 10 12 100 1 8 1 10 10 12 1 1 10 12 1 1 10 12 1 10 12 1 10 12 1 1 10 12 1 10 12 1 10 12 1 10 12 1 10 12 1 10 12 10 12 1 10 12 1 10 12 1 10 12 1 10 12 1 10 12 1 10 12 1 10 12 1 10 12 1 10 12 1 10 12 10 12 10 12 1 10 12 1 10 12 1 10 12 10 12 1 10 12 1 10 12 1 10 12 1 10 12 1 10 12 1 10 12 1 10 12 1 10 12 1 10 12 1 10 12 1 7 1 10 12 1 9 7 12 1 1 1 9 7 1 9 12 1 1 100 1 100 1 100 1 100 1 1 1 1 5 0 1 1 1 1 1 1 1 1 1 1 1 1 1 1 1 1 1 1 1 1 1 1 1 1 1 1 1 1 1 1 1 1 1 1 1 1 1 1 1 1 1 1 1 1 1 1 1 1 1 1 1 1 1 1 1 1 1 1 1 1 100 1 1 1 1 1 100 1 1 1 1 1 1 1 1 1 1 1 1 1 1 1 1 1 1
staticfield java/lang/StringBuffer serialPersistentFields [Ljava/io/ObjectStreamField; 3 [Ljava/io/ObjectStreamField;
instanceKlass java/lang/StringBuilder
instanceKlass java/lang/StringBuffer
ciInstanceKlass java/lang/AbstractStringBuilder 1 1 662 7 1 10 7 12 1 1 1 9 7 12 1 1 1 9 12 1 9 12 1 1 9 12 1 1 10 7 12 1 1 1 10 12 1 1 100 1 3 3 10 12 1 10 12 1 1 10 12 1 1 11 7 1 100 1 100 1 10 8 1 10 12 1 10 12 1 10 12 1 1 10 12 1 10 12 1 9 12 1 10 12 1 9 12 1 1 10 7 12 1 1 1 10 10 12 1 10 12 1 10 12 1 1 9 12 1 100 1 8 1 10 12 1 10 12 1 1 8 1 10 7 12 1 1 1 10 12 1 1 8 1 10 7 12 1 1 1 100 1 8 1 10 100 1 10 12 1 10 12 1 1 10 7 12 1 1 1 10 12 1 1 10 12 1 1 10 12 1 1 10 12 1 1 10 7 12 1 1 1 10 12 1 100 1 10 10 100 12 1 1 1 9 12 1 1 9 12 1 10 12 1 1 10 10 12 1 1 10 12 1 1 10 12 1 1 10 12 1 1 10 12 1 1 10 12 1 1 10 12 1 1 10 12 1 10 10 10 12 1 10 12 1 1 10 8 1 10 12 1 1 10 12 1 10 12 1 10 12 1 10 10 7 12 1 1 1 10 12 1 1 10 12 1 10 12 1 10 12 1 10 12 100 1 9 12 1 1 9 12 1 10 12 1 1 100 1 9 12 1 9 12 10 12 1 10 12 1 1 10 12 1 1 10 12 1 10 12 1 1 10 12 1 10 12 1 1 10 12 1 1 10 10 7 12 1 1 1 10 12 1 10 12 1 10 12 1 1 10 12 1 10 12 1 1 10 12 1 10 12 1 10 12 1 10 12 1 10 12 1 10 12 1 10 12 1 10 12 1 1 10 12 1 10 12 1 10 12 10 12 1 1 18 12 1 1 100 1 10 100 12 1 1 1 18 10 12 1 1 10 12 1 1 10 12 1 10 12 1 10 12 1 1 10 12 1 10 12 1 1 11 12 1 1 10 12 1 10 12 1 1 10 12 1 10 12 1 10 12 1 10 5 0 10 100 1 8 1 10 10 12 1 1 10 100 12 1 1 1 10 12 1 10 12 1 1 100 1 10 12 100 1 10 100 1 10 10 7 12 1 1 100 1 1 1 1 1 1 1 1 1 1 1 100 1 1 1 1 1 1 1 1 1 1 1 1 1 1 1 1 1 1 1 1 1 1 1 1 1 1 1 1 1 1 1 1 1 1 1 1 1 1 1 1 1 1 1 1 1 1 1 1 1 1 1 1 100 1 1 1 1 1 1 1 1 1 1 1 1 1 1 1 1 1 1 1 1 1 1 1 1 1 1 1 1 1 1 1 1 1 1 1 1 1 1 1 1 1 1 1 1 1 1 1 1 1 1 1 1 1 1 1 1 1 1 1 1 1 1 1 100 1 1 1 1 1 1 100 1 1 1 1 1 1 100 1 1 16 1 15 10 12 16 15 10 12 15 10 100 12 1 1 1 1 1 1 1 100 1 100 1 1
staticfield java/lang/AbstractStringBuilder EMPTYVALUE [B 0
staticfield java/lang/AbstractStringBuilder $assertionsDisabled Z 1
ciInstanceKlass java/lang/StringBuilder 1 1 425 10 7 12 1 1 1 10 12 1 10 12 1 10 12 1 1 10 7 12 1 1 1 10 7 12 1 1 1 10 12 1 10 12 1 10 12 1 10 12 1 10 12 1 10 12 1 10 12 1 10 12 1 10 12 1 10 12 1 10 12 1 10 12 1 10 12 1 10 12 1 1 10 12 1 10 12 1 1 10 12 1 1 10 12 1 10 12 1 10 12 1 10 12 1 10 12 1 10 12 1 10 12 1 10 12 10 12 1 10 12 1 10 12 1 10 12 1 1 10 12 1 10 12 1 10 12 10 12 1 1 10 12 1 10 12 1 10 12 1 1 8 1 10 12 1 10 100 12 1 1 1 9 12 1 1 10 12 1 10 12 1 10 12 1 1 9 12 1 1 10 100 12 1 1 1 10 100 1 10 12 1 1 10 100 12 1 1 10 12 1 10 12 1 1 100 1 100 1 8 1 10 10 12 1 1 10 12 1 10 12 1 10 12 1 1 10 12 1 10 12 1 10 12 1 10 12 1 10 12 1 10 12 10 12 1 10 12 1 10 12 1 10 12 1 10 12 1 10 12 1 10 12 1 10 12 1 10 12 1 1 10 12 1 1 10 12 1 10 12 1 10 12 1 10 12 10 12 10 12 1 10 12 1 10 12 1 10 12 10 12 1 10 12 1 10 12 1 10 12 1 10 12 1 10 12 1 10 12 1 10 12 1 10 12 1 1 10 12 1 10 12 1 1 10 12 1 10 12 1 1 10 12 1 10 12 1 1 10 12 1 10 12 1 10 12 1 10 10 10 12 1 100 1 100 1 100 1 100 1 1 1 1 5 0 1 1 1 1 1 1 1 1 1 1 1 1 1 1 1 1 1 1 1 1 1 1 1 1 1 1 1 1 1 1 1 1 1 1 1 1 1 1 1 1 1 1 1 1 100 1 1 1 100 1 1 1 1 1 1 1 1 1 1 1
ciInstanceKlass java/security/CodeSource 1 1 396 10 7 12 1 1 1 9 7 12 1 1 1 9 12 1 1 9 12 1 1 9 12 1 1 10 7 12 1 1 1 9 12 1 1 10 100 12 1 1 10 100 10 100 12 1 1 1 10 12 1 1 10 12 1 1 100 1 10 10 100 12 1 1 1 10 100 12 1 1 1 10 12 1 1 100 1 10 12 1 1 10 12 1 1 10 12 1 1 10 12 1 10 10 100 1 10 12 1 1 10 100 12 1 1 1 10 12 1 1 10 12 1 10 12 1 8 1 10 12 1 10 12 1 10 12 1 1 10 12 1 8 1 10 12 1 1 10 100 1 10 10 12 1 1 8 1 10 12 1 10 12 1 10 12 1 8 1 8 1 9 12 1 1 100 1 8 1 10 12 1 10 12 1 1 8 1 10 12 1 8 1 8 1 8 1 10 100 12 1 1 10 12 1 1 10 12 1 10 12 1 1 10 12 1 1 10 12 1 1 100 1 100 1 10 12 1 10 12 10 12 1 1 10 100 12 1 1 10 12 1 100 1 10 12 10 100 12 1 1 1 10 8 1 10 12 1 10 12 1 1 100 1 10 12 1 1 100 1 100 1 8 1 8 1 10 10 12 1 1 10 100 12 1 1 1 100 1 10 12 10 12 1 1 11 100 12 1 1 10 10 12 1 11 10 12 1 8 1 100 1 10 12 1 10 12 1 1 10 12 1 11 12 1 1 100 1 1 1 1 5 0 1 1 1 1 1 1 1 1 1 1 1 1 1 1 1 1 1 1 1 1 1 1 1 1 1 1 1 1 1 1 1 1 1 1 1 1 1 1 1 1 1 1 1 1 1 1 1 1 1 1 1 1 1 1 1 1 1 1 1 1 1 1 1 1 1 1 100 1 1 1 1 1 1 1
ciMethod java/security/CodeSource <init> (Ljava/net/URL;[Ljava/security/CodeSigner;)V 520 0 3961 0 -1
ciInstanceKlass java/security/ProtectionDomain 1 1 141 10 7 12 1 1 1 9 7 12 1 1 1 9 12 1 1 9 12 1 1 10 7 12 1 1 7 1 9 12 1 9 12 1 1 7 1 9 12 1 1 9 12 1 10 100 12 1 1 10 100 12 1 1 1 10 12 1 1 10 12 1 8 1 100 1 8 1 10 12 1 10 11 12 1 1 10 100 12 1 1 1 10 12 1 1 8 1 11 8 1 10 12 1 8 1 8 1 8 1 10 12 1 8 1 8 1 1 1 1 1 1 1 1 100 1 1 100 1 1 1 1 1 1 1 1 1 1 1 1 1 1 1 1 1 1 1 100 1 1 1
instanceKlass jdk/internal/loader/Loader
instanceKlass java/net/URLClassLoader
instanceKlass jdk/internal/loader/BuiltinClassLoader
ciInstanceKlass java/security/SecureClassLoader 1 1 99 10 7 12 1 1 1 7 1 10 12 1 9 7 12 1 1 1 10 12 1 10 12 1 10 12 1 1 10 12 1 1 10 12 1 7 1 10 7 1 10 12 1 7 1 10 12 1 11 7 12 1 1 1 7 1 11 12 1 10 12 1 1 1 1 1 1 1 1 1 1 1 1 1 1 1 1 1 1 1 1 1 1 1 1 1 1 1 1 1 1 1 1 1 1 1 1 1 1
ciMethod java/security/SecureClassLoader getProtectionDomain (Ljava/security/CodeSource;)Ljava/security/ProtectionDomain; 522 0 3961 0 -1
ciMethod java/security/SecureClassLoader defineClass (Ljava/lang/String;Ljava/nio/ByteBuffer;Ljava/security/CodeSource;)Ljava/lang/Class; 2 0 1238 0 -1
ciMethod java/security/SecureClassLoader defineClass (Ljava/lang/String;[BIILjava/security/CodeSource;)Ljava/lang/Class; 546 0 2723 0 -1
ciInstanceKlass java/net/URL 1 1 736 10 7 12 1 1 1 10 12 1 10 7 12 1 1 9 12 1 1 9 12 1 10 12 1 1 9 12 1 1 10 7 12 1 1 1 8 1 10 12 1 1 100 1 10 10 12 1 1 8 1 10 12 1 1 9 12 1 100 1 8 1 10 12 1 10 12 1 8 1 9 12 1 10 12 1 1 9 12 1 10 12 1 10 12 1 9 12 1 9 12 1 8 1 9 12 1 10 12 1 1 8 1 9 12 1 1 10 12 1 1 10 7 12 1 1 1 8 1 10 12 1 7 1 10 12 1 10 12 1 10 12 1 10 12 1 1 10 12 1 1 8 1 10 12 1 1 10 12 1 8 1 9 12 1 8 1 10 12 1 10 7 12 1 1 1 100 1 10 12 1 10 12 1 1 10 7 12 1 1 1 100 1 8 1 10 10 12 1 8 1 10 12 1 1 10 12 1 10 12 1 10 12 1 10 12 1 10 12 1 10 12 1 8 1 10 12 1 8 1 10 10 100 1 10 10 12 1 8 1 10 7 12 1 1 1 10 12 1 9 12 1 1 10 12 1 10 100 12 1 1 1 100 1 10 12 1 10 12 1 10 12 1 10 12 1 10 12 1 10 12 10 10 12 1 8 1 100 1 10 100 12 1 1 1 10 12 1 1 10 12 1 10 12 1 1 8 1 9 100 12 1 1 1 10 100 12 1 1 1 10 12 1 10 12 1 10 7 12 1 1 1 10 12 1 1 10 12 1 9 12 1 1 9 12 1 1 100 1 8 1 10 9 12 1 1 10 7 12 1 1 8 1 10 7 12 1 1 8 1 10 12 1 1 10 12 1 8 1 8 1 10 7 12 1 1 1 100 1 10 7 12 1 1 1 10 12 1 10 12 1 9 7 12 1 1 1 10 7 12 1 1 10 12 1 1 10 12 1 8 1 7 1 10 7 12 1 1 1 10 12 1 1 11 7 12 1 1 11 12 1 10 12 1 10 12 1 8 9 100 12 1 1 1 10 12 1 1 10 12 1 10 12 1 1 10 7 12 1 1 11 7 1 10 12 1 10 12 1 9 12 1 10 12 1 1 10 100 12 1 1 10 100 12 1 1 1 8 10 100 12 1 1 100 1 10 8 8 10 12 1 8 8 8 100 1 10 12 1 9 12 1 1 10 12 1 10 12 1 1 10 12 1 10 12 10 12 1 1 10 12 1 1 10 10 10 12 1 10 12 1 10 12 1 10 12 1 10 12 1 10 10 12 1 100 1 8 1 10 10 10 12 1 1 10 12 1 10 12 1 1 8 1 7 1 10 10 7 1 10 12 1 9 7 12 1 1 1 9 12 1 1 7 1 10 10 7 12 1 1 1 100 1 1 1 1 1 5 0 1 1 1 1 1 1 1 1 1 1 1 1 1 1 1 1 1 1 1 1 1 1 1 1 1 1 1 1 1 1 1 1 1 1 1 1 1 1 1 1 1 1 1 1 1 1 100 1 1 1 1 1 1 1 1 1 1 1 1 1 1 1 1 1 1 1 1 1 1 1 1 1 1 1 1 1 1 1 1 1 1 1 1 100 1 1 1 1 1 1 1 1 1 1 1 1 1 1 1 1 1 1 1 1 1 1 1 100 1 1 1 1 1 1 1 1 1 1 1 1 1 1 1 1 1 1 1
staticfield java/net/URL defaultFactory Ljava/net/URLStreamHandlerFactory; java/net/URL$DefaultFactory
staticfield java/net/URL handlers Ljava/util/Hashtable; java/util/Hashtable
staticfield java/net/URL streamHandlerLock Ljava/lang/Object; java/lang/Object
staticfield java/net/URL serialPersistentFields [Ljava/io/ObjectStreamField; 7 [Ljava/io/ObjectStreamField;
ciInstanceKlass java/util/jar/Manifest 1 1 320 10 7 12 1 1 1 7 1 10 9 7 12 1 1 1 7 1 10 9 12 1 1 9 12 1 1 10 12 1 10 12 1 1 10 12 1 1 10 12 1 1 10 12 1 1 11 7 1 11 12 1 1 10 12 1 1 10 100 12 1 1 1 100 1 100 1 10 8 1 10 12 1 1 10 12 1 1 10 12 1 10 12 1 11 100 1 10 12 1 10 12 1 1 11 12 1 1 10 12 1 11 12 1 1 11 100 12 1 1 1 11 100 12 1 1 11 12 1 1 100 1 10 12 1 8 1 11 12 1 7 1 10 12 1 1 11 12 1 10 12 1 10 12 1 10 9 7 12 1 1 1 10 12 1 1 10 100 12 1 10 12 1 10 12 1 9 100 12 1 1 1 8 1 10 12 1 8 1 8 1 7 1 10 12 1 10 12 1 10 12 1 1 100 1 8 1 10 12 1 1 8 1 10 10 12 1 1 8 1 10 12 1 1 10 100 12 1 1 1 10 12 1 10 11 12 1 1 10 12 1 1 10 7 12 1 1 1 10 12 1 1 10 12 1 10 12 1 1 11 10 12 1 11 10 12 1 100 1 1 1 1 1 1 1 1 1 1 1 1 1 1 1 1 1 1 1 1 1 1 1 1 1 1 1 1 1 1 1 1 1 1 1 100 1 1 1 1 1 1 1 1 1 1 1 1 1 1 100 1 1 1 1 1 1 1 1 1 1 1
ciMethod java/util/jar/Manifest getMainAttributes ()Ljava/util/jar/Attributes; 256 0 128 0 0
ciMethod java/util/jar/Manifest getEntries ()Ljava/util/Map; 256 0 128 0 0
ciMethod java/util/jar/Manifest getAttributes (Ljava/lang/String;)Ljava/util/jar/Attributes; 548 0 2769 0 0
ciMethod java/util/jar/Manifest getTrustedAttributes (Ljava/lang/String;)Ljava/util/jar/Attributes; 548 0 2717 0 0
ciMethod java/util/jar/Manifest <init> (Ljava/util/jar/JarVerifier;Ljava/io/InputStream;Ljava/lang/String;)V 34 0 384 0 0
ciMethod java/util/jar/Manifest <init> (Ljava/io/InputStream;Ljava/lang/String;)V 34 0 65 0 0
ciMethod java/util/jar/Manifest read (Ljava/io/InputStream;Ljava/lang/String;)V 512 78 384 0 -1
ciMethod java/util/jar/Manifest parseName ([BI)Ljava/lang/String; 78 0 52 0 -1
ciInstanceKlass java/io/ByteArrayInputStream 1 1 135 10 7 12 1 1 1 9 7 12 1 1 1 9 12 1 1 9 12 1 9 12 1 10 7 12 1 1 1 10 7 12 1 1 1 10 7 12 1 1 1 10 100 12 1 1 1 10 12 1 1 10 100 12 1 1 1 100 1 100 1 100 1 3 10 100 1 10 100 12 1 1 1 9 12 1 1 100 1 10 10 7 12 1 1 1 1 1 1 1 1 1 1 1 1 1 1 1 1 1 1 1 1 1 1 1 1 1 1 1 1 1 1 1 1 1 1 1 100 1 100 1 1 1 1 1 1 1 1 1 1 1 1 1 1
staticfield java/io/ByteArrayInputStream $assertionsDisabled Z 1
ciMethod java/io/ByteArrayInputStream <init> ([B)V 18 0 407 0 0
instanceKlass java/nio/IntBuffer
instanceKlass java/nio/CharBuffer
instanceKlass java/nio/LongBuffer
instanceKlass java/nio/ByteBuffer
ciInstanceKlass java/nio/Buffer 1 1 259 100 1 10 7 12 1 1 1 9 7 12 1 1 1 9 12 1 9 12 1 1 9 12 1 9 12 1 1 10 12 1 1 10 12 1 1 10 12 100 1 100 1 10 8 1 10 12 1 1 10 12 1 8 1 8 1 10 12 1 1 10 12 1 8 1 9 12 1 1 100 1 8 1 10 12 1 8 1 8 1 9 12 10 12 1 8 1 8 1 8 1 10 12 1 8 1 8 1 8 1 100 1 10 100 1 10 100 1 10 9 12 1 1 10 7 12 1 1 1 100 1 10 12 1 1 10 12 1 10 100 12 1 1 10 7 12 1 1 1 10 7 12 1 1 1 9 12 1 1 10 7 12 1 1 1 9 12 1 1 7 1 10 10 12 1 1 7 1 10 10 7 12 1 1 1 1 1 3 1 1 1 1 1 1 1 1 1 1 1 1 1 1 100 1 1 1 1 1 1 1 100 1 1 1 1 1 1 1 1 1 1 1 1 1 1 1 1 1 1 1 1 1 1 1 1 1 1 1 1 1 1 1 1 1 1 1 1 1 1 1 1 1 1 100 1 100 1 100 1 100 1 100 1 100 1 100 1 1
staticfield java/nio/Buffer UNSAFE Ljdk/internal/misc/Unsafe; jdk/internal/misc/Unsafe
staticfield java/nio/Buffer SCOPED_MEMORY_ACCESS Ljdk/internal/misc/ScopedMemoryAccess; jdk/internal/misc/ScopedMemoryAccess
staticfield java/nio/Buffer IOOBE_FORMATTER Ljava/util/function/BiFunction; jdk/internal/util/Preconditions$4
staticfield java/nio/Buffer $assertionsDisabled Z 1
ciInstanceKlass jdk/internal/util/Preconditions 1 1 194 10 100 12 1 1 1 11 100 12 1 1 1 11 100 12 1 1 1 100 1 100 1 10 7 12 1 1 1 10 12 1 8 1 100 1 10 100 12 1 1 1 10 12 1 1 8 1 8 1 10 100 12 1 1 7 1 10 12 1 8 1 10 100 12 1 1 1 8 1 10 12 1 1 10 12 1 1 11 12 1 8 1 8 1 11 12 1 1 8 1 8 1 8 1 10 12 1 1 10 12 1 1 10 12 1 10 12 1 10 12 1 10 12 7 1 10 10 12 1 1 9 12 1 1 7 1 10 9 12 1 7 1 10 9 12 1 1 1 1 1 1 1 1 1 1 1 1 1 1 1 1 1 1 1 1 1 1 1 1 1 1 1 1 1 1 1 1 1 1 1 1 1 1 1 1 1 1 1 1 1 1 1 1 1 1 1 1 1 1 1 1 1 1
staticfield jdk/internal/util/Preconditions SIOOBE_FORMATTER Ljava/util/function/BiFunction; jdk/internal/util/Preconditions$4
staticfield jdk/internal/util/Preconditions AIOOBE_FORMATTER Ljava/util/function/BiFunction; jdk/internal/util/Preconditions$4
staticfield jdk/internal/util/Preconditions IOOBE_FORMATTER Ljava/util/function/BiFunction; jdk/internal/util/Preconditions$4
ciInstanceKlass jdk/internal/util/Preconditions$4 1 1 61 9 7 12 1 1 1 10 7 12 1 1 1 10 100 12 1 1 1 11 100 12 1 1 1 100 1 100 1 100 1 10 12 1 100 1 1 1 1 1 1 1 1 1 1 1 1 1 1 1 1 1 1 1 1 1 12 1 1 1 1
ciInstanceKlass java/util/function/BiFunction 1 1 65 10 100 12 1 1 1 18 12 1 1 11 100 12 1 1 11 100 12 1 100 1 1 1 1 1 1 1 1 1 1 1 1 1 1 1 1 1 1 1 1 1 1 1 1 1 1 1 16 15 11 12 15 10 100 12 1 1 1 1 100 1 100 1 1
ciInstanceKlass java/util/function/Function 1 1 77 10 7 12 1 1 1 18 12 1 1 18 18 12 1 11 7 12 1 100 1 1 1 1 1 1 1 1 1 1 1 1 1 1 1 1 1 1 1 1 1 1 1 1 1 1 1 1 1 1 1 1 1 1 16 15 11 12 15 11 12 15 11 12 15 10 7 12 1 1 1 1 100 1 100 1 1
ciMethod jdk/internal/util/Preconditions checkIndex (IILjava/util/function/BiFunction;)I 530 0 5534 0 -1
ciMethod jdk/internal/util/Preconditions checkFromToIndex (IIILjava/util/function/BiFunction;)I 528 0 41184 0 184
ciMethod jdk/internal/util/Preconditions checkFromIndexSize (IIILjava/util/function/BiFunction;)I 518 0 167365 0 168
ciMethod jdk/internal/util/Preconditions outOfBoundsCheckFromToIndex (Ljava/util/function/BiFunction;III)Ljava/lang/RuntimeException; 0 0 1 0 -1
ciMethod jdk/internal/util/Preconditions outOfBoundsCheckFromIndexSize (Ljava/util/function/BiFunction;III)Ljava/lang/RuntimeException; 0 0 1 0 -1
ciInstanceKlass java/lang/AssertionStatusDirectives 0 0 24 10 100 12 1 1 1 100 1 1 1 1 1 1 1 1 1 1 1 1 1 1 1 1
instanceKlass com/sun/tools/javac/comp/Infer$IncorporationBinaryOpKey
instanceKlass com/sun/tools/javac/code/TypeMetadata$ConstantValue
instanceKlass com/sun/tools/javac/code/Symbol$ClassSymbol$PermittedClassWithPos
instanceKlass com/sun/tools/javac/comp/Lower$TypePairs
instanceKlass com/sun/tools/javac/jvm/Gen$PatternMatchingCatchConfiguration
instanceKlass java/text/DecimalFormat$NumericPosition
instanceKlass sun/security/pkcs/PKCS9Attribute$AttributeInfo
instanceKlass javax/crypto/KDF$Delegate
instanceKlass jdk/net/UnixDomainPrincipal
instanceKlass jdk/internal/classfile/impl/AbstractInstruction$SwitchCaseImpl
instanceKlass jdk/internal/misc/ThreadTracker$ThreadRef
instanceKlass java/util/Formatter$FixedString
instanceKlass java/lang/invoke/StringConcatFactory$InlineHiddenClassStrategy$MethodHandlePair
instanceKlass java/lang/reflect/Executable$ParameterData
instanceKlass jdk/internal/classfile/impl/StackCounter$Target
instanceKlass jdk/internal/classfile/impl/StackMapDecoder$StackMapFrameImpl
instanceKlass jdk/internal/classfile/impl/StackMapDecoder$ObjectVerificationTypeInfoImpl
instanceKlass java/lang/reflect/Proxy$ProxyBuilder$ProxyClassContext
instanceKlass java/lang/ClassValue$Version
instanceKlass sun/util/locale/LanguageTag
instanceKlass java/util/stream/Collectors$CollectorImpl
instanceKlass java/lang/invoke/MethodHandles$Lookup$ClassDefiner
instanceKlass jdk/internal/classfile/impl/ClassHierarchyImpl$ClassHierarchyInfoImpl
instanceKlass java/lang/classfile/ClassHierarchyResolver$1Factory
instanceKlass jdk/internal/classfile/impl/RawBytecodeHelper$CodeRange
instanceKlass jdk/internal/classfile/impl/StackMapGenerator$Type
instanceKlass jdk/internal/classfile/impl/Util$1WithCodeMethodHandler
instanceKlass jdk/internal/classfile/impl/DirectCodeBuilder$DeferredLabel
instanceKlass java/lang/invoke/InvokerBytecodeGenerator$ClassData
instanceKlass jdk/internal/classfile/impl/AnnotationImpl
instanceKlass java/security/SecureClassLoader$CodeSourceKey
instanceKlass java/util/zip/ZipFile$EntryPos
instanceKlass sun/nio/fs/WindowsPathParser$Result
instanceKlass jdk/internal/reflect/ReflectionFactory$Config
instanceKlass jdk/internal/foreign/abi/UpcallLinker$CallRegs
instanceKlass jdk/internal/foreign/abi/VMStorage
ciInstanceKlass java/lang/Record 1 1 22 10 7 12 1 1 1 100 1 1 1 1 1 1 1 1 1 1 1 1 1 1
ciInstanceKlass java/util/concurrent/ConcurrentHashMap 1 1 1219 100 1 7 1 10 7 12 1 1 1 10 12 1 1 9 12 1 1 3 10 7 12 1 1 1 3 100 1 10 7 12 1 1 1 100 1 10 100 12 1 1 1 100 1 11 12 1 1 11 12 1 11 12 1 1 9 12 1 1 9 12 1 9 12 1 1 10 7 12 1 1 1 7 1 10 12 1 1 10 12 1 1 10 7 12 1 1 1 4 10 12 1 11 7 12 1 1 10 12 1 10 12 1 1 100 1 10 5 0 10 12 1 9 12 1 10 12 1 1 5 0 10 12 1 10 12 1 9 12 1 1 10 12 1 1 9 12 1 9 12 1 1 10 12 1 1 9 12 1 10 12 1 1 9 12 1 1 10 12 1 1 100 1 10 7 1 10 12 1 10 12 1 1 10 12 1 1 10 12 1 1 10 12 1 10 12 1 1 10 12 1 1 7 1 10 12 1 1 7 1 100 1 8 1 10 12 1 10 12 1 1 10 12 1 1 10 10 12 1 11 12 1 1 11 7 12 1 1 1 11 7 12 1 1 1 11 12 1 7 1 11 12 1 11 12 1 10 12 1 1 10 12 1 1 9 12 1 1 10 7 12 1 1 1 9 10 12 1 1 9 12 1 10 12 1 1 5 0 9 12 1 1 7 1 10 12 1 9 12 1 1 7 1 10 12 1 9 12 1 7 1 10 100 1 10 10 12 1 1 8 1 10 12 1 10 12 1 1 11 100 1 10 12 1 10 100 12 1 1 1 8 1 10 100 12 1 1 1 8 1 10 12 1 8 1 10 12 1 10 12 1 1 10 100 12 1 1 10 12 1 10 12 1 10 12 1 9 12 1 9 10 12 1 9 12 1 11 7 12 1 1 1 11 7 12 1 1 1 100 1 10 12 11 100 12 1 1 10 11 7 12 1 10 12 1 100 1 10 12 1 100 1 10 10 9 7 12 1 1 1 3 10 100 12 1 1 9 12 1 10 12 1 1 9 12 1 1 9 12 1 10 12 1 1 10 100 12 1 1 9 12 1 9 7 12 1 1 10 12 1 1 10 12 1 3 9 12 1 9 12 1 10 12 1 1 7 1 9 3 100 1 10 12 1 9 12 1 10 12 1 9 12 1 10 12 1 9 12 1 10 100 12 1 1 1 100 10 12 1 100 1 5 0 10 100 12 1 1 100 1 10 12 1 1 10 12 1 10 12 1 100 1 10 12 1 10 100 1 100 1 10 10 12 1 10 100 1 10 12 1 10 100 1 10 12 1 10 100 1 10 12 1 1 100 1 10 12 1 10 10 12 1 100 1 10 12 1 10 10 12 1 100 1 10 12 1 10 100 1 10 12 1 10 100 1 10 12 1 10 100 1 10 12 1 10 100 1 10 12 1 10 100 1 10 12 1 10 100 1 10 12 1 10 100 1 10 12 1 10 100 1 10 10 100 1 10 10 100 1 10 10 100 1 10 12 1 10 100 1 10 12 1 10 100 1 10 12 1 10 100 1 10 12 1 10 100 1 10 12 1 10 100 1 10 10 100 1 10 10 100 1 10 10 100 1 10 12 1 10 100 1 10 12 1 10 100 1 10 12 1 10 100 1 10 12 1 10 100 1 10 12 1 10 10 12 1 10 12 1 7 1 7 1 10 12 1 9 12 1 1 9 12 1 1 10 12 1 1 8 10 12 1 1 8 8 8 8 7 10 12 1 1 10 12 1 1 100 1 8 1 10 7 1 100 1 100 1 1 1 5 0 1 1 3 1 3 1 1 1 1 3 1 3 1 3 1 1 1 1 1 3 1 3 1 3 1 1 1 1 1 1 1 1 1 1 1 1 1 1 1 1 1 1 1 1 1 1 1 1 1 1 1 100 1 1 1 1 1 1 1 1 1 1 1 1 1 1 1 1 1 1 1 1 1 1 1 1 1 1 1 1 1 1 1 1 1 1 1 1 1 1 1 1 1 1 1 1 1 1 1 1 1 1 1 1 1 1 1 1 1 1 1 1 1 1 1 1 1 1 1 1 1 1 1 1 1 1 1 1 1 1 1 1 1 1 1 1 100 1 1 1 1 1 1 1 1 1 1 1 100 1 1 1 1 1 1 1 1 1 1 1 1 1 1 1 1 1 1 1 1 1 1 1 1 1 1 1 1 1 1 1 1 1 1 1 1 1 1 1 1 1 1 1 1 1 1 1 1 1 1 1 1 1 1 1 1 1 1 1 1 1 1 1 1 1 1 1 1 1 1 1 1 1 1 1 1 1 1 1 1 1 1 1 1 1 1 1 1 1 1 1 1 1 1 1 1 1 1 1 1 1 1 1 1 1 1 1 1 1 1 1 1 1 1 1 1 1 1 1 1 1 1 1 1 1 1 1 1 1 1 1 1 1 1 1 1 1 1 1 1 1 1 1 1 1 1 1 1 1 1 1 1 1 1 1 1 1 1 1 1 1 1 1 1 1 1 1 1 1 1 1 1 1 1 1 1 1 1 1 1 1 1 1 1 1 1 1 1 1 1 1 1 1 1 1 1 1 1 1 1 1 1 1 1 1 1 1 1 1 1 1 1 1 1 1 1 1 1 1 1 1 1 1 100 1 100 1 100 1 100 1 100 1 100 1 100 1 100 1 100 1 1 1 1 1 1 1 1 1 1 1 1 1 1 1 1 1 1 1 1 1 1 1 1 1 1 1 1 1 1 1 1 1 1 1 1 1 1 1 1 1 1 1 1 1 1 1 1 1 1 1 1 1 1 1 1 1 1
staticfield java/util/concurrent/ConcurrentHashMap serialPersistentFields [Ljava/io/ObjectStreamField; 3 [Ljava/io/ObjectStreamField;
staticfield java/util/concurrent/ConcurrentHashMap U Ljdk/internal/misc/Unsafe; jdk/internal/misc/Unsafe
staticfield java/util/concurrent/ConcurrentHashMap SIZECTL J 44
staticfield java/util/concurrent/ConcurrentHashMap TRANSFERINDEX J 56
staticfield java/util/concurrent/ConcurrentHashMap BASECOUNT J 48
staticfield java/util/concurrent/ConcurrentHashMap CELLSBUSY J 60
staticfield java/util/concurrent/ConcurrentHashMap CELLVALUE J 144
staticfield java/util/concurrent/ConcurrentHashMap ABASE J 16
staticfield java/util/concurrent/ConcurrentHashMap ASHIFT I 2
instanceKlass org/apache/maven/project/DefaultProjectBuilder$1
instanceKlass java/util/concurrent/ConcurrentSkipListMap
instanceKlass java/util/Collections$SingletonMap
instanceKlass org/eclipse/sisu/wire/EntryMapAdapter
instanceKlass com/google/common/collect/Maps$ViewCachingAbstractMap
instanceKlass com/google/common/collect/MapMakerInternalMap
instanceKlass org/eclipse/sisu/wire/MergedProperties
instanceKlass com/google/common/cache/LocalCache
instanceKlass java/util/EnumMap
instanceKlass java/util/TreeMap
instanceKlass java/util/IdentityHashMap
instanceKlass java/util/WeakHashMap
instanceKlass java/util/Collections$EmptyMap
instanceKlass sun/util/PreHashedMap
instanceKlass java/util/HashMap
instanceKlass java/util/ImmutableCollections$AbstractImmutableMap
instanceKlass java/util/concurrent/ConcurrentHashMap
ciInstanceKlass java/util/AbstractMap 1 1 198 10 7 12 1 1 1 10 7 12 1 1 1 11 7 12 1 1 1 10 11 12 1 1 11 7 12 1 1 1 11 12 1 1 7 1 11 12 1 10 12 1 1 11 12 1 100 1 10 11 12 1 11 7 1 10 12 1 1 11 12 1 9 12 1 1 7 1 10 12 1 9 12 1 1 7 1 10 11 11 12 1 1 11 12 1 100 1 100 1 11 12 1 8 1 100 1 10 10 12 1 1 8 1 10 12 1 10 12 1 1 10 12 1 1 1 1 1 1 1 1 1 1 1 1 1 1 1 1 1 1 1 1 1 1 1 1 1 1 1 1 1 1 1 1 1 1 1 1 1 1 1 1 100 1 1 1 1 1 1 1 100 1 1 1 1 1 1 1 1 1 7 1 1 1 1 1 1 1 1 1 100 1 100 1 100 1 100 1 100 1 1 1 1 1 1 1 1
ciMethod java/util/concurrent/ConcurrentHashMap get (Ljava/lang/Object;)Ljava/lang/Object; 4452 314 13668 0 664
ciMethod java/util/concurrent/ConcurrentHashMap putIfAbsent (Ljava/lang/Object;Ljava/lang/Object;)Ljava/lang/Object; 1024 0 13909 0 104
ciInstanceKlass java/util/concurrent/ConcurrentMap 1 1 201 11 100 12 1 1 1 10 100 12 1 1 11 12 1 1 11 100 12 1 1 1 11 100 12 1 1 1 11 12 1 1 100 1 11 12 1 11 12 1 100 1 11 100 12 1 1 1 18 12 1 11 12 1 1 11 100 12 1 1 11 12 1 1 11 100 12 1 11 12 1 1 11 12 1 1 100 1 100 1 1 1 1 1 1 1 1 1 1 1 1 1 1 1 1 1 1 1 1 1 1 1 1 1 1 1 1 1 1 1 1 1 1 1 1 1 1 1 1 1 1 1 1 1 1 1 1 1 1 1 1 1 1 1 1 1 1 1 1 16 15 11 12 15 10 100 12 1 1 1 1 1 100 1 100 1 1 1 100 1 8 1 1 12 10 1 8 1 1 1 8 1 8 1 1 8 1 1 1 8 1 1 1 8 1 1 8 1 8 1 1 1 8 1 1 8 1 1 1 8 1
ciInstanceKlass java/util/Collection 1 1 115 11 100 12 1 1 1 100 1 11 7 12 1 1 1 10 100 12 1 1 1 11 12 1 1 11 100 12 1 1 1 11 12 1 1 11 100 12 1 1 1 11 12 1 1 10 7 12 1 1 1 11 12 1 10 7 12 1 1 1 100 1 100 1 1 1 1 1 1 1 1 1 1 1 1 1 1 1 1 1 1 1 1 1 1 1 1 1 1 1 1 1 1 1 1 1 1 1 1 1 1 1 1 1 1 1 1 1 1 1 1 1 1 1 1
ciInstanceKlass java/util/Deque 1 1 100 10 100 12 1 1 1 11 100 12 1 1 1 100 1 100 1 100 1 1 1 1 1 1 1 1 1 1 1 1 1 1 1 1 1 1 1 1 1 1 1 1 1 1 1 1 1 1 1 1 1 1 1 1 1 1 1 1 1 1 1 1 1 1 1 1 1 1 1 1 1 100 1 8 1 1 12 10 1 1 1 8 1 1 1 8 1 1 1 8 1 1 8 1 1 8 1 1 8 1
instanceKlass jdk/internal/loader/ClassLoaders$BootClassLoader
instanceKlass jdk/internal/loader/ClassLoaders$PlatformClassLoader
instanceKlass jdk/internal/loader/ClassLoaders$AppClassLoader
ciInstanceKlass jdk/internal/loader/BuiltinClassLoader 1 1 652 9 7 12 1 1 1 10 7 12 1 1 1 10 7 12 1 1 1 9 12 1 1 9 12 1 1 7 1 10 12 1 9 12 1 10 12 1 9 12 1 10 7 12 1 1 1 10 7 12 1 1 1 10 7 12 1 1 1 11 7 12 1 1 1 100 1 100 1 10 10 12 1 1 8 1 10 12 1 10 12 7 1 10 12 1 10 12 1 1 11 7 12 1 1 1 11 7 12 1 1 1 11 12 1 1 7 1 8 1 8 1 10 9 12 1 1 10 7 12 1 1 11 12 1 1 10 12 1 1 10 12 1 1 10 12 1 1 11 7 12 1 1 1 10 7 12 1 1 7 1 10 7 12 1 1 1 10 7 12 1 1 1 10 12 1 10 12 1 100 1 8 1 10 12 1 1 10 8 1 10 12 1 1 10 12 1 1 10 12 1 1 11 7 12 1 1 11 12 1 7 1 10 11 12 1 1 11 10 12 1 1 7 1 10 12 1 10 7 12 1 10 12 1 11 12 1 1 11 7 1 11 12 1 7 1 10 12 1 1 100 1 100 1 11 12 1 1 10 12 1 10 12 10 12 1 10 7 12 1 1 1 7 1 10 10 12 1 1 10 12 1 1 10 12 1 1 10 12 1 9 12 1 1 100 1 10 10 12 1 1 10 12 1 1 10 12 1 10 12 10 12 1 1 10 12 1 1 10 12 1 1 10 12 1 10 12 1 1 10 12 1 1 10 12 1 10 12 1 1 10 12 1 7 1 10 12 10 7 12 1 1 1 10 12 1 11 12 1 7 1 10 12 1 7 1 100 1 10 12 1 10 12 1 11 12 1 1 10 12 1 1 10 12 1 1 10 12 1 1 10 12 1 1 10 12 1 10 12 1 10 12 1 10 12 1 8 1 10 12 1 1 10 7 12 1 1 10 12 1 100 1 8 1 8 1 10 10 12 1 8 1 8 1 10 7 12 1 1 1 11 7 12 1 1 1 9 7 12 1 1 1 10 7 12 1 1 1 9 12 1 9 12 1 9 12 1 9 12 1 9 12 1 9 12 1 10 7 12 1 1 1 8 1 10 12 1 7 1 10 11 12 1 1 10 12 10 12 1 10 12 1 100 1 10 12 1 10 12 1 11 11 12 1 10 7 12 1 1 10 7 12 1 1 8 1 10 7 12 1 1 10 12 1 1 1 1 1 1 1 1 1 1 1 1 1 1 1 1 1 1 1 1 1 1 1 1 1 1 1 1 1 1 1 1 1 1 1 1 1 1 1 1 1 1 1 1 1 1 1 1 1 1 1 1 1 1 1 100 1 1 1 1 1 1 1 1 1 1 1 1 1 100 1 100 1 1 1 1 1 1 1 1 1 1 1 1 1 1 1 1 1 1 1 1 1 1 1 1 1 1 1 1 1 1 1 1 1 1 1 1 1 1 1 1 1 1 1 1 1 1 1 100 1 1 1 100 1 1 1 1 1
staticfield jdk/internal/loader/BuiltinClassLoader packageToModule Ljava/util/Map; java/util/concurrent/ConcurrentHashMap
staticfield jdk/internal/loader/BuiltinClassLoader $assertionsDisabled Z 1
ciMethod jdk/internal/loader/BuiltinClassLoader loadClass (Ljava/lang/String;Z)Ljava/lang/Class; 512 0 4860 94 0
ciMethod jdk/internal/loader/BuiltinClassLoader hasClassPath ()Z 272 0 6835 0 -1
ciMethod jdk/internal/loader/BuiltinClassLoader loadClassOrNull (Ljava/lang/String;Z)Ljava/lang/Class; 512 0 5593 0 4336
ciMethod jdk/internal/loader/BuiltinClassLoader findLoadedModule (Ljava/lang/String;)Ljdk/internal/loader/BuiltinClassLoader$LoadedModule; 446 0 5356 0 -1
ciMethod jdk/internal/loader/BuiltinClassLoader findClassInModuleOrNull (Ljdk/internal/loader/BuiltinClassLoader$LoadedModule;Ljava/lang/String;)Ljava/lang/Class; 0 0 182 0 -1
ciMethod jdk/internal/loader/BuiltinClassLoader findClassOnClassPathOrNull (Ljava/lang/String;)Ljava/lang/Class; 136 0 2506 0 -1
ciMethod jdk/internal/loader/BuiltinClassLoader loadClassOrNull (Ljava/lang/String;)Ljava/lang/Class; 446 0 5387 0 -1
ciInstanceKlass jdk/internal/loader/ClassLoaders$AppClassLoader 1 1 57 8 1 10 7 12 1 1 1 10 7 12 1 1 1 10 12 1 1 10 7 12 1 1 1 100 1 10 12 1 1 1 1 1 1 1 1 1 1 1 1 1 1 1 1 1 1 1 1 1 1 1 1 7 1 1 1
ciInstanceKlass jdk/internal/loader/ClassLoaders$PlatformClassLoader 1 1 42 8 1 10 7 12 1 1 1 10 7 12 1 1 1 100 1 10 12 1 100 1 1 1 1 1 1 1 1 1 1 1 1 1 1 100 1 1 1 100 1 1
ciInstanceKlass java/lang/ArithmeticException 1 1 26 10 100 12 1 1 1 10 12 1 100 1 1 1 1 5 0 1 1 1 1 1 1 1 1 1
instanceKlass lombok/javac/handlers/HandleDelegate$CantMakeDelegates
instanceKlass lombok/javac/JavacResolution$TypeNotConvertibleException
instanceKlass lombok/javac/handlers/HandleDelegate$CantMakeDelegates
instanceKlass lombok/javac/JavacResolution$TypeNotConvertibleException
instanceKlass com/sun/tools/javac/parser/ReferenceParser$ParseException
instanceKlass com/sun/tools/javac/jvm/JNIWriter$TypeSignature$SignatureException
instanceKlass com/sun/tools/javac/jvm/ModuleNameReader$BadClassFile
instanceKlass com/sun/tools/javac/util/ByteBuffer$UnderflowException
instanceKlass com/sun/tools/javac/util/InvalidUtfException
instanceKlass com/sun/tools/javac/platform/PlatformProvider$PlatformNotSupported
instanceKlass jdk/javadoc/internal/doclint/DocLint$BadArgs
instanceKlass com/sun/tools/javac/main/Option$InvalidValueException
instanceKlass org/codehaus/plexus/util/cli/CommandLineException
instanceKlass org/codehaus/plexus/compiler/util/scan/InclusionScanException
instanceKlass org/codehaus/plexus/compiler/CompilerException
instanceKlass org/codehaus/plexus/compiler/manager/NoSuchCompilerException
instanceKlass org/codehaus/plexus/interpolation/InterpolationException
instanceKlass org/apache/maven/artifact/DependencyResolutionRequiredException
instanceKlass org/codehaus/plexus/util/introspection/MethodMap$AmbiguousException
instanceKlass org/xml/sax/SAXException
instanceKlass javax/xml/parsers/ParserConfigurationException
instanceKlass org/apache/maven/shared/filtering/MavenFilteringException
instanceKlass org/codehaus/plexus/interpolation/reflection/MethodMap$AmbiguousException
instanceKlass sun/security/pkcs11/wrapper/PKCS11Exception
instanceKlass javax/naming/NamingException
instanceKlass java/net/URISyntaxException
instanceKlass sun/nio/fs/WindowsException
instanceKlass org/apache/maven/model/resolution/InvalidRepositoryException
instanceKlass org/apache/maven/model/resolution/UnresolvableModelException
instanceKlass org/apache/maven/cli/internal/ExtensionResolutionException
instanceKlass org/apache/maven/toolchain/building/ToolchainsBuildingException
instanceKlass org/apache/maven/execution/MavenExecutionRequestPopulationException
instanceKlass org/apache/maven/project/interpolation/ModelInterpolationException
instanceKlass org/apache/maven/configuration/BeanConfigurationException
instanceKlass org/apache/maven/settings/building/SettingsBuildingException
instanceKlass org/apache/maven/model/building/ModelBuildingException
instanceKlass org/apache/maven/artifact/repository/metadata/RepositoryMetadataReadException
instanceKlass org/apache/maven/artifact/repository/metadata/RepositoryMetadataStoreException
instanceKlass org/apache/maven/repository/legacy/resolver/conflict/ConflictResolverNotFoundException
instanceKlass org/apache/maven/repository/metadata/MetadataResolutionException
instanceKlass org/apache/maven/plugin/version/PluginVersionNotFoundException
instanceKlass org/apache/maven/plugin/InvalidPluginException
instanceKlass org/sonatype/plexus/components/sec/dispatcher/SecDispatcherException
instanceKlass org/sonatype/plexus/components/cipher/PlexusCipherException
instanceKlass org/codehaus/plexus/configuration/PlexusConfigurationException
instanceKlass org/codehaus/plexus/component/composition/CycleDetectedInComponentGraphException
instanceKlass org/codehaus/plexus/component/configurator/expression/ExpressionEvaluationException
instanceKlass org/codehaus/plexus/component/configurator/ComponentConfigurationException
instanceKlass org/apache/maven/artifact/installer/ArtifactInstallationException
instanceKlass org/apache/maven/repository/metadata/MetadataGraphTransformationException
instanceKlass org/apache/maven/repository/metadata/GraphConflictResolutionException
instanceKlass org/apache/http/HttpException
instanceKlass org/apache/maven/toolchain/MisconfiguredToolchainException
instanceKlass java/security/GeneralSecurityException
instanceKlass org/codehaus/plexus/component/repository/exception/ComponentLifecycleException
instanceKlass org/apache/maven/lifecycle/LifecycleExecutionException
instanceKlass org/apache/maven/lifecycle/internal/builder/BuilderNotFoundException
instanceKlass org/apache/maven/lifecycle/NoGoalSpecifiedException
instanceKlass org/apache/maven/lifecycle/MissingProjectException
instanceKlass org/apache/maven/plugin/PluginConfigurationException
instanceKlass org/apache/maven/lifecycle/LifecycleNotFoundException
instanceKlass org/apache/maven/lifecycle/LifecyclePhaseNotFoundException
instanceKlass org/apache/maven/plugin/prefix/NoPluginFoundForPrefixException
instanceKlass org/apache/maven/plugin/MojoNotFoundException
instanceKlass org/codehaus/plexus/personality/plexus/lifecycle/phase/InitializationException
instanceKlass org/apache/maven/artifact/resolver/AbstractArtifactResolutionException
instanceKlass org/apache/maven/artifact/deployer/ArtifactDeploymentException
instanceKlass org/apache/maven/repository/ArtifactDoesNotExistException
instanceKlass org/apache/maven/repository/ArtifactTransferFailedException
instanceKlass org/apache/maven/wagon/WagonException
instanceKlass org/apache/maven/project/DependencyResolutionException
instanceKlass org/eclipse/aether/RepositoryException
instanceKlass org/apache/maven/plugin/PluginManagerException
instanceKlass org/apache/maven/plugin/version/PluginVersionResolutionException
instanceKlass org/apache/maven/BuildFailureException
instanceKlass org/codehaus/plexus/util/dag/CycleDetectedException
instanceKlass org/apache/maven/MavenExecutionException
instanceKlass org/apache/maven/project/DuplicateProjectException
instanceKlass org/apache/maven/artifact/InvalidRepositoryException
instanceKlass org/apache/maven/repository/legacy/metadata/ArtifactMetadataRetrievalException
instanceKlass org/apache/maven/artifact/repository/metadata/RepositoryMetadataResolutionException
instanceKlass org/apache/maven/project/ProjectBuildingException
instanceKlass org/apache/maven/artifact/versioning/InvalidVersionSpecificationException
instanceKlass org/apache/maven/plugin/InvalidPluginDescriptorException
instanceKlass org/apache/maven/plugin/PluginResolutionException
instanceKlass org/apache/maven/plugin/PluginDescriptorParsingException
instanceKlass org/apache/maven/plugin/AbstractMojoExecutionException
instanceKlass java/util/concurrent/TimeoutException
instanceKlass com/google/common/collect/RegularImmutableMap$BucketOverflowException
instanceKlass java/util/concurrent/ExecutionException
instanceKlass java/lang/InterruptedException
instanceKlass com/google/inject/internal/ErrorsException
instanceKlass com/google/inject/internal/InternalProvisionException
instanceKlass org/codehaus/plexus/context/ContextException
instanceKlass java/text/ParseException
instanceKlass org/codehaus/plexus/PlexusContainerException
instanceKlass org/codehaus/plexus/component/repository/exception/ComponentLookupException
instanceKlass org/codehaus/plexus/util/xml/pull/XmlPullParserException
instanceKlass java/lang/CloneNotSupportedException
instanceKlass org/apache/commons/cli/ParseException
instanceKlass org/codehaus/plexus/interpolation/InterpolationException
instanceKlass org/apache/maven/cli/MavenCli$ExitException
instanceKlass org/codehaus/plexus/classworlds/launcher/ConfigurationException
instanceKlass java/io/IOException
instanceKlass org/codehaus/plexus/classworlds/ClassWorldException
instanceKlass java/lang/ReflectiveOperationException
instanceKlass java/lang/RuntimeException
ciInstanceKlass java/lang/Exception 1 1 40 10 7 12 1 1 1 10 12 1 10 12 1 10 12 1 10 12 1 100 1 1 1 1 5 0 1 1 1 1 1 1 1 1 1 1 1 1 1 1
ciMethod java/lang/Exception <init> (Ljava/lang/String;Ljava/lang/Throwable;)V 512 0 6336 0 -1
instanceKlass lombok/core/AnnotationValues$AnnotationValueDecodeFail
instanceKlass lombok/core/AnnotationValues$AnnotationValueDecodeFail
instanceKlass java/lang/LayerInstantiationException
instanceKlass javax/lang/model/UnknownEntityException
instanceKlass com/sun/tools/javac/jvm/Gen$CodeSizeOverflow
instanceKlass com/sun/tools/javac/code/Types$AdaptFailure
instanceKlass com/sun/tools/javac/comp/Attr$BreakAttr
instanceKlass com/sun/tools/javac/util/CompilerInternalException
instanceKlass com/sun/tools/javac/jvm/ClassWriter$StringOverflow
instanceKlass com/sun/tools/javac/jvm/ClassWriter$PoolOverflow
instanceKlass com/sun/tools/javac/code/Symbol$CompletionFailure
instanceKlass java/nio/file/FileSystemAlreadyExistsException
instanceKlass java/util/MissingResourceException
instanceKlass java/nio/file/FileSystemNotFoundException
instanceKlass java/nio/file/ProviderNotFoundException
instanceKlass com/sun/tools/javac/util/ClientCodeException
instanceKlass com/sun/tools/javac/util/PropagatedException
instanceKlass org/apache/maven/project/DuplicateArtifactAttachmentException
instanceKlass java/time/DateTimeException
instanceKlass java/security/ProviderException
instanceKlass org/apache/http/ParseException
instanceKlass org/eclipse/aether/named/support/LockUpgradeNotSupportedException
instanceKlass java/util/ConcurrentModificationException
instanceKlass com/google/inject/internal/aop/GlueException
instanceKlass java/io/UncheckedIOException
instanceKlass org/apache/maven/artifact/InvalidArtifactRTException
instanceKlass com/google/inject/OutOfScopeException
instanceKlass java/lang/annotation/IncompleteAnnotationException
instanceKlass java/lang/reflect/UndeclaredThrowableException
instanceKlass com/google/common/util/concurrent/UncheckedExecutionException
instanceKlass com/google/common/cache/CacheLoader$InvalidCacheLoadException
instanceKlass java/util/NoSuchElementException
instanceKlass com/google/inject/CreationException
instanceKlass com/google/inject/ConfigurationException
instanceKlass com/google/inject/ProvisionException
instanceKlass java/lang/TypeNotPresentException
instanceKlass java/lang/UnsupportedOperationException
instanceKlass java/lang/SecurityException
instanceKlass java/lang/IllegalStateException
instanceKlass java/lang/IllegalArgumentException
instanceKlass java/lang/IndexOutOfBoundsException
instanceKlass java/lang/ArithmeticException
instanceKlass java/lang/NullPointerException
instanceKlass java/lang/IllegalCallerException
instanceKlass java/lang/IllegalMonitorStateException
instanceKlass java/lang/ArrayStoreException
instanceKlass java/lang/ClassCastException
ciInstanceKlass java/lang/RuntimeException 1 1 40 10 7 12 1 1 1 10 12 1 10 12 1 10 12 1 10 12 1 100 1 1 1 1 5 0 1 1 1 1 1 1 1 1 1 1 1 1 1 1
ciInstanceKlass java/lang/ArrayIndexOutOfBoundsException 1 1 45 10 100 12 1 1 1 10 12 1 100 1 10 8 1 10 12 1 1 10 12 1 10 12 1 1 100 1 1 1 1 5 0 1 1 1 1 1 1 1 1 1 1 1 1
ciInstanceKlass java/lang/ArrayStoreException 1 1 26 10 100 12 1 1 1 10 12 1 100 1 1 1 1 5 0 1 1 1 1 1 1 1 1 1
ciInstanceKlass java/lang/ClassCastException 1 1 26 10 100 12 1 1 1 10 12 1 100 1 1 1 1 5 0 1 1 1 1 1 1 1 1 1
ciInstanceKlass java/lang/ClassNotFoundException 1 1 96 7 1 10 7 12 1 1 1 10 12 1 10 12 1 1 10 100 12 1 1 1 8 1 10 100 12 1 1 1 10 7 12 1 1 10 100 12 1 1 1 10 100 12 1 1 1 10 12 1 1 7 1 10 12 1 9 12 1 1 1 1 1 5 0 1 1 1 1 1 1 1 1 1 1 1 1 1 1 1 1 1 1 100 1 1 1 1 1 1 1 1 1 1 1 1
staticfield java/lang/ClassNotFoundException serialPersistentFields [Ljava/io/ObjectStreamField; 1 [Ljava/io/ObjectStreamField;
instanceKlass java/lang/InstantiationException
instanceKlass java/lang/NoSuchFieldException
instanceKlass java/lang/IllegalAccessException
instanceKlass java/lang/reflect/InvocationTargetException
instanceKlass java/lang/NoSuchMethodException
instanceKlass java/lang/ClassNotFoundException
ciInstanceKlass java/lang/ReflectiveOperationException 1 1 34 10 7 12 1 1 1 10 12 1 10 12 1 10 12 1 100 1 1 1 1 5 0 1 1 1 1 1 1 1 1 1 1 1
ciMethod java/lang/ReflectiveOperationException <init> (Ljava/lang/String;Ljava/lang/Throwable;)V 512 0 6336 0 -1
ciMethod java/lang/ClassNotFoundException <init> (Ljava/lang/String;Ljava/lang/Throwable;)V 0 0 1 0 -1
ciMethod java/lang/ClassNotFoundException <init> (Ljava/lang/String;)V 376 0 6336 0 2297
instanceKlass java/util/regex/PatternSyntaxException
instanceKlass java/nio/file/ProviderMismatchException
instanceKlass java/nio/file/InvalidPathException
instanceKlass java/nio/charset/IllegalCharsetNameException
instanceKlass java/security/InvalidParameterException
instanceKlass java/nio/charset/UnsupportedCharsetException
instanceKlass java/lang/NumberFormatException
instanceKlass org/apache/maven/cli/MavenCli$IllegalUseOfUndefinedProperty
ciInstanceKlass java/lang/IllegalArgumentException 1 1 35 10 100 12 1 1 1 10 12 1 10 12 1 10 12 1 100 1 1 1 1 5 0 1 1 1 1 1 1 1 1 1 1 1 1
ciMethod java/lang/IllegalArgumentException <init> (Ljava/lang/String;)V 0 0 1 0 -1
ciInstanceKlass java/lang/IllegalCallerException 0 0 35 10 100 12 1 1 1 10 12 1 10 12 1 10 12 1 100 1 1 1 1 5 0 1 1 1 1 1 1 1 1 1 1 1 1
ciInstanceKlass java/lang/IllegalMonitorStateException 1 1 26 10 100 12 1 1 1 10 12 1 100 1 1 1 1 5 0 1 1 1 1 1 1 1 1 1
ciInstanceKlass java/lang/BootstrapMethodError 0 0 45 10 100 12 1 1 1 10 12 1 10 12 1 10 100 12 1 1 1 10 100 12 1 1 1 1 1 1 5 0 1 1 1 1 1 1 1 1 1 1 1 100 1 1 1
instanceKlass com/sun/tools/javac/file/PathFileObject$CannotCreateUriError
instanceKlass com/sun/tools/javac/util/Abort
instanceKlass com/sun/tools/javac/processing/AnnotationProcessingError
instanceKlass com/sun/tools/javac/util/FatalError
instanceKlass java/util/ServiceConfigurationError
instanceKlass com/google/common/util/concurrent/ExecutionError
instanceKlass java/lang/AssertionError
instanceKlass java/io/IOError
instanceKlass org/apache/maven/BuildAbort
instanceKlass java/lang/VirtualMachineError
instanceKlass java/lang/LinkageError
ciInstanceKlass java/lang/Error 1 1 58 10 7 12 1 1 1 9 12 1 1 10 100 12 1 1 1 10 100 12 1 1 1 10 12 1 10 12 1 10 12 1 10 12 1 100 1 1 1 1 5 0 1 1 1 1 1 1 1 1 100 1 1 1 1 1 1 1
instanceKlass java/lang/ClassFormatError
instanceKlass java/lang/ExceptionInInitializerError
instanceKlass java/lang/UnsatisfiedLinkError
instanceKlass java/lang/IncompatibleClassChangeError
instanceKlass java/lang/BootstrapMethodError
instanceKlass java/lang/NoClassDefFoundError
ciInstanceKlass java/lang/LinkageError 1 1 31 10 7 12 1 1 1 10 12 1 10 12 1 100 1 1 1 1 5 0 1 1 1 1 1 1 1 1 1 1 1
ciInstanceKlass java/lang/NullPointerException 1 1 52 10 7 12 1 1 1 10 12 1 9 7 12 1 1 1 10 12 1 1 9 12 1 1 10 12 1 1 10 12 1 1 1 1 5 0 1 1 1 1 1 1 1 1 100 1 100 1 100 1 1 1
ciMethod java/lang/NullPointerException <init> ()V 0 0 9 0 -1
instanceKlass javax/annotation/processing/FilerException
instanceKlass java/util/zip/ZipException
instanceKlass org/apache/http/MalformedChunkCodingException
instanceKlass java/nio/charset/CharacterCodingException
instanceKlass org/apache/http/ConnectionClosedException
instanceKlass org/apache/http/NoHttpResponseException
instanceKlass org/apache/http/conn/UnsupportedSchemeException
instanceKlass java/net/SocketException
instanceKlass java/io/InterruptedIOException
instanceKlass javax/net/ssl/SSLException
instanceKlass java/net/UnknownHostException
instanceKlass org/apache/maven/settings/io/SettingsParseException
instanceKlass org/apache/http/client/ClientProtocolException
instanceKlass java/nio/file/FileSystemException
instanceKlass org/apache/maven/model/io/ModelParseException
instanceKlass org/apache/maven/toolchain/io/ToolchainsParseException
instanceKlass org/apache/maven/repository/LocalRepositoryNotAccessibleException
instanceKlass org/apache/maven/artifact/repository/metadata/io/MetadataParseException
instanceKlass java/io/ObjectStreamException
instanceKlass java/io/EOFException
instanceKlass org/codehaus/plexus/util/xml/XmlReaderException
instanceKlass java/io/UnsupportedEncodingException
instanceKlass java/io/FileNotFoundException
instanceKlass java/net/MalformedURLException
ciInstanceKlass java/io/IOException 1 1 34 10 7 12 1 1 1 10 12 1 10 12 1 10 12 1 100 1 1 1 1 5 0 1 1 1 1 1 1 1 1 1 1 1
ciInstanceKlass java/lang/InternalError 1 1 34 10 100 12 1 1 1 10 12 1 10 12 1 10 12 1 100 1 1 1 1 5 0 1 1 1 1 1 1 1 1 1 1 1
instanceKlass java/lang/StackOverflowError
instanceKlass java/lang/OutOfMemoryError
instanceKlass java/lang/InternalError
ciInstanceKlass java/lang/VirtualMachineError 1 1 34 10 100 12 1 1 1 10 12 1 10 12 1 10 12 1 100 1 1 1 1 5 0 1 1 1 1 1 1 1 1 1 1 1
ciInstanceKlass java/lang/NoClassDefFoundError 1 1 26 10 7 12 1 1 1 10 12 1 100 1 1 1 1 5 0 1 1 1 1 1 1 1 1 1
ciInstanceKlass java/lang/OutOfMemoryError 1 1 26 10 100 12 1 1 1 10 12 1 100 1 1 1 1 5 0 1 1 1 1 1 1 1 1 1
ciInstanceKlass java/lang/StackOverflowError 1 1 26 10 100 12 1 1 1 10 12 1 100 1 1 1 1 5 0 1 1 1 1 1 1 1 1 1
ciInstanceKlass java/lang/StackTraceElement 1 1 235 10 7 12 1 1 1 10 7 12 1 1 9 12 1 1 9 12 1 1 9 12 1 9 12 1 8 1 10 100 12 1 1 1 7 1 9 12 1 8 1 9 12 1 9 12 1 9 12 1 1 10 12 1 1 10 12 1 8 1 10 7 12 1 1 1 7 1 10 12 1 10 12 1 1 10 12 1 10 12 1 1 10 12 1 10 12 1 10 10 12 1 8 1 10 12 1 10 12 1 1 10 12 1 1 10 12 1 10 12 1 10 12 1 9 12 1 1 10 7 12 1 1 1 10 12 1 1 7 1 10 12 1 1 10 7 12 1 1 10 7 12 1 1 1 10 7 12 1 1 10 7 12 1 1 10 10 12 1 1 10 12 1 1 10 12 1 1 10 12 1 100 1 1 1 1 1 1 1 3 1 3 1 1 5 0 1 1 1 1 1 1 1 1 1 1 1 1 1 1 1 1 1 1 1 1 1 1 1 1 1 1 1 1 1 100 1 100 1 1 1 1 1 1 1 100 1 1 1 1 1 1 1 1 1
instanceKlass java/util/concurrent/locks/AbstractQueuedLongSynchronizer
instanceKlass java/util/concurrent/locks/AbstractQueuedSynchronizer
ciInstanceKlass java/util/concurrent/locks/AbstractOwnableSynchronizer 1 1 32 10 7 12 1 1 1 9 7 12 1 1 1 100 1 1 1 1 5 0 1 1 1 1 1 1 1 1 1 1 1 1
instanceKlass sun/util/calendar/ZoneInfoFile$Checksum
ciInstanceKlass java/util/zip/CRC32 1 1 174 10 7 12 1 1 1 9 7 12 1 1 1 10 12 1 1 100 1 10 9 7 12 1 1 1 10 12 1 1 10 12 1 1 10 100 12 1 1 1 10 12 1 9 12 1 1 100 1 10 10 12 1 1 9 7 12 1 1 1 11 100 12 1 1 1 11 12 1 1 10 12 1 1 11 12 1 10 12 1 10 12 1 1 10 12 1 10 12 1 10 100 12 1 1 10 12 1 10 12 1 1 10 12 1 10 12 1 5 0 10 12 1 10 12 1 10 7 12 1 1 1 10 12 1 1 10 12 1 1 10 12 1 10 7 12 1 1 10 12 1 100 1 1 1 1 1 1 1 1 1 1 1 1 1 1 1 1 1 1 100 1 100 1 1 1 1 1 1 1 1 1 1 1
staticfield java/util/zip/CRC32 $assertionsDisabled Z 1
ciInstanceKlass java/util/zip/Checksum 1 1 86 11 7 12 1 1 1 10 100 12 1 1 1 10 12 1 9 7 12 1 1 1 100 1 10 12 1 1 10 12 1 1 10 12 1 1 10 12 1 10 12 1 10 100 12 1 1 1 10 12 1 10 12 1 1 10 12 1 100 1 1 1 1 1 1 1 1 1 1 1 1 1 1 1 1 1 1 100 1 1 1 1 1 1 1 1
ciMethod java/util/zip/Checksum update ([BII)V 0 0 1 0 -1
ciMethod java/util/zip/Checksum update ([B)V 512 0 2744 0 0
ciMethod java/util/zip/CRC32 update ([BII)V 512 0 5530 0 376
ciMethod java/util/zip/CRC32 getValue ()J 520 0 3926 0 0
ciMethod java/util/zip/CRC32 <init> ()V 520 0 2924 0 0
ciMethod java/util/zip/CRC32 updateBytes0 (I[BII)I 0 0 1 0 -1
ciMethod java/util/zip/CRC32 updateBytes (I[BII)I 512 0 5530 0 0
ciMethod java/util/zip/CRC32 updateBytesCheck ([BII)V 512 0 5530 0 0
ciInstanceKlass jdk/internal/vm/Continuation 1 1 551 9 7 12 1 1 1 9 12 1 9 12 1 9 12 1 100 1 100 1 10 12 1 1 8 1 10 12 1 1 10 12 1 10 12 1 1 10 12 1 9 7 12 1 1 1 11 100 12 1 1 1 10 100 1 9 12 1 1 9 12 1 1 10 8 1 10 12 1 9 12 1 1 10 11 12 1 1 100 1 10 100 12 1 1 1 10 12 1 1 10 12 1 10 12 1 1 11 12 1 1 9 12 1 1 10 12 1 1 18 12 1 1 10 100 12 1 1 1 100 1 10 12 1 11 100 12 1 1 1 10 12 1 9 12 1 10 12 1 1 100 1 8 1 10 12 1 10 12 1 1 9 12 1 1 11 12 1 1 9 12 1 1 8 1 10 11 12 1 1 11 12 1 1 10 12 1 1 10 12 1 1 9 12 1 10 12 1 10 10 12 1 8 1 10 12 1 8 1 8 1 10 7 12 1 1 1 10 100 12 1 1 1 10 12 1 9 12 1 11 12 1 100 1 10 12 1 10 12 1 1 9 12 1 1 100 1 10 12 1 1 9 12 1 1 10 12 1 10 12 1 11 100 12 1 1 10 7 1 10 12 1 8 1 10 12 1 1 9 12 1 1 10 7 12 1 1 8 1 8 1 8 1 8 1 10 12 1 1 10 12 1 10 12 1 10 12 1 10 12 1 1 10 12 1 1 8 1 9 12 1 10 12 1 1 9 12 1 1 10 12 1 1 9 12 1 8 1 10 100 12 1 1 1 10 12 1 8 1 100 1 8 1 10 9 12 1 1 8 1 10 100 12 1 1 10 100 12 1 1 8 1 8 1 10 12 10 12 1 1 10 100 1 10 100 12 1 1 1 18 11 100 12 1 1 1 18 12 1 11 12 1 1 100 1 10 7 12 1 1 10 12 1 1 8 10 12 1 1 10 7 12 1 1 1 10 7 12 1 1 10 12 1 8 1 10 12 1 100 1 100 1 10 12 1 1 1 1 1 1 1 1 1 1 1 1 1 1 1 1 1 1 1 1 1 1 1 1 1 1 1 1 1 1 1 1 1 1 1 1 1 1 1 1 1 1 1 1 1 1 1 1 1 1 1 1 1 1 1 1 1 1 1 1 1 1 1 1 1 1 1 1 1 1 1 1 1 1 1 1 100 1 1 16 1 15 10 12 16 15 11 100 12 1 1 1 16 1 16 1 15 10 12 16 15 10 100 12 1 1 1 1 1 1 1 1 100 1 100 1 1
staticfield jdk/internal/vm/Continuation U Ljdk/internal/misc/Unsafe; jdk/internal/misc/Unsafe
staticfield jdk/internal/vm/Continuation MOUNTED_OFFSET J 13
staticfield jdk/internal/vm/Continuation PRESERVE_SCOPED_VALUE_CACHE Z 1
staticfield jdk/internal/vm/Continuation JLA Ljdk/internal/access/JavaLangAccess; java/lang/System$1
staticfield jdk/internal/vm/Continuation $assertionsDisabled Z 1
ciMethod jdk/internal/vm/Continuation pin ()V 256 0 128 0 -1
ciMethod jdk/internal/vm/Continuation unpin ()V 256 0 128 0 -1
ciInstanceKlass jdk/internal/misc/UnsafeConstants 1 1 34 10 100 12 1 1 1 9 7 12 1 1 1 9 12 1 9 12 1 1 9 12 1 9 12 1 1 1 1 1 1 1 1 1
staticfield jdk/internal/misc/UnsafeConstants ADDRESS_SIZE0 I 8
staticfield jdk/internal/misc/UnsafeConstants PAGE_SIZE I 4096
staticfield jdk/internal/misc/UnsafeConstants BIG_ENDIAN Z 0
staticfield jdk/internal/misc/UnsafeConstants UNALIGNED_ACCESS Z 1
staticfield jdk/internal/misc/UnsafeConstants DATA_CACHE_LINE_FLUSH_SIZE I 0
ciInstanceKlass java/lang/invoke/MethodHandleImpl 1 1 1424 10 7 12 1 1 1 7 1 10 100 12 1 1 1 10 7 12 1 1 1 100 1 10 8 1 10 12 1 1 10 12 1 10 12 1 1 10 7 12 1 1 1 9 7 12 1 1 1 10 100 12 1 1 1 100 1 10 12 1 1 10 12 1 1 10 12 1 1 10 7 12 1 1 1 9 7 12 1 1 1 10 7 12 1 1 1 100 1 10 9 12 1 1 9 12 1 10 12 1 1 10 12 1 10 12 1 1 10 12 1 1 10 12 1 1 8 1 8 1 10 12 1 1 10 12 1 1 10 12 1 1 10 12 1 1 10 12 1 10 12 1 1 10 7 12 1 1 1 10 12 1 7 1 10 7 12 1 1 1 10 12 1 1 10 12 1 1 11 7 12 1 1 1 11 7 12 1 1 11 12 1 1 7 1 11 12 1 10 12 1 1 10 12 1 1 11 12 1 10 7 12 1 1 10 12 1 1 10 7 12 1 1 10 12 1 10 12 1 1 10 7 12 1 1 1 10 7 12 1 1 1 10 12 1 1 10 12 1 1 9 7 12 1 1 1 10 10 12 1 1 10 12 1 1 10 10 12 1 1 10 12 1 1 10 7 12 1 1 1 10 12 1 1 10 12 1 10 12 1 10 7 12 1 1 1 10 7 12 1 1 1 10 12 1 1 10 12 1 10 12 1 10 12 1 10 12 1 1 10 12 1 10 12 1 1 10 12 1 10 12 1 8 1 100 1 10 12 1 10 12 1 1 10 12 1 10 12 1 1 10 12 1 1 7 1 10 12 1 100 1 8 1 10 12 1 10 7 12 1 1 1 8 1 10 12 1 10 100 12 1 1 1 100 1 9 100 1 10 12 1 1 10 12 1 1 9 12 1 10 12 1 1 10 7 12 1 1 10 12 1 1 10 12 1 1 10 12 1 10 12 1 100 1 10 12 1 1 9 12 1 1 10 12 1 9 100 12 1 1 1 11 100 12 1 1 7 1 9 12 1 100 1 10 12 1 10 12 1 1 7 1 10 12 1 1 10 12 1 1 10 7 12 1 1 1 10 12 1 1 10 12 1 10 12 1 1 10 12 1 10 12 1 1 10 12 1 7 1 9 7 12 1 1 1 10 12 1 10 12 1 9 7 12 1 1 1 10 12 1 1 10 12 1 1 10 12 1 10 7 12 1 1 10 100 12 1 1 1 9 12 1 10 12 1 9 12 10 12 1 10 12 1 10 12 1 10 12 1 1 10 12 1 10 12 1 1 10 12 1 10 12 1 1 10 12 1 1 10 12 1 1 10 12 1 10 12 1 10 12 1 1 10 12 1 10 100 12 1 1 10 12 1 10 100 12 1 1 8 1 10 8 1 100 1 10 9 12 1 100 1 10 12 1 8 1 10 10 12 1 10 10 12 1 1 10 12 1 1 10 12 1 10 12 1 100 1 8 1 10 12 1 10 100 12 1 1 1 10 12 1 1 10 12 1 10 12 1 100 1 10 12 1 10 12 1 10 12 1 1 7 1 10 12 1 10 7 12 1 1 10 12 1 9 12 1 10 12 1 1 10 12 1 1 100 1 10 10 12 1 8 1 8 1 9 12 1 8 1 8 1 8 1 9 12 1 10 12 1 1 9 12 1 1 10 12 1 8 1 9 7 1 10 12 1 1 10 12 1 8 1 8 1 8 1 100 1 100 1 8 8 1 8 1 100 1 8 1 100 1 10 12 1 7 1 10 10 7 12 1 1 1 10 12 1 10 12 10 12 1 10 12 1 11 100 12 1 1 1 18 12 1 11 100 12 1 1 1 18 18 12 1 11 12 1 1 10 12 1 1 10 12 1 10 12 1 11 12 1 9 12 1 9 12 10 10 12 1 1 9 12 1 1 11 12 1 1 18 12 1 1 11 12 1 1 11 12 1 1 10 12 1 11 100 1 10 12 1 10 12 1 10 12 1 9 12 1 9 12 10 12 1 10 7 12 1 1 1 10 12 1 10 12 1 1 10 12 1 10 12 9 12 1 1 10 12 1 10 12 1 1 9 12 1 9 12 1 10 12 1 10 12 1 1 10 12 1 100 1 10 12 1 9 12 1 1 11 100 1 9 12 1 9 12 11 12 1 9 12 1 10 12 10 12 1 1 10 12 1 1 9 7 12 1 1 10 12 1 10 12 1 10 12 1 1 100 1 10 12 1 10 12 1 1 100 1 10 12 1 1 10 12 1 1 100 1 10 12 1 1 10 12 1 1 10 12 1 10 12 1 10 12 1 9 12 1 10 12 1 10 12 1 1 9 7 12 1 1 1 8 10 12 1 1 8 1 10 12 1 8 1 8 1 8 1 8 1 8 1 8 1 100 1 8 1 8 1 10 12 1 9 12 1 10 12 1 1 1 1 1 3 1 1 3 1 3 1 3 1 3 1 3 1 3 1 3 1 3 1 1 1 1 1 1 1 1 1 3 1 3 1 1 1 1 1 1 1 1 1 1 1 1 1 1 1 1 1 1 1 1 1 1 1 1 1 1 1 1 1 1 1 1 1 1 1 1 1 1 1 1 1 1 1 1 1 1 1 1 1 1 1 1 1 1 1 1 1 1 1 1 1 1 1 1 1 1 1 1 1 1 1 1 1 1 1 1 1 1 1 1 1 1 1 1 1 1 1 1 1 1 1 1 1 1 1 1 1 1 1 1 1 1 1 100 1 1 1 1 1 1 1 1 1 1 1 1 1 1 1 1 1 1 1 1 1 1 1 1 1 1 1 1 1 1 1 1 1 1 1 1 1 1 1 1 1 1 1 1 1 1 1 1 1 1 1 1 1 1 1 1 1 1 1 1 1 1 1 1 1 1 1 1 1 1 1 1 1 1 1 1 1 1 1 1 1 1 1 1 1 1 1 1 1 1 1 1 1 1 1 1 1 1 1 1 1 1 1 1 1 1 1 1 1 1 1 1 1 1 1 1 1 1 1 1 1 1 1 1 1 1 1 1 1 1 1 1 1 1 1 1 1 1 1 1 1 1 1 1 1 1 1 1 1 1 1 1 1 1 1 1 1 1 1 1 1 1 1 1 1 1 1 1 1 100 1 100 1 100 1 100 1 100 1 100 1 100 1 1 16 15 10 12 16 15 16 16 1 15 10 12 16 16 15 10 12 16 15 10 100 12 1 1 1 1 1 1 1 1 1 1 1 1 1 1 1 1 1 1 1 1 1 1 1 1
staticfield java/lang/invoke/MethodHandleImpl ARRAYS [Ljava/lang/invoke/MethodHandle; 256 [Ljava/lang/invoke/MethodHandle;
staticfield java/lang/invoke/MethodHandleImpl NFS [Ljava/lang/invoke/LambdaForm$NamedFunction; 7 [Ljava/lang/invoke/LambdaForm$NamedFunction;
staticfield java/lang/invoke/MethodHandleImpl HANDLES [Ljava/lang/invoke/MethodHandle; 9 [Ljava/lang/invoke/MethodHandle;
staticfield java/lang/invoke/MethodHandleImpl $assertionsDisabled Z 1
instanceKlass java/lang/invoke/DelegatingMethodHandle
instanceKlass java/lang/invoke/BoundMethodHandle
instanceKlass java/lang/invoke/DirectMethodHandle
ciInstanceKlass java/lang/invoke/MethodHandle 1 1 734 100 1 9 7 12 1 1 1 10 7 12 1 1 1 10 7 12 1 1 1 7 1 7 1 10 12 1 1 9 12 1 1 10 12 1 10 12 1 1 10 12 1 1 10 100 12 1 1 1 10 12 1 1 10 12 1 1 11 100 12 1 1 1 10 12 1 1 10 12 1 10 12 1 9 12 1 1 9 12 1 1 10 100 12 1 1 1 10 12 1 10 12 1 1 10 12 1 10 12 1 100 1 100 1 10 8 1 10 12 1 1 10 12 1 8 1 10 12 1 1 10 12 1 10 7 12 1 1 1 10 12 1 1 10 12 1 1 10 12 1 1 10 7 12 1 1 1 10 12 1 1 10 12 1 1 10 12 1 10 12 1 1 10 100 12 1 1 10 7 12 1 1 10 12 1 10 12 1 10 12 1 1 10 12 1 1 10 12 1 1 10 12 1 1 10 7 12 1 1 1 10 7 12 1 1 1 10 12 1 1 10 12 1 1 10 12 1 1 8 1 10 7 12 1 1 1 8 1 10 12 1 10 12 1 1 10 12 1 1 10 12 1 8 1 10 12 1 1 8 1 10 12 1 8 1 10 100 12 1 1 1 9 12 1 1 100 1 10 9 100 12 1 1 1 9 100 1 8 1 10 12 1 1 10 12 1 10 12 1 1 10 12 1 10 12 1 1 10 12 1 10 12 1 1 10 12 1 10 12 1 1 10 12 1 1 8 1 10 12 1 1 8 1 10 12 1 10 12 1 1 10 12 1 10 12 1 10 12 1 1 9 100 12 1 1 1 10 12 1 1 11 12 1 10 12 1 10 12 1 1 10 100 12 1 1 100 1 11 12 1 10 100 1 11 12 1 100 1 10 12 1 11 12 1 9 100 12 1 1 1 11 12 1 1 11 100 12 1 1 1 10 12 1 1 9 12 1 11 12 1 9 12 1 9 12 1 9 12 1 11 12 1 1 9 12 1 9 12 1 9 12 1 9 12 1 9 12 1 9 12 1 9 12 1 8 1 10 12 1 10 12 1 8 1 10 12 1 10 12 1 10 12 1 1 10 10 10 7 12 1 1 10 12 1 1 100 1 100 1 8 1 8 1 10 10 12 1 1 10 12 1 10 12 1 100 1 10 100 12 1 1 1 10 9 7 12 1 1 1 10 12 1 1 10 12 1 1 8 1 8 1 10 100 12 1 1 9 12 1 9 12 1 1 9 12 1 1 10 12 1 7 1 10 12 1 10 12 1 1 9 12 1 1 9 12 1 1 10 7 12 1 1 1 11 7 12 1 1 9 12 1 10 12 1 1 9 12 1 10 12 1 8 10 12 1 1 8 1 1 1 1 1 1 1 1 100 1 1 1 1 1 1 1 1 1 1 1 1 1 1 1 1 1 1 1 1 1 1 1 1 1 1 1 1 1 1 1 1 100 1 1 1 1 1 1 1 1 1 1 1 1 1 1 1 1 1 1 1 1 1 1 1 1 1 1 1 1 1 1 1 1 1 1 1 1 1 1 1 1 1 1 1 1 1 1 1 1 1 1 1 1 1 1 1 1 1 1 1 1 1 1 1 1 1 1 1 1 1 1 1 1 1 1 1 1 1 1 1 1 1 1 1 1 1 1 100 1 1 100 1 100 1 100 1 1 100 1 1 100 1 1 1 1
staticfield java/lang/invoke/MethodHandle FORM_OFFSET J 20
staticfield java/lang/invoke/MethodHandle UPDATE_OFFSET J 13
staticfield java/lang/invoke/MethodHandle $assertionsDisabled Z 1
ciInstanceKlass java/lang/invoke/MethodType 1 1 724 7 1 10 7 12 1 1 1 9 12 1 1 9 12 1 1 9 12 1 1 10 7 12 1 1 1 9 7 12 1 1 8 1 10 100 12 1 1 1 9 7 1 9 7 1 10 12 1 1 100 1 10 8 1 10 12 1 1 10 12 1 10 12 1 1 100 1 8 1 10 12 1 100 1 10 10 12 1 10 12 1 1 10 12 1 1 11 7 12 1 1 1 9 12 1 11 12 1 1 7 10 12 1 1 10 12 1 1 7 1 7 1 10 7 12 1 1 1 10 12 1 10 12 1 9 12 1 1 10 7 12 1 1 10 12 1 1 10 7 12 1 1 1 10 7 12 1 1 1 10 12 1 9 12 1 1 10 12 1 1 10 12 1 1 10 12 1 1 10 12 1 1 10 12 1 1 10 12 1 10 12 1 10 12 1 1 10 12 1 8 1 8 1 10 12 1 1 9 12 1 1 100 1 10 10 12 1 1 10 12 1 10 12 1 1 10 12 1 1 10 12 1 10 12 1 10 12 1 8 1 10 12 1 1 10 100 12 1 1 1 10 12 1 10 12 1 1 10 12 1 10 12 1 10 12 1 1 10 12 1 10 12 1 9 12 1 10 12 1 10 10 12 1 1 10 12 1 9 12 1 1 10 12 1 1 11 12 1 1 10 12 1 1 10 12 1 10 12 1 100 1 8 1 8 1 8 1 10 12 1 10 12 1 10 12 1 1 10 10 12 1 11 12 1 1 11 12 1 10 100 12 1 1 1 9 12 1 10 12 1 10 12 1 1 10 12 1 1 10 12 1 10 12 1 10 100 12 1 1 1 10 12 1 1 10 12 1 10 12 1 10 12 1 10 9 12 1 1 7 1 10 12 1 10 100 12 1 1 1 10 12 1 1 10 100 12 1 1 1 10 12 1 1 8 1 10 7 12 1 1 1 11 12 1 1 9 12 1 1 10 12 1 1 10 12 1 10 12 1 1 10 12 1 1 10 100 12 1 1 10 12 1 10 12 100 1 11 100 12 1 1 10 12 1 11 12 1 10 100 12 1 1 10 12 1 1 10 12 1 1 9 12 1 1 9 100 12 1 1 1 10 100 12 1 1 1 9 12 1 10 100 12 1 1 10 12 1 100 10 12 1 10 12 1 1 10 12 1 7 1 10 10 12 1 1 7 1 7 1 9 12 1 1 100 1 100 1 100 1 1 1 5 0 1 1 1 1 1 1 1 3 1 3 1 3 1 1 1 1 1 1 1 1 1 1 1 1 1 1 1 1 1 1 1 1 1 1 1 1 1 1 1 1 1 1 1 1 1 1 1 1 1 1 1 1 1 1 1 1 1 1 1 1 1 1 1 1 1 1 1 1 1 1 1 1 1 1 1 1 1 1 1 1 1 1 1 1 1 1 1 1 1 1 1 1 1 1 1 1 1 1 1 1 1 1 1 1 1 1 1 1 1 1 1 1 1 1 1 1 1 1 1 1 1 1 1 1 1 1 1 1 1 1 1 1 1 1 1 1 1 1 1 1 100 1 100 1 1 1 1 1 1 1 1 1 1 1 1 1 100 1 1 1 1 100 1 1 1 100 1 1 1 1 1 1 1 1 1 1 1 1 1 1 1 1 1 1 100 1 1 100 1 1
staticfield java/lang/invoke/MethodType internTable Ljdk/internal/util/ReferencedKeySet; jdk/internal/util/ReferencedKeySet
staticfield java/lang/invoke/MethodType NO_PTYPES [Ljava/lang/Class; 0 [Ljava/lang/Class;
staticfield java/lang/invoke/MethodType objectOnlyTypes [Ljava/lang/invoke/MethodType; 20 [Ljava/lang/invoke/MethodType;
staticfield java/lang/invoke/MethodType METHOD_HANDLE_ARRAY [Ljava/lang/Class; 1 [Ljava/lang/Class;
staticfield java/lang/invoke/MethodType serialPersistentFields [Ljava/io/ObjectStreamField; 0 [Ljava/io/ObjectStreamField;
staticfield java/lang/invoke/MethodType $assertionsDisabled Z 1
ciInstanceKlass java/lang/invoke/TypeDescriptor$OfMethod 1 0 43 100 1 100 1 100 1 1 1 1 1 1 1 1 1 1 1 1 1 1 1 1 1 1 1 1 1 1 1 1 1 1 1 1 1 1 1 1 1 1 100 1 1
instanceKlass lombok/core/AST$Kind
instanceKlass lombok/core/configuration/CapitalizationStrategy
instanceKlass lombok/core/configuration/NullCheckExceptionType
instanceKlass lombok/core/configuration/CallSuperType
instanceKlass lombok/core/configuration/FlagUsageType
instanceKlass com/sun/tools/javac/comp/Infer$InferenceStep
instanceKlass com/sun/tools/javac/comp/Infer$GraphInferenceSteps
instanceKlass com/sun/tools/javac/comp/Infer$IncorporationBinaryOpKind
instanceKlass com/sun/tools/javac/code/Type$UndetVar$InferenceBound
instanceKlass com/sun/tools/javac/code/Type$UndetVar$Kind
instanceKlass com/sun/tools/javac/code/Symbol$OperatorSymbol$AccessCode
instanceKlass com/sun/tools/javac/util/Bits$BitsState
instanceKlass com/sun/tools/javac/comp/Flow$FlowKind
instanceKlass com/sun/tools/javac/comp/Flow$Liveness
instanceKlass com/sun/tools/javac/comp/Resolve$MethodCheckDiag
instanceKlass com/sun/tools/javac/tree/JCTree$JCPolyExpression$PolyKind
instanceKlass lombok/core/AST$Kind
instanceKlass com/sun/tools/javac/util/Log$PrefixKind
instanceKlass javax/lang/model/element/ModuleElement$DirectiveKind
instanceKlass lombok/core/configuration/CapitalizationStrategy
instanceKlass lombok/core/configuration/NullCheckExceptionType
instanceKlass lombok/core/configuration/CallSuperType
instanceKlass lombok/core/configuration/FlagUsageType
instanceKlass javax/lang/model/util/Elements$DocCommentKind
instanceKlass com/sun/source/tree/Tree$Kind
instanceKlass com/sun/tools/javac/code/TypeAnnotations$AnnotationType
instanceKlass com/sun/tools/javac/comp/Resolve$InterfaceLookupPhase
instanceKlass com/sun/tools/javac/code/BoundKind
instanceKlass com/sun/tools/javac/code/TargetType
instanceKlass com/sun/source/tree/MemberReferenceTree$ReferenceMode
instanceKlass com/sun/tools/javac/code/Attribute$RetentionPolicy
instanceKlass javax/lang/model/element/NestingKind
instanceKlass javax/lang/model/element/ElementKind
instanceKlass com/sun/tools/javac/comp/DeferredAttr$AttributionMode
instanceKlass com/sun/tools/javac/code/Scope$LookupKind
instanceKlass java/nio/file/FileVisitResult
instanceKlass com/sun/tools/javac/code/Directive$ExportsFlag
instanceKlass com/sun/tools/javac/parser/Tokens$Comment$CommentStyle
instanceKlass javax/lang/model/type/TypeKind
instanceKlass com/sun/tools/javac/util/RichDiagnosticFormatter$RichConfiguration$RichFormatterFeature
instanceKlass com/sun/tools/javac/comp/CompileStates$CompileState
instanceKlass com/sun/tools/javac/main/JavaCompiler$ImplicitSourcePolicy
instanceKlass com/sun/tools/javac/comp/ThisEscapeAnalyzer$Indirection
instanceKlass com/sun/tools/javac/parser/Tokens$Token$Tag
instanceKlass com/sun/tools/javac/parser/Tokens$TokenKind
instanceKlass com/sun/tools/javac/jvm/ClassFile$Version
instanceKlass com/sun/tools/javac/comp/Attr$CheckMode
instanceKlass com/sun/tools/javac/comp/Analyzer$AnalyzerMode
instanceKlass com/sun/tools/javac/jvm/Code$StackMapFormat
instanceKlass com/sun/tools/javac/comp/Operators$OperatorType
instanceKlass com/sun/tools/javac/tree/JCTree$Tag
instanceKlass com/sun/tools/javac/jvm/Profile
instanceKlass com/sun/tools/javac/comp/Resolve$VerboseResolutionMode
instanceKlass com/sun/tools/javac/comp/DeferredAttr$AttrMode
instanceKlass com/sun/tools/javac/main/Option$PkgInfo
instanceKlass com/sun/tools/javac/util/Dependencies$CompletionCause
instanceKlass com/sun/tools/javac/comp/Resolve$ReferenceLookupResult$StaticKind
instanceKlass com/sun/tools/javac/comp/Resolve$MethodResolutionPhase
instanceKlass com/sun/tools/javac/code/Directive$RequiresFlag
instanceKlass com/sun/tools/javac/util/Convert$Validation
instanceKlass com/sun/tools/javac/code/Symbol$ModuleResolutionFlags
instanceKlass com/sun/tools/javac/code/Symbol$ModuleFlags
instanceKlass com/sun/tools/javac/code/Kinds$KindName
instanceKlass com/sun/tools/javac/code/Kinds$Kind$Category
instanceKlass com/sun/tools/javac/code/Kinds$Kind
instanceKlass com/sun/tools/javac/code/TypeTag
instanceKlass com/sun/tools/javac/jvm/ClassReader$AttributeKind
instanceKlass com/sun/tools/javac/main/JavaCompiler$CompilePolicy
instanceKlass com/sun/tools/javac/main/Main$Result
instanceKlass com/sun/tools/javac/util/BasicDiagnosticFormatter$BasicConfiguration$SourcePosition
instanceKlass com/sun/tools/javac/code/Source$Feature$DiagKind
instanceKlass com/sun/tools/javac/util/JCDiagnostic$DiagnosticType
instanceKlass com/sun/tools/javac/code/Source$Feature
instanceKlass jdk/nio/zipfs/ZipFileSystem$ZipAccessMode
instanceKlass jdk/javadoc/internal/tool/AccessLevel
instanceKlass jdk/javadoc/internal/doclint/Messages$Group
instanceKlass com/sun/tools/javac/main/Arguments$ErrorMode
instanceKlass com/sun/tools/javac/jvm/Target
instanceKlass com/sun/tools/javac/util/BasicDiagnosticFormatter$BasicConfiguration$BasicFormatKind
instanceKlass com/sun/tools/javac/api/DiagnosticFormatter$Configuration$MultilineLimit
instanceKlass com/sun/tools/javac/api/DiagnosticFormatter$Configuration$DiagnosticPart
instanceKlass com/sun/tools/javac/util/JCDiagnostic$DiagnosticFlag
instanceKlass com/sun/tools/javac/util/Log$WriterKind
instanceKlass javax/tools/StandardLocation
instanceKlass javax/tools/JavaFileObject$Kind
instanceKlass com/sun/tools/javac/code/Source
instanceKlass com/sun/tools/javac/code/Lint$LintCategory
instanceKlass com/sun/tools/javac/main/Option$ChoiceKind
instanceKlass com/sun/tools/javac/main/Option$ArgKind
instanceKlass com/sun/tools/javac/main/Option$OptionGroup
instanceKlass com/sun/tools/javac/main/Option$OptionKind
instanceKlass com/sun/tools/javac/main/Option
instanceKlass javax/tools/Diagnostic$Kind
instanceKlass org/codehaus/plexus/compiler/javac/JavacCompiler$JavaVersion
instanceKlass org/apache/maven/shared/utils/io/ScanConductor$ScanAction
instanceKlass java/nio/file/FileTreeWalker$EventType
instanceKlass java/nio/file/FileVisitOption
instanceKlass org/apache/maven/shared/utils/logging/Style
instanceKlass java/util/Comparators$NaturalOrderComparator
instanceKlass org/codehaus/plexus/compiler/CompilerConfiguration$CompilerReuseStrategy
instanceKlass javax/lang/model/SourceVersion
instanceKlass org/codehaus/plexus/compiler/CompilerMessage$Kind
instanceKlass java/time/format/TextStyle
instanceKlass java/time/format/DateTimeFormatterBuilder$SettingsParser
instanceKlass java/time/format/ResolverStyle
instanceKlass java/time/format/SignStyle
instanceKlass java/time/temporal/JulianFields$Field
instanceKlass java/time/temporal/IsoFields$Unit
instanceKlass java/time/temporal/IsoFields$Field
instanceKlass com/google/inject/internal/ErrorId
instanceKlass org/eclipse/sisu/space/GlobberStrategy
instanceKlass org/eclipse/aether/util/graph/transformer/ConflictResolver$Verbosity
instanceKlass org/apache/maven/plugin/MojoExecution$Source
instanceKlass org/eclipse/aether/spi/connector/checksum/ChecksumPolicy$ChecksumKind
instanceKlass org/apache/http/conn/ssl/DefaultHostnameVerifier$HostNameType
instanceKlass javax/net/ssl/SSLEngineResult$HandshakeStatus
instanceKlass sun/security/ssl/Finished$VerifyDataScheme
instanceKlass java/time/Month
instanceKlass sun/security/validator/CADistrustPolicy
instanceKlass java/text/Normalizer$Form
instanceKlass sun/security/ssl/SSLTrafficKeyDerivation$KeySchedule
instanceKlass sun/security/ssl/SSLTrafficKeyDerivation
instanceKlass sun/security/ssl/SSLSecretDerivation$SecretSchedule
instanceKlass com/sun/crypto/provider/HKDFKeyDerivation$SupportedHmac
instanceKlass java/lang/invoke/MethodHandleImpl$ArrayAccess
instanceKlass sun/security/ssl/ContentType
instanceKlass sun/security/ssl/SSLKeyExchange$T12KeyAgreement
instanceKlass sun/security/ssl/PskKeyExchangeModesExtension$PskKeyExchangeMode
instanceKlass sun/security/ssl/ECPointFormatsExtension$ECPointFormat
instanceKlass sun/security/ssl/CertStatusExtension$CertStatusRequestType
instanceKlass sun/security/ssl/SSLExtension
instanceKlass jdk/internal/icu/util/CodePointTrie$Type
instanceKlass jdk/internal/icu/util/CodePointTrie$ValueWidth
instanceKlass sun/security/ssl/SignatureScheme$SigAlgParamSpec
instanceKlass sun/security/ssl/SignatureScheme
instanceKlass sun/security/ssl/ClientAuthType
instanceKlass sun/security/ssl/SSLHandshake
instanceKlass java/net/Proxy$Type
instanceKlass java/net/StandardProtocolFamily
instanceKlass org/apache/http/conn/routing/RouteInfo$LayerType
instanceKlass org/apache/http/conn/routing/RouteInfo$TunnelType
instanceKlass org/apache/http/auth/AuthProtocolState
instanceKlass org/eclipse/aether/transfer/TransferEvent$RequestType
instanceKlass org/eclipse/aether/transfer/TransferEvent$EventType
instanceKlass org/apache/http/impl/cookie/RFC6265CookieSpecProvider$CompatibilityLevel
instanceKlass org/apache/http/impl/cookie/DefaultCookieSpecProvider$CompatibilityLevel
instanceKlass org/apache/http/conn/util/DomainType
instanceKlass java/lang/System$Logger$Level
instanceKlass sun/security/rsa/RSAUtil$KeyType
instanceKlass sun/security/ssl/NamedGroup
instanceKlass sun/security/ssl/NamedGroup$NamedGroupSpec
instanceKlass sun/security/ssl/CipherSuite$KeyExchange
instanceKlass sun/security/ssl/CipherSuite$MacAlg
instanceKlass sun/security/ssl/CipherSuite$HashAlg
instanceKlass sun/security/ssl/CipherType
instanceKlass sun/security/ssl/SSLCipher
instanceKlass sun/security/ssl/CipherSuite
instanceKlass java/security/CryptoPrimitive
instanceKlass java/time/temporal/ChronoField
instanceKlass sun/security/ssl/SSLScope
instanceKlass sun/security/util/DisabledAlgorithmConstraints$Constraint$Operator
instanceKlass sun/security/ssl/ProtocolVersion
instanceKlass org/apache/http/client/utils/URIUtils$UriFlag
instanceKlass java/nio/file/AccessMode
instanceKlass org/eclipse/aether/RepositoryEvent$EventType
instanceKlass org/eclipse/aether/named/support/ReadWriteLockNamedLock$Step
instanceKlass java/time/temporal/ChronoUnit
instanceKlass org/apache/maven/project/ProjectBuildingRequest$RepositoryMerging
instanceKlass org/fusesource/jansi/Ansi$Attribute
instanceKlass org/fusesource/jansi/Ansi$Color
instanceKlass org/apache/maven/shared/utils/logging/Style
instanceKlass java/security/DrbgParameters$Capability
instanceKlass sun/security/util/KnownOIDs
instanceKlass java/security/Security$SecPropLoader$LoadingMode
instanceKlass org/eclipse/sisu/inject/QualifyingStrategy
instanceKlass com/google/inject/internal/InjectorImpl$JitLimitation
instanceKlass org/eclipse/sisu/bean/DeclaredMembers$View
instanceKlass com/google/inject/internal/Initializer$InjectableReferenceState
instanceKlass java/lang/invoke/MethodHandles$Lookup$ClassOption
instanceKlass java/lang/StackStreamFactory$WalkerState
instanceKlass java/lang/StackWalker$ExtendedOption
instanceKlass java/lang/StackWalker$Option
instanceKlass sun/misc/Unsafe$MemoryAccessOption
instanceKlass com/google/common/collect/MapMakerInternalMap$Strength
instanceKlass org/apache/maven/settings/building/SettingsProblem$Severity
instanceKlass org/eclipse/aether/metadata/Metadata$Nature
instanceKlass org/apache/maven/model/building/ModelProblem$Version
instanceKlass org/apache/maven/building/Problem$Severity
instanceKlass org/apache/maven/plugin/internal/DefaultPluginValidationManager$ValidationReportLevel
instanceKlass org/apache/maven/plugin/PluginValidationManager$IssueLocality
instanceKlass org/apache/maven/classrealm/ClassRealmRequest$RealmType
instanceKlass org/apache/maven/model/building/ModelProblem$Severity
instanceKlass org/apache/maven/execution/ExecutionEvent$Type
instanceKlass org/apache/maven/artifact/ArtifactScopeEnum
instanceKlass com/google/inject/spi/InjectionPoint$Position
instanceKlass com/google/common/util/concurrent/AbstractFutureState$VarHandleAtomicHelperMaker
instanceKlass java/lang/annotation/ElementType
instanceKlass java/lang/classfile/attribute/StackMapFrameInfo$SimpleVerificationTypeInfo
instanceKlass java/lang/reflect/ProxyGenerator$PrimitiveTypeInfo
instanceKlass java/lang/classfile/ClassFile$StackMapsOption
instanceKlass java/lang/reflect/AccessFlag$Location
instanceKlass java/lang/reflect/AccessFlag
instanceKlass java/lang/module/ModuleDescriptor$Modifier
instanceKlass java/lang/annotation/RetentionPolicy
instanceKlass com/google/inject/internal/InternalFlags$ColorizeOption
instanceKlass com/google/inject/internal/InternalFlags$BytecodeGenOption
instanceKlass com/google/inject/internal/InternalFlags$NullableProvidesOption
instanceKlass com/google/inject/internal/InternalFlags$CustomClassLoadingOption
instanceKlass com/google/inject/internal/InternalFlags$IncludeStackTraceOption
instanceKlass com/google/inject/Key$NullAnnotationStrategy
instanceKlass sun/reflect/annotation/TypeAnnotation$TypeAnnotationTarget
instanceKlass com/google/common/cache/LocalCache$EntryFactory
instanceKlass com/google/common/cache/CacheBuilder$NullListener
instanceKlass com/google/common/cache/CacheBuilder$OneWeigher
instanceKlass com/google/common/cache/LocalCache$Strength
instanceKlass jdk/internal/logger/BootstrapLogger$LoggingBackend
instanceKlass java/util/stream/MatchOps$MatchKind
instanceKlass com/google/inject/Stage
instanceKlass org/eclipse/sisu/space/BeanScanning
instanceKlass java/math/RoundingMode
instanceKlass sun/util/locale/provider/LocaleProviderAdapter$Type
instanceKlass java/util/stream/StreamShape
instanceKlass java/util/stream/Collector$Characteristics
instanceKlass java/util/stream/StreamOpFlag$Type
instanceKlass java/util/stream/StreamOpFlag
instanceKlass java/util/Locale$Category
instanceKlass org/slf4j/impl/OutputChoice$OutputChoiceType
instanceKlass jdk/internal/util/OperatingSystem
instanceKlass org/fusesource/jansi/AnsiColors
instanceKlass org/fusesource/jansi/AnsiMode
instanceKlass org/fusesource/jansi/AnsiType
instanceKlass java/util/regex/Pattern$Qtype
instanceKlass java/lang/invoke/VarHandle$AccessType
instanceKlass java/lang/invoke/VarHandle$AccessMode
instanceKlass java/lang/classfile/Opcode$Kind
instanceKlass java/lang/classfile/Opcode
instanceKlass java/lang/invoke/MethodHandleImpl$Intrinsic
instanceKlass java/lang/classfile/AttributeMapper$AttributeStability
instanceKlass jdk/internal/classfile/impl/AbstractPoolEntry$Utf8EntryImpl$State
instanceKlass java/lang/classfile/TypeKind
instanceKlass java/lang/invoke/LambdaForm$BasicType
instanceKlass java/lang/invoke/LambdaForm$Kind
instanceKlass java/lang/constant/DirectMethodHandleDesc$Kind
instanceKlass sun/invoke/util/Wrapper
instanceKlass java/util/concurrent/TimeUnit
instanceKlass java/nio/file/LinkOption
instanceKlass sun/nio/fs/WindowsPathType
instanceKlass java/nio/file/StandardOpenOption
instanceKlass jdk/internal/vm/Continuation$Pinned
instanceKlass java/io/File$PathStatus
instanceKlass jdk/internal/module/ModuleBootstrap$IllegalNativeAccess
instanceKlass java/lang/reflect/ClassFileFormatVersion
instanceKlass java/lang/Thread$State
instanceKlass java/lang/module/ModuleDescriptor$Requires$Modifier
ciInstanceKlass java/lang/Enum 1 1 204 9 7 12 1 1 1 9 12 1 1 10 7 12 1 1 1 9 12 1 10 7 12 1 1 1 100 1 10 10 12 1 1 10 12 1 100 1 10 10 7 12 1 1 10 12 1 1 18 12 1 1 10 100 12 1 1 1 10 12 1 1 11 7 12 1 1 1 100 1 8 1 10 12 1 100 1 100 1 10 8 1 10 12 1 1 10 12 1 1 8 1 10 12 1 10 100 1 8 1 10 10 12 1 1 10 100 12 1 1 1 100 1 100 1 100 1 1 1 1 1 1 1 1 1 1 1 1 1 1 1 1 1 1 1 1 1 1 1 1 1 1 1 1 1 1 1 1 1 1 1 1 1 1 1 1 1 1 1 1 1 1 1 3 1 1 1 1 100 1 100 1 1 100 1 1 1 1 1 1 1 1 1 1 1 16 15 10 12 16 15 10 100 12 1 1 1 1 1 100 1 100 1 1
ciInstanceKlass java/lang/invoke/LambdaForm 1 1 1030 7 1 100 1 10 7 12 1 1 1 9 12 1 1 9 12 1 9 12 1 9 12 1 1 9 12 1 1 9 12 1 1 9 12 1 1 9 12 1 1 9 12 1 10 7 12 1 1 9 12 1 10 12 1 1 100 1 10 10 12 1 1 10 12 1 10 12 1 10 12 1 1 10 12 1 9 12 1 9 12 1 10 12 1 1 9 7 12 1 1 1 9 7 12 1 1 9 12 1 1 10 12 1 9 12 1 10 100 12 1 1 1 10 12 1 1 100 1 10 12 1 1 9 7 12 1 1 1 10 100 12 1 1 1 10 12 1 10 12 1 1 7 1 10 12 1 10 12 1 10 12 1 1 10 12 1 1 10 12 1 10 12 1 10 12 1 10 12 1 10 12 1 1 8 1 10 12 1 10 12 1 10 10 12 1 8 1 8 1 9 12 1 9 12 1 1 10 12 1 1 9 12 1 1 10 7 12 1 1 1 10 12 1 1 10 12 1 10 12 1 1 10 12 1 7 1 10 12 1 10 100 12 1 1 1 9 12 1 10 12 1 8 1 8 1 8 1 8 1 8 1 8 1 8 1 8 1 10 12 1 9 12 1 7 1 10 12 1 1 9 12 1 1 10 12 1 1 10 12 1 1 10 12 10 12 1 10 12 1 1 10 12 1 1 10 12 1 1 10 10 12 1 1 10 12 1 1 7 1 8 1 10 12 1 1 10 12 1 10 12 1 1 10 8 1 10 12 1 1 8 1 8 1 8 1 10 12 1 10 12 1 10 12 1 1 10 100 12 1 1 1 10 7 12 1 1 1 10 12 1 1 9 12 1 1 8 1 10 100 12 1 1 1 10 7 12 1 1 10 12 1 10 12 1 1 10 12 1 1 9 12 1 8 10 12 1 1 100 1 10 12 1 1 10 12 1 9 7 12 1 1 9 100 12 1 1 1 8 1 10 100 12 1 1 10 12 1 1 100 1 100 1 10 10 12 1 1 10 12 1 1 8 1 8 1 100 1 8 1 10 12 10 12 1 10 12 1 10 12 1 10 12 1 1 9 100 12 1 1 10 12 1 8 1 8 1 10 12 1 10 12 1 1 8 1 8 1 8 1 100 1 8 1 100 1 8 1 100 1 8 1 10 12 1 8 1 9 10 100 12 1 1 1 10 12 1 9 12 1 1 10 12 1 10 10 12 1 10 12 1 10 12 1 10 12 1 1 10 12 1 10 12 1 1 10 12 1 1 10 12 1 1 10 12 1 1 8 1 100 10 12 1 10 12 1 9 12 1 1 10 7 12 1 1 8 1 8 1 100 1 8 1 8 1 8 1 8 1 8 1 8 1 8 1 8 1 10 12 1 1 10 12 1 1 10 12 1 10 12 1 10 12 1 10 12 1 8 1 8 1 8 1 10 12 1 8 1 10 12 1 8 1 8 1 8 1 8 1 8 1 10 12 1 10 12 1 10 12 1 1 10 7 12 1 1 1 10 12 1 10 12 1 10 12 1 10 12 1 10 12 1 9 12 1 1 8 1 10 12 1 1 9 12 1 9 12 1 1 10 12 1 1 9 12 1 1 9 12 1 10 12 1 1 9 12 1 1 7 1 10 7 12 1 1 1 9 7 12 1 1 1 10 7 12 1 1 1 10 12 1 1 10 12 1 1 10 12 1 9 12 1 10 12 1 9 12 1 10 12 1 10 12 1 8 1 10 12 1 9 12 1 1 7 1 10 7 12 1 1 1 100 1 10 12 1 9 12 1 10 12 1 10 12 1 10 12 1 1 10 12 1 9 7 12 1 1 10 12 1 1 10 12 1 10 12 1 9 12 1 9 9 12 1 7 9 12 1 1 10 12 1 1 9 12 1 10 12 1 10 7 1 9 1 1 1 1 3 1 3 1 1 3 1 3 1 1 1 1 1 1 1 1 1 1 1 1 1 1 1 1 1 1 1 1 1 1 1 1 1 1 1 1 1 1 1 1 1 1 1 1 1 1 1 1 1 1 1 1 1 100 1 1 1 1 1 1 1 1 1 1 1 1 1 1 1 1 1 1 1 1 1 1 1 1 1 1 1 1 1 1 1 1 1 1 1 1 1 1 1 1 1 1 1 1 1 1 1 1 1 1 1 1 1 1 1 1 1 1 1 1 1 1 1 1 1 1 1 100 1 1 1 1 1 1 1 1 1 1 1 1 1 1 1 1 1 1 1 1 1 1 1 1 1 1 1 1 1 1 1 1 1 1 1 1 100 1 1 1 1 1 1 1 1 1 1 1 1 1 1 100 1 1 1 100 1 1 100 1 1 1 1 1 1 1 1 1 1 1 1
staticfield java/lang/invoke/LambdaForm DEFAULT_CUSTOMIZED Ljava/lang/invoke/MethodHandle; 
staticfield java/lang/invoke/LambdaForm DEFAULT_KIND Ljava/lang/invoke/LambdaForm$Kind; java/lang/invoke/LambdaForm$Kind
staticfield java/lang/invoke/LambdaForm COMPILE_THRESHOLD I 0
staticfield java/lang/invoke/LambdaForm INTERNED_ARGUMENTS [[Ljava/lang/invoke/LambdaForm$Name; 5 [[Ljava/lang/invoke/LambdaForm$Name;
staticfield java/lang/invoke/LambdaForm IMPL_NAMES Ljava/lang/invoke/MemberName$Factory; java/lang/invoke/MemberName$Factory
staticfield java/lang/invoke/LambdaForm LF_identity [Ljava/lang/invoke/LambdaForm; 6 [Ljava/lang/invoke/LambdaForm;
staticfield java/lang/invoke/LambdaForm NF_identity [Ljava/lang/invoke/LambdaForm$NamedFunction; 6 [Ljava/lang/invoke/LambdaForm$NamedFunction;
staticfield java/lang/invoke/LambdaForm LF_constant [Ljava/lang/invoke/LambdaForm; 5 [Ljava/lang/invoke/LambdaForm;
staticfield java/lang/invoke/LambdaForm createIdentityFormLock Ljava/lang/Object; java/lang/Object
staticfield java/lang/invoke/LambdaForm DEBUG_NAME_COUNTERS Ljava/util/HashMap; 
staticfield java/lang/invoke/LambdaForm DEBUG_NAMES Ljava/util/HashMap; 
staticfield java/lang/invoke/LambdaForm TRACE_INTERPRETER Z 0
staticfield java/lang/invoke/LambdaForm $assertionsDisabled Z 1
instanceKlass jdk/internal/reflect/DirectMethodHandleAccessor
ciInstanceKlass jdk/internal/reflect/MethodAccessorImpl 1 1 38 10 7 12 1 1 1 10 100 12 1 1 1 100 1 1 1 1 1 1 1 100 1 100 1 1 1 1 1 1 1 1 1 1 1 1 1 1
ciInstanceKlass jdk/internal/reflect/MethodAccessor 1 0 17 100 1 100 1 1 1 1 100 1 100 1 1 1 1 1 1
ciInstanceKlass java/util/Objects 1 1 184 10 7 12 1 1 1 100 1 8 1 10 12 1 10 12 1 1 10 7 12 1 1 1 10 12 1 1 10 12 1 10 100 12 1 1 1 10 12 1 1 10 7 12 1 1 1 7 1 10 10 12 1 1 10 7 12 1 1 10 12 1 1 8 1 10 7 12 1 1 1 10 7 12 1 1 1 10 11 100 12 1 1 1 100 1 10 10 12 1 8 1 10 12 1 8 1 7 1 11 12 1 1 8 1 10 7 12 1 1 1 10 12 1 1 10 12 1 10 12 1 10 12 1 10 12 1 1 1 1 1 1 1 1 1 1 1 1 1 1 1 1 1 1 1 1 1 1 1 1 1 1 1 1 1 1 1 1 1 1 1 1 1 1 1 1 1 1 1 1 1 1 1 1 1 1 1 1 1 1 1 1 1 1
instanceKlass com/sun/tools/javac/comp/CompileStates
instanceKlass org/netbeans/shaded/json/simple/JSONObject
instanceKlass org/apache/maven/artifact/versioning/ManagedVersionMap
instanceKlass java/lang/ProcessEnvironment
instanceKlass java/util/LinkedHashMap
ciInstanceKlass java/util/HashMap 1 1 629 10 7 12 1 1 1 100 1 10 12 1 1 100 1 10 7 12 1 1 1 100 1 11 12 1 1 11 12 1 11 12 1 1 10 7 12 1 1 1 7 1 3 10 7 12 1 1 1 100 1 100 1 10 8 1 10 12 1 1 10 12 1 10 12 1 1 10 12 1 10 7 12 1 1 1 8 1 10 12 1 9 12 1 1 10 12 1 9 12 1 1 4 10 12 1 10 12 1 1 11 7 12 1 1 9 12 1 1 10 7 12 1 1 1 6 0 10 12 1 1 11 12 1 1 11 7 12 1 1 1 11 7 12 1 1 1 11 12 1 1 7 1 11 12 1 11 12 1 10 12 1 10 12 1 1 9 12 10 12 1 1 9 7 12 1 1 1 9 12 9 12 1 10 12 1 1 9 12 1 7 1 10 12 1 1 10 12 1 1 10 12 1 1 10 12 1 1 10 12 1 1 9 12 1 10 12 1 1 3 4 10 12 1 1 10 12 1 1 9 12 1 1 9 10 12 1 1 10 12 1 1 10 12 1 1 10 12 1 9 12 1 1 7 1 10 12 1 10 12 1 10 7 12 1 1 1 7 1 9 12 1 1 7 1 10 9 12 7 1 10 100 1 10 11 7 12 1 1 1 100 1 10 11 100 12 1 1 11 7 12 1 1 1 10 12 1 100 1 100 1 10 12 1 10 12 1 10 12 1 10 100 12 1 1 10 12 1 1 10 12 1 1 10 100 12 1 1 1 8 10 100 12 1 1 1 100 1 10 4 4 10 12 1 1 10 100 12 1 1 1 10 12 1 8 1 6 0 10 100 12 1 1 1 100 1 11 100 12 1 1 1 10 12 1 10 12 1 10 10 12 1 1 6 0 8 1 10 12 1 10 12 100 1 100 1 1 1 1 5 0 1 3 1 1 1 3 1 3 1 3 1 1 1 1 1 1 1 1 1 1 1 1 1 1 1 1 1 1 1 1 1 1 100 1 1 1 1 1 1 1 1 1 1 1 1 1 1 1 1 1 1 1 1 1 1 1 1 1 1 1 1 1 1 1 1 1 100 1 1 1 1 1 1 1 1 1 1 1 1 1 1 1 1 1 1 1 1 1 1 1 1 1 1 1 1 1 1 1 1 1 1 1 1 1 1 1 1 1 1 1 1 1 1 1 1 1 1 1 100 1 1 1 1 1 1 1 1 1 1 1 1 1 1 1 1 1 1 1 1 1 1 1 1 1 1 1 1 1 1 1 1 1 1 1 1 1 1 1 1 1 1 1 1 1 1 1 1 100 1 1 1 1 1 1 1 1 100 1 1 1 1 1 1 1 1 1 1 1 1 1 1 1 1 1 1 100 1 100 1 100 1 100 1 100 1 100 1 100 1 100 1 1 1 1 1 1 1 1 1 1 1 1 1 1 1 1 1 1
ciMethod java/util/HashMap get (Ljava/lang/Object;)Ljava/lang/Object; 1024 0 28836 0 656
ciInstanceKlass jdk/internal/reflect/CallerSensitive 0 0 17 100 1 100 1 100 1 1 1 1 1 1 1 1 1 1 1
ciInstanceKlass jdk/internal/reflect/DirectConstructorHandleAccessor$NativeAccessor 1 1 44 10 7 12 1 1 1 9 7 12 1 1 1 10 12 1 1 1 1 1 1 1 1 1 1 1 1 1 1 1 1 1 100 1 100 1 1 1 1 1 100 1 1 1
ciInstanceKlass jdk/internal/reflect/ConstructorAccessor 1 0 16 100 1 100 1 1 1 1 100 1 100 1 100 1 1 1
instanceKlass jdk/internal/reflect/DirectConstructorHandleAccessor
instanceKlass jdk/internal/reflect/DirectConstructorHandleAccessor$NativeAccessor
ciInstanceKlass jdk/internal/reflect/ConstructorAccessorImpl 1 1 27 10 7 12 1 1 1 100 1 100 1 1 1 1 1 1 1 1 1 100 1 100 1 100 1 1 1
ciInstanceKlass jdk/internal/reflect/ConstantPool 1 1 142 10 100 12 1 1 1 9 7 12 1 1 1 10 12 1 1 10 12 1 1 10 12 1 10 12 1 1 10 12 1 1 10 12 1 10 12 1 1 10 12 1 10 12 1 1 10 12 1 10 12 1 10 12 1 10 12 1 1 10 12 1 1 10 12 1 1 10 12 1 1 10 12 1 10 12 1 1 10 100 12 1 1 1 8 11 7 12 1 1 1 10 7 12 1 1 1 1 1 1 1 1 1 1 1 1 1 1 1 1 1 1 1 1 1 1 1 1 1 1 1 1 1 1 1 1 1 1 1 1 1 1 1 1 1 1 1 1 1 1 1 1
instanceKlass java/lang/invoke/VolatileCallSite
instanceKlass java/lang/invoke/MutableCallSite
instanceKlass java/lang/invoke/ConstantCallSite
ciInstanceKlass java/lang/invoke/CallSite 1 1 297 10 7 12 1 1 1 10 7 12 1 1 1 9 12 1 1 10 7 12 1 1 1 10 12 1 100 1 10 12 1 1 10 12 1 1 9 100 12 1 1 1 10 100 12 1 1 10 12 1 1 100 1 100 1 10 10 100 12 1 1 1 10 12 1 1 8 1 10 12 1 10 12 1 1 10 12 1 10 12 1 1 10 12 1 1 10 10 100 12 1 1 10 12 1 1 9 12 1 9 100 12 1 1 1 8 1 10 7 12 1 1 1 10 12 1 1 100 1 10 12 1 1 9 12 1 8 1 100 1 10 12 1 10 12 1 100 1 8 1 10 10 12 1 10 12 1 1 100 1 10 12 1 1 10 12 1 10 12 1 10 12 1 1 10 12 1 1 9 12 1 1 8 10 12 1 1 9 12 1 1 100 1 10 10 12 1 10 100 12 1 1 1 10 12 1 1 10 12 1 1 10 12 1 10 7 12 1 1 1 100 1 8 1 10 10 12 10 12 1 1 100 1 100 1 100 1 8 1 10 12 1 10 7 12 1 1 1 1 1 1 1 1 1 1 1 1 1 1 1 1 1 1 1 1 1 1 1 1 1 1 1 1 1 1 1 1 1 1 1 1 1 1 1 1 1 1 1 1 1 1 1 1 1 1 1 1 1 1 1 1 100 1 100 1 1 1
staticfield java/lang/invoke/CallSite $assertionsDisabled Z 1
ciInstanceKlass java/lang/invoke/ConstantCallSite 1 1 65 10 7 12 1 1 1 9 7 12 1 1 1 9 12 1 1 10 7 12 1 1 1 10 12 1 100 1 10 12 9 12 1 1 100 1 10 10 12 1 1 10 12 1 1 1 1 1 1 1 1 1 1 1 1 1 100 1 1 1 1 1 1 1 1
staticfield java/lang/invoke/ConstantCallSite UNSAFE Ljdk/internal/misc/Unsafe; jdk/internal/misc/Unsafe
instanceKlass java/lang/invoke/DirectMethodHandle$StaticAccessor
instanceKlass java/lang/invoke/DirectMethodHandle$Special
instanceKlass java/lang/invoke/DirectMethodHandle$Interface
instanceKlass java/lang/invoke/DirectMethodHandle$Accessor
instanceKlass java/lang/invoke/DirectMethodHandle$Constructor
ciInstanceKlass java/lang/invoke/DirectMethodHandle 1 1 929 7 1 100 1 7 1 7 1 10 7 12 1 1 1 10 7 12 1 1 1 100 1 10 12 1 10 12 1 1 10 7 12 1 1 10 12 1 1 10 12 1 10 12 1 7 1 10 12 1 1 10 12 1 1 10 12 1 10 12 1 1 10 7 12 1 1 1 10 12 1 9 7 12 1 1 1 100 1 10 9 12 1 1 9 12 1 10 12 1 10 12 1 10 12 1 1 10 12 1 10 12 1 10 12 1 10 7 12 1 1 1 10 12 1 10 12 1 1 8 1 10 12 1 1 7 1 10 12 1 7 1 10 10 12 1 10 12 1 10 12 1 10 7 12 1 1 1 10 12 1 1 7 1 10 12 1 10 12 1 7 1 10 12 1 10 12 1 1 10 12 1 1 10 12 8 10 7 12 1 1 1 10 12 1 10 12 1 10 12 1 1 10 12 1 9 7 12 1 1 1 7 1 10 12 1 10 7 12 1 1 1 10 12 1 10 12 1 1 9 12 1 1 7 1 10 8 1 10 12 1 1 10 12 1 1 8 1 10 12 1 10 12 1 10 10 12 1 10 12 1 10 12 1 10 12 1 10 12 1 1 10 12 1 10 12 1 10 12 1 1 10 10 7 12 1 1 1 10 12 1 10 12 1 1 10 12 1 10 12 1 1 8 1 9 7 12 1 1 1 8 1 9 12 1 9 12 1 8 1 9 12 1 9 12 1 8 1 9 12 1 9 12 1 8 1 10 12 1 10 12 1 1 10 7 12 1 1 1 10 12 1 10 12 1 1 9 12 1 1 7 1 10 12 1 1 100 1 10 7 12 1 1 1 10 12 1 1 10 12 1 1 7 1 10 12 1 1 10 12 1 10 12 1 1 7 1 10 12 1 1 10 12 1 10 12 1 10 12 1 1 10 12 1 9 12 1 1 10 7 1 9 12 1 10 12 1 7 1 7 1 7 1 10 7 12 1 1 1 9 12 1 1 10 7 12 1 1 1 10 7 12 1 1 10 12 10 12 1 7 1 10 12 1 10 12 1 1 8 1 9 12 1 9 12 1 10 12 1 1 9 12 1 1 10 7 12 1 1 1 9 12 1 1 9 12 1 1 10 12 1 10 12 1 10 12 1 10 12 1 1 10 12 1 9 12 1 9 12 1 10 12 1 10 12 1 10 12 1 10 12 1 1 10 12 1 1 9 12 1 1 10 12 1 1 9 7 12 1 1 1 9 12 1 9 12 1 9 12 1 9 12 1 9 12 1 9 12 1 9 12 1 9 12 1 9 12 1 9 12 1 9 12 1 9 12 1 9 12 1 9 12 1 9 12 1 9 12 1 9 12 1 9 12 1 9 12 1 9 12 1 9 12 1 9 12 1 9 12 1 9 12 1 100 1 10 12 1 8 1 8 1 8 1 8 1 8 1 8 1 8 1 8 1 8 1 10 12 1 10 12 1 8 1 8 1 8 1 9 12 1 1 9 12 1 1 10 12 1 10 12 1 1 10 12 1 1 9 7 1 10 12 1 10 12 10 12 1 10 12 1 10 12 1 10 8 1 8 1 8 1 8 1 10 12 1 1 9 12 1 1 10 12 1 10 100 12 1 1 1 8 9 12 1 1 10 12 1 1 8 1 8 8 9 12 1 8 1 8 8 8 8 8 1 8 10 12 1 7 1 10 12 1 8 1 8 1 10 12 1 10 12 1 10 12 1 9 12 1 10 12 1 1 7 1 1 1 1 3 1 3 1 3 1 3 1 3 1 3 1 3 1 3 1 1 1 1 1 1 1 1 1 1 3 1 3 1 3 1 1 3 1 3 1 1 1 1 1 1 1 1 1 1 1 1 1 1 1 1 1 1 1 1 1 1 1 1 1 1 1 1 1 1 1 1 1 1 1 1 1 1 1 1 1 1 1 1 1 1 1 1 1 1 1 1 1 1 1 1 1 1 1 1 1 1 100 1 1 1 1 1 1 1 1 1 100 1 1 1 1 1 1 1 1 1 1 1 1 1 1 1 1 1 1 1 1 1 1 1 1 1 1 1 1 1 1 1 1 1 1 1 1 1 1 1 1 1 1 1 1 1 1 1 1 1 1 1 1 1
staticfield java/lang/invoke/DirectMethodHandle IMPL_NAMES Ljava/lang/invoke/MemberName$Factory; java/lang/invoke/MemberName$Factory
staticfield java/lang/invoke/DirectMethodHandle FT_UNCHECKED_REF I 8
staticfield java/lang/invoke/DirectMethodHandle FT_CHECKED_REF I 9
staticfield java/lang/invoke/DirectMethodHandle ACCESSOR_FORMS [Ljava/lang/invoke/LambdaForm; 120 [Ljava/lang/invoke/LambdaForm;
staticfield java/lang/invoke/DirectMethodHandle ALL_WRAPPERS [Lsun/invoke/util/Wrapper; 10 [Lsun/invoke/util/Wrapper;
staticfield java/lang/invoke/DirectMethodHandle NFS [Ljava/lang/invoke/LambdaForm$NamedFunction; 12 [Ljava/lang/invoke/LambdaForm$NamedFunction;
staticfield java/lang/invoke/DirectMethodHandle OBJ_OBJ_TYPE Ljava/lang/invoke/MethodType; java/lang/invoke/MethodType
staticfield java/lang/invoke/DirectMethodHandle LONG_OBJ_TYPE Ljava/lang/invoke/MethodType; java/lang/invoke/MethodType
staticfield java/lang/invoke/DirectMethodHandle $assertionsDisabled Z 1
ciInstanceKlass java/lang/invoke/MutableCallSite 0 0 61 10 100 12 1 1 1 10 12 1 9 100 12 1 1 1 10 12 1 10 12 1 1 9 100 12 1 1 1 10 100 12 1 1 1 10 100 12 1 1 1 1 1 1 1 1 1 1 1 1 1 1 1 1 1 1 1 1 100 1 1
ciInstanceKlass java/lang/invoke/VolatileCallSite 0 0 37 10 100 12 1 1 1 10 12 1 10 100 12 1 1 1 10 12 1 10 12 1 1 1 1 1 1 1 1 1 1 1 1 1 1 1 1
instanceKlass java/lang/invoke/VarHandleLongs$FieldInstanceReadOnly
instanceKlass java/lang/invoke/LazyInitializingVarHandle
instanceKlass java/lang/invoke/VarHandleReferences$FieldStaticReadOnly
instanceKlass java/lang/invoke/VarHandleBooleans$FieldInstanceReadOnly
instanceKlass java/lang/invoke/VarHandleInts$FieldInstanceReadOnly
instanceKlass java/lang/invoke/VarHandleReferences$Array
instanceKlass java/lang/invoke/VarHandleReferences$FieldInstanceReadOnly
instanceKlass java/lang/invoke/VarHandleByteArrayAsDoubles$ByteArrayViewVarHandle
instanceKlass java/lang/invoke/VarHandleByteArrayAsLongs$ByteArrayViewVarHandle
instanceKlass java/lang/invoke/VarHandleByteArrayAsFloats$ByteArrayViewVarHandle
instanceKlass java/lang/invoke/VarHandleByteArrayAsInts$ByteArrayViewVarHandle
instanceKlass java/lang/invoke/VarHandleByteArrayAsChars$ByteArrayViewVarHandle
instanceKlass java/lang/invoke/VarHandleByteArrayAsShorts$ByteArrayViewVarHandle
ciInstanceKlass java/lang/invoke/VarHandle 1 1 474 10 7 12 1 1 1 10 7 12 1 1 9 12 1 1 9 12 1 1 10 12 1 1 8 1 10 12 1 1 10 7 12 1 1 1 10 12 1 1 10 100 12 1 1 1 9 100 12 1 1 1 10 12 1 1 10 100 12 1 1 1 10 12 1 1 9 12 1 10 12 1 9 12 1 1 10 7 12 1 1 10 12 1 9 100 12 1 1 1 9 12 1 1 10 12 1 1 100 1 100 1 10 8 1 10 12 1 1 10 12 1 8 1 10 12 1 10 12 1 9 12 1 1 9 12 1 10 12 1 10 12 1 1 10 12 1 10 10 100 12 1 1 1 10 12 1 1 10 12 1 1 10 100 12 1 1 1 10 100 12 1 1 1 10 100 12 1 1 1 9 12 1 1 9 10 12 1 10 12 1 1 10 12 1 1 10 12 1 10 100 12 1 1 1 9 12 1 1 10 12 1 1 9 12 1 10 12 1 10 12 1 10 100 12 1 1 100 1 10 9 7 12 1 1 1 9 12 1 1 10 7 12 1 1 1 10 12 1 10 12 1 10 12 1 10 12 1 10 12 1 10 12 1 1 8 10 12 1 1 7 1 10 12 1 1 100 1 1 1 1 1 1 1 1 1 1 1 1 1 1 1 1 1 1 1 1 1 1 1 1 1 1 1 1 1 1 1 1 1 1 1 1 1 1 1 1 1 1 1 1 1 1 1 1 1 1 1 1 1 1 1 1 1 1 1 1 1 1 1 1 1 100 1 1 1 1 1 1 1 1 100 1 1 1 1 1 1 1 1 1 1 1 1 100 1 100 1 1 100 1 100 1 100 1 100 1 100 1 100 1 100 1 100 1 100 1 100 1 100 1 100 1 100 1 100 1 100 1 100 1 100 1 100 1 100 1 100 1 100 1 100 1 100 1 100 1 100 1 100 1 100 1 100 1 100 1 100 1 100 1 100 1 100 1 100 1 100 1 100 1 1 1 1 1 1 100 1 1 1 100 1 1 100 1 100 1 100 1 100 1 100 1 100 1 1 1 1 100 1 100 1 100 1 100 1 100 1 100 1 100 1 100 1
staticfield java/lang/invoke/VarHandle VFORM_OFFSET J 16
staticfield java/lang/invoke/VarHandle $assertionsDisabled Z 1
ciInstanceKlass java/lang/invoke/MemberName 1 1 730 7 1 7 1 100 1 9 12 1 1 10 7 12 1 1 1 9 12 1 1 10 12 1 1 10 12 1 1 10 12 1 1 10 12 1 10 12 1 1 10 7 12 1 1 1 10 12 1 9 7 12 1 1 10 12 1 100 1 100 1 10 12 1 8 1 10 12 1 1 10 12 1 10 12 1 1 10 12 1 9 12 1 1 8 1 10 100 12 1 1 1 7 1 10 10 12 1 1 7 1 7 1 10 12 1 9 12 1 1 100 1 8 1 10 12 1 10 12 1 10 12 1 10 12 1 10 12 1 1 10 12 1 10 12 1 10 12 1 1 8 1 8 1 10 12 1 8 1 9 12 1 1 3 10 12 1 10 12 1 10 12 1 10 10 7 12 1 1 1 10 12 1 10 12 1 10 12 1 10 12 1 7 1 8 10 12 1 1 10 12 1 1 8 1 9 100 1 8 9 100 1 10 12 1 1 10 12 1 10 12 1 8 1 10 12 1 1 10 12 1 10 12 1 10 12 1 10 12 1 1 100 1 10 12 1 1 10 12 1 8 1 10 12 1 10 12 1 8 1 10 12 1 1 10 12 1 1 100 1 10 12 1 1 10 12 8 1 8 1 100 1 10 12 1 10 100 12 1 1 1 100 1 10 12 10 12 1 10 12 1 10 12 1 10 12 1 10 10 12 1 10 12 1 10 12 1 3 10 12 1 3 10 12 1 3 3 3 3 3 3 10 12 1 3 9 12 1 10 12 1 1 3 10 12 1 10 10 7 12 1 1 1 10 12 1 1 10 100 12 1 1 10 10 12 1 10 12 1 1 10 12 1 10 10 12 1 1 10 12 1 10 12 1 10 12 1 100 1 10 10 10 12 100 1 10 10 10 12 1 1 10 12 1 1 10 10 12 1 8 10 7 1 10 12 1 10 7 1 10 12 1 10 12 1 10 12 1 10 10 12 1 10 12 1 1 10 12 1 1 10 12 1 10 12 1 10 12 1 100 1 10 12 1 1 100 1 8 1 10 7 1 10 12 1 10 12 10 12 1 1 10 12 1 10 12 1 8 1 8 1 8 1 8 1 10 12 1 10 12 1 10 7 12 1 1 1 8 1 8 1 10 12 1 8 1 10 10 10 12 1 10 12 1 8 1 8 1 10 10 12 1 8 1 10 100 12 1 1 1 8 1 100 1 10 12 1 10 12 1 1 10 12 1 8 1 8 1 8 1 8 1 100 1 10 8 1 8 1 8 1 8 1 10 12 1 100 1 100 1 100 1 10 100 1 10 100 1 10 100 12 1 1 1 9 7 12 1 1 1 100 1 100 1 1 1 1 1 1 1 3 1 3 1 3 1 3 1 3 1 3 1 1 1 1 1 1 1 1 3 1 3 1 1 1 1 1 1 1 1 1 1 1 1 1 1 1 1 1 1 1 1 1 1 1 1 100 1 1 1 1 1 1 1 1 1 1 1 1 1 1 1 1 1 1 1 1 1 1 1 1 1 1 1 1 1 1 1 1 1 1 1 1 1 1 1 1 1 1 1 1 1 1 1 1 1 1 1 1 1 1 1 1 1 1 1 1 1 1 1 1 1 1 1 1 1 1 1 1 1 1 1 1 100 1 1 1 1 1 1 1 1 1 1 1 1 1 1 1 1
staticfield java/lang/invoke/MemberName $assertionsDisabled Z 1
ciInstanceKlass java/lang/invoke/ResolvedMethodName 1 1 25 10 100 12 1 1 1 9 7 12 1 1 1 1 1 1 1 1 1 1 1 1 1 1 1
ciInstanceKlass java/lang/invoke/MethodHandleNatives 1 1 689 100 1 10 7 12 1 1 1 9 7 12 1 1 1 10 12 1 1 100 1 10 10 12 1 1 10 12 1 10 12 1 8 1 8 1 8 1 8 1 8 1 8 1 8 1 8 1 8 1 8 1 10 12 1 1 7 1 10 7 12 1 1 1 10 100 12 1 1 1 7 1 10 10 12 1 1 8 1 10 12 1 8 1 10 12 1 1 8 1 10 12 1 1 9 100 12 1 1 1 8 1 10 100 12 1 1 1 100 1 10 12 100 1 100 1 8 1 7 1 10 10 12 1 7 1 9 7 12 1 1 10 12 1 1 10 12 1 10 7 12 1 1 1 10 12 1 1 9 12 1 8 1 10 12 1 1 10 12 1 8 1 10 12 1 1 7 1 10 12 1 10 7 12 1 1 1 10 12 1 10 12 1 1 10 12 1 1 8 1 10 12 1 1 8 1 10 12 1 8 1 8 1 8 1 100 1 10 12 1 8 1 10 100 12 1 1 1 10 12 1 1 10 100 12 1 1 10 10 12 1 1 10 12 1 10 100 12 1 1 1 100 1 8 1 10 100 12 1 1 1 7 1 8 1 10 12 1 8 1 8 1 8 1 8 1 8 1 10 12 1 1 10 12 1 1 10 12 1 10 12 1 1 10 12 1 1 7 1 10 12 1 100 1 100 1 10 12 1 10 12 1 8 1 8 1 10 10 12 1 1 10 12 1 1 8 1 10 100 12 1 1 8 1 8 1 10 12 1 1 10 7 12 1 1 1 100 1 10 12 1 1 7 1 9 12 1 1 10 7 12 1 1 1 10 10 12 1 9 12 1 10 12 1 9 12 1 9 12 1 10 12 1 1 10 12 1 10 12 1 1 7 1 7 1 10 12 1 1 10 12 1 10 12 1 1 10 7 12 1 1 1 10 12 1 8 1 10 12 1 10 12 1 10 12 1 1 10 12 1 10 7 12 1 1 1 10 12 1 1 100 1 8 1 10 9 7 12 1 1 1 10 12 1 1 10 12 1 1 100 1 10 12 1 1 10 12 1 1 100 1 100 1 10 10 100 1 100 1 10 100 1 10 10 12 1 1 10 100 1 10 12 1 10 12 1 1 10 12 1 1 10 12 1 1 10 12 1 10 12 1 1 10 8 1 10 12 1 10 12 1 10 12 1 10 12 1 10 12 1 1 10 12 1 10 12 1 10 12 1 10 10 7 12 1 1 10 12 1 1 1 1 1 1 1 1 1 1 1 1 1 100 1 1 1 1 1 1 1 1 1 1 1 1 1 1 1 1 1 1 1 1 1 1 1 1 1 1 1 1 1 1 1 1 1 1 1 1 1 1 1 1 1 1 1 1 1 1 1 1 1 1 1 1 1 1 1 1 1 1 1 1 1 1 1 100 1 1 1 1 1 1 1 1 1 1 1 1 1 1 1 1 1 1 1 1 1 1 1 1 1 1 1 1 1 1 1 1 1 1 1 100 1 1 1 1 1 1 1 1 1 1 1 1 1 1 1 1 1 1 1 1 1 1 1 1 1 1 1 1 1 1 1 1 1 1 100 1 1
staticfield java/lang/invoke/MethodHandleNatives $assertionsDisabled Z 1
ciInstanceKlass jdk/internal/foreign/abi/NativeEntryPoint 0 0 223 10 100 12 1 1 1 9 100 12 1 1 1 9 12 1 1 100 1 8 1 10 12 1 10 12 1 1 100 1 10 100 12 1 1 1 10 12 1 9 12 1 1 18 12 1 1 10 100 12 1 1 1 9 100 12 1 1 1 8 1 10 12 1 1 8 1 8 1 8 1 8 1 10 100 12 1 1 1 100 1 10 10 12 1 1 8 1 10 12 1 8 1 10 12 1 10 12 1 1 10 12 1 1 100 1 8 1 10 12 1 10 12 1 1 100 1 8 1 10 10 12 1 9 12 1 1 18 12 1 1 10 100 12 1 1 1 10 12 1 1 10 12 1 10 100 12 1 1 1 10 1 1 1 1 1 1 1 1 1 1 1 1 1 1 1 1 1 1 1 1 1 1 1 1 1 1 1 1 1 1 1 1 1 1 1 1 1 1 1 1 1 1 1 1 16 1 15 10 12 16 1 16 15 10 12 15 10 100 12 1 1 1 1 1 100 1 1 100 1 100 1 1
ciInstanceKlass jdk/internal/foreign/abi/ABIDescriptor 0 0 55 10 100 12 1 1 1 9 100 12 1 1 1 9 12 1 1 9 12 1 9 12 1 9 12 1 1 9 12 1 9 12 1 1 9 12 1 9 12 1 9 12 1 9 12 1 1 1 1 1 1 1 1 1 1
ciInstanceKlass jdk/internal/foreign/abi/VMStorage 0 0 111 10 100 12 1 1 1 9 100 12 1 1 1 9 12 1 1 9 12 1 1 9 12 1 1 100 1 10 8 1 10 12 1 1 10 12 1 10 12 1 1 10 12 1 100 1 10 100 12 1 1 1 10 100 12 1 1 10 100 12 1 1 10 100 12 1 1 1 18 12 1 1 1 1 1 1 1 1 1 1 1 1 1 1 1 1 1 1 1 1 1 1 8 1 15 15 15 15 15 10 100 12 1 1 1 1 100 1 100 1 1
ciInstanceKlass jdk/internal/foreign/abi/UpcallLinker$CallRegs 0 0 66 10 100 12 1 1 1 9 100 12 1 1 1 9 12 1 18 12 1 1 18 12 1 1 18 12 1 1 1 1 1 1 1 1 1 1 1 1 1 1 1 1 1 1 100 1 1 1 8 1 15 15 15 10 100 12 1 1 1 1 1 100 1 100 1 1
instanceKlass java/lang/StackFrameInfo
ciInstanceKlass java/lang/ClassFrameInfo 1 1 126 10 7 12 1 1 1 9 7 12 1 1 1 7 1 3 9 12 1 1 9 12 1 1 100 1 9 12 1 1 3 11 100 12 1 1 1 11 12 1 10 12 1 1 10 12 1 1 10 12 1 100 1 10 10 12 1 1 8 1 8 1 10 12 100 1 10 10 12 1 1 8 1 10 12 1 8 1 10 12 8 1 10 12 1 10 7 12 1 1 1 100 1 1 1 1 1 1 1 1 1 1 1 1 1 1 1 1 1 1 1 1 1 1 1 1 1 1 1 100 1 1 1 1 1 1
staticfield java/lang/ClassFrameInfo JLIA Ljdk/internal/access/JavaLangInvokeAccess; java/lang/invoke/MethodHandleImpl$1
ciInstanceKlass java/lang/StackWalker$StackFrame 1 1 41 100 1 10 12 1 1 100 1 100 1 1 1 1 1 1 1 1 1 1 1 1 1 1 1 1 1 1 1 1 1 1 1 1 1 1 1 100 1 1 1
ciInstanceKlass java/lang/StackWalker 1 1 236 9 7 12 1 1 1 10 7 12 1 1 1 7 1 10 7 12 1 1 1 10 12 1 1 11 7 12 1 1 1 10 12 1 1 10 12 1 1 100 1 8 1 10 12 1 10 12 1 10 12 1 10 7 12 1 1 9 12 1 1 9 12 1 1 9 12 1 1 9 12 1 1 10 12 1 1 9 12 1 1 9 12 1 1 9 12 1 1 9 12 1 1 10 12 1 1 10 7 12 1 1 1 10 7 12 1 1 1 18 12 1 1 100 1 8 1 10 8 1 10 12 1 1 10 100 12 1 1 1 10 12 1 1 10 12 1 11 12 1 1 9 7 12 1 1 11 100 12 1 1 1 10 12 1 1 1 1 1 1 1 1 1 1 1 1 1 1 1 1 1 1 1 1 1 1 1 1 1 1 1 1 1 1 1 1 1 1 1 1 1 1 1 1 1 1 1 1 1 1 1 1 1 1 1 1 1 1 1 100 1 1 16 15 10 12 16 1 15 10 100 12 1 1 1 1 1 1 1 1 1 100 1 100 1 1
staticfield java/lang/StackWalker DEFAULT_EMPTY_OPTION Ljava/util/EnumSet; java/util/RegularEnumSet
staticfield java/lang/StackWalker DEFAULT_WALKER Ljava/lang/StackWalker; java/lang/StackWalker
instanceKlass java/lang/LiveStackFrameInfo
ciInstanceKlass java/lang/StackFrameInfo 1 1 150 10 7 12 1 1 1 9 7 12 1 1 1 9 12 1 1 11 7 12 1 1 1 10 12 1 1 10 7 12 1 1 1 9 12 1 1 10 12 1 1 9 12 1 1 100 1 10 12 10 12 1 9 12 1 100 1 100 1 10 12 1 1 11 12 1 1 10 12 1 10 12 1 10 12 1 1 9 12 1 1 10 12 1 1 10 100 12 1 1 10 12 1 1 9 12 1 10 100 12 1 1 1 9 12 1 1 10 100 1 10 12 1 9 12 1 1 10 12 1 1 10 12 1 1 1 1 1 1 1 1 1 1 1 1 1 1 1 1 100 1 100 1 1 1 1 1 1 1 1
staticfield java/lang/StackFrameInfo $assertionsDisabled Z 1
ciInstanceKlass java/lang/LiveStackFrameInfo 0 0 97 10 100 12 1 1 1 9 100 12 1 1 1 9 12 1 9 12 1 9 12 1 9 12 1 1 100 1 10 12 1 1 10 12 1 8 1 10 12 1 1 8 1 8 1 8 1 10 100 1 10 12 1 100 1 10 12 1 100 1 100 1 1 1 3 1 3 1 1 1 1 1 1 1 1 1 1 1 1 1 1 1 1 1 1 1 1 1 1 1 1 1 1 1 100 1 1
ciInstanceKlass java/lang/LiveStackFrame 0 0 112 100 1 10 100 12 1 1 1 11 100 12 1 1 1 11 12 1 9 100 12 1 1 1 10 100 12 1 1 1 10 100 12 1 1 1 11 12 1 10 12 1 100 1 100 1 1 1 1 1 1 1 1 1 1 1 1 1 1 1 1 1 1 1 1 1 1 1 1 1 100 1 1 1 1 1 1 1 100 1 8 1 1 12 10 1 1 1 8 1 1 1 8 1 1 1 8 1 1 1 8 1 1 8 1 1 1 8 1 1 8 1
instanceKlass java/lang/StackStreamFactory$StackFrameTraverser
ciInstanceKlass java/lang/StackStreamFactory$AbstractStackWalker 1 1 364 7 1 100 1 3 10 7 12 1 1 1 10 7 12 1 1 10 7 12 1 1 1 9 12 1 1 9 12 1 1 9 12 1 1 9 12 1 9 12 1 10 7 12 1 1 1 10 12 1 1 10 100 12 1 1 9 12 1 1 9 12 1 1 10 12 1 1 9 12 1 1 10 7 12 1 1 1 10 12 1 1 9 12 1 1 9 100 12 1 1 1 100 1 10 8 1 10 12 1 1 10 12 1 8 1 10 12 1 1 10 100 12 1 1 1 100 1 8 1 10 12 1 8 1 10 12 10 7 12 1 1 9 12 1 1 8 1 5 0 8 1 8 1 9 12 1 1 10 12 1 1 18 12 1 1 10 100 12 1 1 1 10 12 1 1 10 12 1 10 12 1 9 7 12 1 1 1 10 12 1 1 9 12 1 10 12 1 10 12 1 10 12 1 10 12 1 10 12 1 10 12 1 1 8 1 10 12 1 10 12 1 10 12 1 10 12 1 1 8 1 10 12 1 1 10 12 1 1 10 12 1 1 10 12 1 10 12 1 10 12 1 9 12 1 8 1 10 12 1 8 1 10 12 1 10 12 1 1 10 12 1 10 12 1 10 12 1 1 10 12 1 10 12 1 10 12 1 10 12 1 10 12 1 10 12 1 1 10 12 1 10 12 1 10 12 1 10 12 1 8 1 1 1 1 1 1 1 1 1 1 1 1 1 100 1 1 1 1 1 1 100 1 1 1 1 100 1 1 1 1 1 1 1 1 1 1 1 1 1 1 1 1 1 1 16 15 15 10 100 12 1 1 1 1 1 1 1 1 100 1 100 1 1
ciInstanceKlass jdk/internal/module/Modules 1 1 481 10 100 12 1 1 1 9 7 12 1 1 1 11 7 12 1 1 1 11 12 1 1 11 12 1 1 11 12 1 1 11 12 1 11 12 1 11 12 1 11 12 1 11 12 1 11 12 1 1 10 100 12 1 1 1 10 12 1 1 10 100 12 1 1 10 100 12 1 1 1 10 100 12 1 1 10 12 1 1 11 12 1 9 12 1 1 11 100 12 1 1 1 10 12 1 1 10 10 12 1 10 100 1 9 12 1 1 10 100 12 1 1 10 12 1 1 10 100 12 1 1 1 100 1 11 100 12 1 1 1 10 100 12 1 1 1 11 100 12 1 1 10 12 1 1 10 100 12 1 1 10 100 12 1 1 1 10 12 1 1 10 12 1 1 11 12 1 1 18 12 1 1 11 100 12 1 1 10 100 12 1 1 1 11 100 12 1 1 1 100 1 11 12 1 1 11 100 12 1 1 1 11 12 1 1 10 12 1 1 10 100 12 1 1 18 12 1 1 11 12 1 1 18 12 1 1 11 12 1 1 10 12 1 18 18 10 12 1 1 9 12 1 1 11 100 12 1 1 1 100 1 10 11 12 1 11 12 1 1 10 100 1 10 12 1 1 10 100 12 1 1 10 12 1 1 11 12 10 12 1 1 100 1 10 18 12 1 10 12 1 1 100 1 8 1 10 12 1 10 100 12 1 1 18 12 1 11 11 12 10 12 1 10 10 100 1 18 12 1 10 10 10 7 12 1 1 10 7 12 1 1 1 10 12 1 1 1 1 1 1 1 1 1 1 1 1 1 1 1 1 1 1 1 1 1 1 1 1 1 1 1 1 1 1 1 1 1 1 1 1 1 1 1 1 1 1 1 1 1 1 1 1 1 1 1 1 1 1 1 1 1 1 1 1 1 1 1 1 100 1 1 1 1 1 1 1 1 1 1 1 1 1 1 1 1 1 1 1 1 1 1 1 16 15 10 12 1 16 1 16 1 15 10 12 1 16 1 16 1 15 10 12 16 1 15 10 16 1 15 10 12 16 1 16 15 10 12 16 15 10 12 16 15 10 12 15 10 100 12 1 1 1 1 1 1 100 1 100 1 1
staticfield jdk/internal/module/Modules JLA Ljdk/internal/access/JavaLangAccess; java/lang/System$1
staticfield jdk/internal/module/Modules JLMA Ljdk/internal/access/JavaLangModuleAccess; java/lang/module/ModuleDescriptor$1
staticfield jdk/internal/module/Modules $assertionsDisabled Z 1
ciInstanceKlass jdk/internal/loader/ClassLoaders 1 1 185 10 100 12 1 1 1 10 7 12 1 1 1 10 12 1 1 10 100 12 1 1 1 9 7 12 1 1 1 9 12 1 1 9 12 1 1 7 1 11 100 12 1 1 1 100 1 11 12 1 1 11 12 1 1 10 100 12 1 1 1 10 100 12 1 1 1 100 1 100 1 10 7 12 1 1 1 9 12 1 1 8 1 10 7 12 1 1 1 10 12 1 1 7 1 10 12 1 10 12 1 1 7 1 10 12 1 1 10 12 1 1 10 12 1 7 1 10 12 10 12 1 8 1 10 7 12 1 1 8 1 8 1 10 12 1 7 1 10 10 12 1 10 12 1 1 1 1 1 1 1 1 1 1 1 1 1 1 1 1 1 1 1 1 100 1 1 1 1 1 1 1 1 1 1 1 1 1 1 1 1 1 1 1 1
staticfield jdk/internal/loader/ClassLoaders JLA Ljdk/internal/access/JavaLangAccess; java/lang/System$1
staticfield jdk/internal/loader/ClassLoaders BOOT_LOADER Ljdk/internal/loader/ClassLoaders$BootClassLoader; jdk/internal/loader/ClassLoaders$BootClassLoader
staticfield jdk/internal/loader/ClassLoaders PLATFORM_LOADER Ljdk/internal/loader/ClassLoaders$PlatformClassLoader; jdk/internal/loader/ClassLoaders$PlatformClassLoader
staticfield jdk/internal/loader/ClassLoaders APP_LOADER Ljdk/internal/loader/ClassLoaders$AppClassLoader; jdk/internal/loader/ClassLoaders$AppClassLoader
ciInstanceKlass jdk/internal/loader/URLClassPath 1 1 418 10 7 12 1 1 1 7 1 10 9 7 12 1 1 1 7 1 10 9 12 1 1 9 12 1 1 10 12 1 7 1 10 10 12 1 1 10 9 12 1 9 12 1 1 8 1 11 100 12 1 1 1 9 12 1 1 10 12 1 9 7 12 1 1 1 10 7 12 1 1 1 10 12 1 1 10 12 1 10 12 1 1 10 12 1 1 10 12 1 1 10 12 1 1 7 1 7 1 10 10 100 12 1 1 1 10 12 1 1 11 7 12 1 1 11 12 1 1 7 1 10 12 1 100 1 11 100 1 10 12 1 10 12 1 1 10 12 1 1 10 12 1 10 12 1 1 10 7 12 1 1 1 10 12 1 1 7 1 10 12 1 1 10 12 1 7 1 10 12 1 9 12 1 9 7 12 1 1 1 100 1 10 8 1 10 12 1 1 8 1 10 12 1 1 10 100 12 1 1 10 12 1 1 100 1 10 10 12 1 10 7 12 1 1 1 10 12 1 10 12 1 10 12 1 1 8 1 10 12 1 8 1 10 12 1 1 10 12 1 1 10 12 1 1 8 1 8 1 10 12 1 10 12 1 8 1 10 12 1 1 8 1 10 12 1 7 1 10 12 10 12 1 1 8 1 10 12 1 10 7 1 10 12 1 10 9 12 1 1 11 100 12 1 1 1 10 12 1 10 12 1 1 8 1 10 7 12 1 1 1 9 12 1 8 1 8 1 8 1 9 12 1 8 1 8 1 9 12 1 8 1 9 12 1 10 7 12 1 1 1 1 1 8 1 1 1 1 1 1 1 1 1 1 1 1 1 1 1 1 1 1 1 1 1 1 1 1 1 1 1 1 1 1 1 1 1 1 100 1 1 1 1 1 1 1 1 1 1 1 1 1 1 1 1 1 1 1 1 1 1 1 1 1 1 1 1 1 100 1 100 1 100 1 1 1 1 1
staticfield jdk/internal/loader/URLClassPath JAVA_VERSION Ljava/lang/String; "25"
staticfield jdk/internal/loader/URLClassPath DEBUG Z 0
staticfield jdk/internal/loader/URLClassPath JAR_CHECKING_ENABLED Z 0
staticfield jdk/internal/loader/URLClassPath DISABLE_CP_URL_CHECK Z 0
staticfield jdk/internal/loader/URLClassPath DEBUG_CP_URL_CHECK Z 0
staticfield jdk/internal/loader/URLClassPath JNUA Ljdk/internal/access/JavaNetURLAccess; java/net/URL$1
ciMethod jdk/internal/loader/URLClassPath getResource (Ljava/lang/String;)Ljdk/internal/loader/Resource; 378 4122 2010 0 8283
ciInstanceKlass jdk/internal/loader/ClassLoaders$BootClassLoader 1 1 42 10 7 12 1 1 1 9 7 12 1 1 1 11 7 12 1 1 1 100 1 1 1 1 1 1 1 1 1 1 1 1 1 1 1 1 1 1 1 1 1 1
instanceKlass org/netbeans/shaded/json/simple/JSONArray
instanceKlass org/apache/maven/artifact/versioning/ComparableVersion$ListItem
instanceKlass org/eclipse/sisu/bean/BeanScheduler$Pending
ciInstanceKlass java/util/ArrayList 1 1 514 10 7 12 1 1 1 7 1 9 7 12 1 1 1 9 12 1 100 1 100 1 10 8 1 10 12 1 1 10 12 1 10 12 1 1 10 12 1 9 12 1 11 7 12 1 1 1 9 12 1 1 11 12 1 1 7 10 7 12 1 1 1 9 12 1 10 12 1 10 12 1 1 10 7 12 1 1 1 10 7 12 1 1 1 10 12 1 1 10 12 1 1 10 12 1 1 10 12 1 10 12 1 1 100 1 100 1 10 12 1 10 10 7 12 1 1 1 10 7 12 1 1 10 12 1 100 1 10 10 12 10 12 1 1 10 12 1 1 10 12 1 10 12 10 12 1 1 7 1 10 12 1 1 10 12 1 1 10 12 1 100 1 10 11 12 1 1 11 100 12 1 1 1 11 12 1 10 12 1 10 12 1 10 12 1 1 100 1 10 12 1 1 10 10 12 1 1 10 12 1 8 1 8 1 8 1 8 1 10 12 1 1 10 12 1 1 11 12 1 100 1 10 100 12 1 1 10 12 1 10 12 1 1 10 100 12 1 1 10 12 1 10 100 12 1 1 1 11 100 12 1 1 1 10 12 1 100 1 8 1 10 7 1 10 12 1 7 1 10 12 1 10 12 1 1 7 1 10 12 1 10 12 1 1 11 7 12 1 1 7 1 10 12 1 10 12 1 1 11 7 12 1 1 10 12 1 1 10 12 1 1 10 12 1 1 10 12 1 1 11 100 12 1 1 10 12 1 1 10 12 1 1 100 1 100 1 100 1 1 1 1 5 0 1 3 1 1 1 1 1 1 1 1 1 1 1 1 1 1 1 1 1 1 1 1 1 1 1 1 1 1 1 1 1 1 1 1 1 1 1 1 1 1 1 1 1 1 1 1 1 1 1 1 1 1 1 1 1 1 1 1 1 1 1 1 1 1 1 1 1 1 1 1 1 1 1 1 1 1 1 1 1 1 1 1 1 1 1 1 1 1 1 1 1 1 1 1 1 1 1 1 1 1 1 1 1 1 1 1 100 1 1 1 1 100 1 1 1 1 1 1 1 1 1 1 1 1 1 1 1 1 1 1 1 1 1 1 1 1 1 1 1 1 1 100 1 1 1 1 1 1 1 1 1 1 1 1 1 1 1 1 1 1 1 100 1 100 1 1 1 1 1 1
staticfield java/util/ArrayList EMPTY_ELEMENTDATA [Ljava/lang/Object; 0 [Ljava/lang/Object;
staticfield java/util/ArrayList DEFAULTCAPACITY_EMPTY_ELEMENTDATA [Ljava/lang/Object; 0 [Ljava/lang/Object;
ciInstanceKlass java/util/List 1 1 251 10 100 12 1 1 1 11 100 12 1 1 1 11 100 12 1 1 1 11 12 1 1 11 100 12 1 1 11 12 1 1 11 12 1 1 10 100 12 1 1 1 7 1 100 1 10 12 1 1 100 1 10 7 12 1 1 1 11 12 1 1 11 12 1 11 12 1 100 1 10 12 1 11 12 1 1 11 12 1 1 11 12 1 10 100 12 1 1 1 9 7 12 1 1 1 7 1 10 12 10 12 1 7 1 10 12 1 1 10 12 1 10 12 1 1 11 12 1 1 100 1 1 1 1 1 1 1 1 1 1 1 1 1 1 1 1 1 1 1 1 1 1 1 1 1 1 1 1 1 1 1 1 1 1 1 1 1 1 1 1 1 1 1 1 100 1 100 1 1 1 1 1 1 1 1 1 1 1 1 1 1 1 1 1 1 1 1 1 1 1 1 1 1 1 1 1 1 1 1 1 1 1 1 1 1 1 1 1 1 1 1 1 1 1 1 1 1 1 1 1 1 1 1 1 1 1 1 1 1 1 1 1 1 1 1 1 1 1 1 1 1 1 1 100 1 1 100 1 1 1
ciInstanceKlass java/util/SequencedCollection 1 1 104 100 1 10 12 1 1 11 100 12 1 1 1 11 100 12 1 1 1 11 12 1 1 11 12 1 100 1 100 1 1 1 1 1 1 1 1 1 1 1 1 1 1 1 1 1 1 1 1 1 1 1 1 1 1 1 1 1 100 1 8 1 12 10 1 1 8 1 1 1 8 1 1 8 1 1 1 8 1 1 8 1 1 1 8 1 1 8 1 8 1 1 8 1 1 1 8 1 1 8 1 1 8 1
ciInstanceKlass java/lang/Iterable 1 1 62 10 7 12 1 1 1 11 7 12 1 1 1 11 7 12 1 1 1 11 12 1 1 11 7 12 1 1 1 10 7 12 1 1 1 100 1 1 1 1 1 1 1 1 1 1 1 1 1 1 1 1 1 1 1 1 1 1 1 1 1 1
ciInstanceKlass java/util/RandomAccess 1 0 7 100 1 100 1 1 1
instanceKlass java/util/EnumMap$Values
instanceKlass com/sun/tools/javac/util/List
instanceKlass java/util/concurrent/ConcurrentLinkedDeque
instanceKlass java/util/AbstractMap$2
instanceKlass org/eclipse/sisu/inject/MildElements
instanceKlass org/eclipse/sisu/inject/MildValues$1
instanceKlass com/google/common/collect/AbstractMapBasedMultimap$WrappedCollection
instanceKlass com/google/common/collect/Maps$Values
instanceKlass com/google/common/collect/AbstractMultimap$Values
instanceKlass java/util/TreeMap$Values
instanceKlass com/google/common/collect/ImmutableCollection
instanceKlass java/util/IdentityHashMap$Values
instanceKlass java/util/HashMap$Values
instanceKlass java/util/AbstractQueue
instanceKlass java/util/LinkedHashMap$LinkedValues
instanceKlass java/util/ArrayDeque
instanceKlass java/util/AbstractSet
instanceKlass java/util/ImmutableCollections$AbstractImmutableCollection
instanceKlass java/util/AbstractList
ciInstanceKlass java/util/AbstractCollection 1 1 160 10 7 12 1 1 1 10 7 12 1 1 1 10 12 1 1 11 7 12 1 1 1 11 12 1 1 10 12 1 1 10 100 12 1 1 1 10 12 1 1 10 12 1 1 10 7 12 1 1 10 7 12 1 1 1 7 1 10 100 12 1 1 1 10 100 12 1 1 1 100 1 10 11 12 1 11 7 1 10 12 1 10 12 1 10 7 12 1 1 1 11 8 1 100 1 10 10 12 1 1 8 1 10 12 1 10 12 1 1 1 1 1 1 1 1 1 1 1 1 1 1 1 1 1 1 1 1 1 1 1 1 1 1 1 1 1 1 1 1 1 1 1 1 1 1 1 1 1 1 1 1 1 1 1 1 1 1 1 1
ciMethod java/util/AbstractCollection <init> ()V 512 0 185888 0 80
instanceKlass com/sun/tools/javac/model/FilteredMemberList
instanceKlass org/apache/maven/project/MavenProject$LoggingList
instanceKlass org/eclipse/aether/util/graph/visitor/Stack
instanceKlass org/apache/maven/model/merge/ModelMerger$MergingList
instanceKlass java/util/Collections$CopiesList
instanceKlass sun/security/jca/ProviderList$2
instanceKlass com/google/common/collect/Lists$TransformingRandomAccessList
instanceKlass java/util/Collections$SingletonList
instanceKlass java/util/ArrayList$SubList
instanceKlass java/util/Vector
instanceKlass java/util/Arrays$ArrayList
instanceKlass java/util/AbstractSequentialList
instanceKlass java/util/Collections$EmptyList
instanceKlass java/util/ArrayList
ciInstanceKlass java/util/AbstractList 1 1 218 10 7 12 1 1 1 9 7 12 1 1 1 10 12 1 1 10 12 1 1 100 1 10 10 12 1 1 11 100 12 1 1 1 11 12 1 1 11 12 1 10 7 12 1 1 1 10 12 1 11 12 1 11 12 1 11 12 1 10 12 1 1 10 12 1 1 11 100 12 1 1 1 11 7 1 11 7 1 10 12 1 7 1 10 12 1 10 12 1 1 100 1 100 1 10 12 1 100 1 10 100 1 100 1 10 8 1 10 12 1 1 10 12 1 10 12 1 1 10 12 1 8 1 100 1 8 1 8 1 8 1 10 100 1 11 10 10 12 1 11 12 1 10 12 1 1 8 1 8 1 1 1 1 1 1 1 1 1 1 1 1 1 1 1 1 1 1 1 1 1 1 1 1 1 1 1 1 1 1 1 1 1 1 1 1 1 1 1 1 1 1 1 1 1 1 1 1 1 1 1 1 1 1 1 1 1 1 100 1 100 1 1 1 1 1 1 1
ciMethod java/util/AbstractList <init> ()V 434 0 108394 0 80
ciMethod java/util/ArrayList <init> ()V 300 0 89848 0 101
instanceKlass java/nio/MappedByteBuffer
instanceKlass java/nio/HeapByteBuffer
ciInstanceKlass java/nio/ByteBuffer 1 1 446 10 7 12 1 1 1 9 7 12 1 1 1 10 7 12 1 1 1 9 12 1 1 9 12 1 9 12 1 1 9 12 1 1 10 12 1 10 12 1 100 1 10 12 1 10 12 1 1 7 1 10 12 1 10 12 1 100 1 100 1 10 12 1 10 12 1 1 10 7 12 1 1 1 10 12 1 1 10 12 1 100 1 10 10 12 1 1 10 12 1 10 12 1 10 12 100 1 5 0 9 12 1 1 9 12 1 9 12 1 1 10 12 1 1 10 12 1 1 10 7 12 1 1 1 10 7 12 1 1 1 10 12 1 10 12 1 1 10 12 1 1 100 1 10 100 1 10 10 12 1 1 9 12 1 10 12 1 100 1 10 10 12 1 10 12 1 10 12 10 12 1 9 12 100 1 10 10 12 1 10 12 10 12 1 1 10 12 1 10 12 1 10 12 1 10 12 1 100 1 10 10 100 12 1 1 1 10 7 12 1 1 1 10 12 1 1 8 1 10 12 1 8 1 8 1 10 12 1 8 1 10 12 1 10 7 12 1 1 1 10 7 12 1 1 1 10 12 1 1 10 100 1 9 12 1 8 1 10 12 1 8 1 8 1 10 10 12 1 10 12 1 1 10 12 1 1 10 12 10 12 1 1 10 12 10 12 10 12 10 12 10 12 10 12 10 12 1 1 10 12 1 9 12 1 1 7 10 7 12 1 1 1 100 1 1 1 1 1 1 1 1 1 1 1 1 100 1 1 1 1 1 1 1 1 1 1 1 1 1 1 1 1 1 1 1 1 1 100 1 1 1 1 1 1 1 1 1 1 1 1 1 1 1 1 1 1 1 1 1 1 1 1 1 1 1 1 1 1 1 1 1 1 1 1 1 1 1 1 1 1 1 1 1 1 1 1 1 1 1 1 1 1 1 1 1 1 1 1 1 1 1 1 1 1 1 1 1 1 1 1 1 1 1 1 1 1 1 1 1 1 1 1 1 1 1 1 1 1 1 1 1 1 1 100 1
staticfield java/nio/ByteBuffer ARRAY_BASE_OFFSET J 16
staticfield java/nio/ByteBuffer $assertionsDisabled Z 1
instanceKlass java/util/EnumMap$EntrySet
instanceKlass java/util/IdentityHashMap$EntrySet
instanceKlass java/util/WeakHashMap$EntrySet
instanceKlass org/eclipse/aether/graph/Dependency$Exclusions
instanceKlass java/util/concurrent/ConcurrentSkipListMap$KeySet
instanceKlass java/util/concurrent/ConcurrentSkipListSet
instanceKlass java/util/Collections$SingletonSet
instanceKlass java/lang/ProcessEnvironment$CheckedKeySet
instanceKlass java/util/AbstractMap$1
instanceKlass org/eclipse/sisu/wire/EntrySetAdapter
instanceKlass java/util/TreeMap$EntrySet
instanceKlass org/eclipse/sisu/wire/EntryMapAdapter$EntrySet
instanceKlass com/google/common/collect/Sets$ImprovedAbstractSet
instanceKlass java/util/LinkedHashMap$LinkedEntrySet
instanceKlass com/google/common/collect/Sets$SetView
instanceKlass java/util/EnumSet
instanceKlass java/util/LinkedHashMap$LinkedKeySet
instanceKlass java/lang/ProcessEnvironment$CheckedEntrySet
instanceKlass java/util/TreeMap$KeySet
instanceKlass jdk/internal/util/ReferencedKeySet
instanceKlass java/util/TreeSet
instanceKlass java/util/IdentityHashMap$KeySet
instanceKlass java/util/HashMap$KeySet
instanceKlass java/util/WeakHashMap$KeySet
instanceKlass java/util/Collections$SetFromMap
instanceKlass java/util/HashSet
instanceKlass java/util/ImmutableCollections$MapN$1
instanceKlass java/util/Collections$EmptySet
instanceKlass java/util/HashMap$EntrySet
ciInstanceKlass java/util/AbstractSet 1 1 96 10 7 12 1 1 1 7 1 7 1 11 12 1 1 10 7 1 10 12 1 1 100 1 100 1 10 12 1 1 11 7 12 1 1 1 11 12 1 1 10 7 12 1 1 10 7 12 1 1 1 11 10 12 1 1 11 12 1 11 12 1 1 1 1 1 1 1 1 1 1 1 1 1 1 1 1 100 1 1 1 1 1 1 1 1 1 1 1 1 1 1 1 1 1 1
ciInstanceKlass java/lang/annotation/Annotation 1 0 17 100 1 100 1 1 1 1 1 1 1 1 1 1 1 1 1
ciInstanceKlass java/util/LinkedHashMap 1 1 386 9 7 12 1 1 1 9 12 1 1 9 12 1 9 7 12 1 1 9 12 1 10 7 12 1 1 1 10 12 1 1 10 12 1 1 9 12 1 9 12 1 1 9 12 1 10 12 1 1 100 1 10 10 12 1 1 10 12 1 10 12 1 1 9 12 1 1 9 12 1 10 12 1 1 10 100 12 1 1 1 10 12 1 10 12 1 10 12 10 12 1 1 10 100 12 1 1 1 10 12 1 1 10 12 1 1 9 7 1 10 12 1 10 12 1 1 9 12 1 1 7 1 10 12 1 7 1 100 1 10 10 12 1 1 10 12 1 1 9 12 1 1 7 1 10 7 1 10 12 1 9 12 1 7 1 10 100 1 10 11 100 12 1 1 1 100 1 10 11 100 12 1 1 100 1 100 1 10 8 1 10 12 1 1 10 12 1 10 12 1 1 10 12 1 10 12 1 1 10 100 1 10 12 1 100 1 1 1 1 5 0 1 1 1 3 1 3 1 3 1 1 1 1 1 1 1 1 1 1 1 1 1 1 1 1 1 1 1 1 1 1 1 1 1 1 1 1 1 1 1 1 1 1 1 1 1 1 1 1 1 1 1 1 1 1 1 100 1 1 1 1 1 1 1 1 100 1 1 1 1 1 1 1 1 1 1 1 1 1 1 1 1 1 1 1 1 1 1 1 1 1 1 1 1 100 1 1 1 1 1 1 1 1 1 1 1 1 1 1 100 1 1 1 1 1 1 1 1 1 100 1 1 1 1 1 1 1 1 1 1 1 1 1 1 1 1 1 1 1 1 1 1 1 1 1 1 1 1 1 1 1 100 1 100 1 100 1 100 1 1 1 1 1 100 1 100 1 1 1 1 1 1 1 1 1
ciInstanceKlass java/util/SequencedMap 1 1 150 11 100 12 1 1 1 11 100 12 1 1 1 11 100 12 1 1 1 100 1 11 12 1 1 100 1 10 12 1 1 11 12 1 1 11 12 1 1 100 1 10 12 100 1 10 12 1 100 1 10 100 1 10 100 1 100 1 1 1 1 1 1 1 1 1 1 1 1 1 1 1 1 1 1 1 1 1 1 1 1 1 1 1 1 1 1 1 1 1 1 1 1 1 1 1 1 1 1 1 1 1 1 1 1 1 1 100 1 8 1 12 10 1 1 8 1 1 1 8 1 1 8 1 1 8 1 1 1 8 1 1 8 1 1 8 1 8 1 1 1 8 1 1 8 1 1 1 8 1
ciMethod java/util/LinkedHashMap get (Ljava/lang/Object;)Ljava/lang/Object; 536 0 49600 0 744
ciMethod java/util/LinkedHashMap afterNodeAccess (Ljava/util/HashMap$Node;)V 0 0 1497 0 0
ciMethod java/util/LinkedHashMap <init> (I)V 394 0 4661 0 -1
ciMethod java/util/LinkedHashMap newLinkedHashMap (I)Ljava/util/LinkedHashMap; 34 0 626 0 0
ciInstanceKlass java/lang/Package 1 1 337 10 7 12 1 1 1 9 12 1 1 9 7 12 1 1 1 9 12 1 9 12 1 9 12 1 9 12 1 9 12 1 10 12 1 1 10 7 12 1 1 1 9 12 1 1 10 7 12 1 1 1 9 12 1 10 12 1 1 10 100 12 1 1 1 100 1 10 100 12 1 1 1 10 7 12 1 1 1 100 1 8 1 10 12 1 1 8 1 10 12 1 1 10 100 12 1 1 1 100 1 10 12 1 8 1 10 12 1 1 10 12 1 10 12 1 10 12 1 1 10 100 12 1 1 1 10 100 12 1 1 1 10 7 12 1 1 1 10 12 1 1 10 100 12 1 1 10 12 1 1 10 12 1 1 18 12 1 1 11 100 12 1 1 1 100 1 10 12 1 10 12 1 8 1 8 1 8 1 9 12 1 1 8 1 10 12 1 10 12 1 1 10 100 1 10 12 1 10 100 12 1 1 1 11 100 12 1 1 1 10 12 1 1 10 12 1 1 10 12 1 10 12 1 10 12 1 10 12 1 10 10 7 12 1 1 10 12 1 1 1 1 1 1 1 1 1 1 1 1 1 1 1 1 1 1 1 1 1 1 1 1 1 1 1 1 1 1 1 1 1 1 1 1 100 100 1 1 1 1 1 1 1 1 1 1 1 1 1 1 1 1 1 1 1 1 1 1 1 1 1 1 1 1 1 1 1 1 1 1 1 1 1 1 1 1 16 1 15 10 12 16 15 10 100 12 1 1 1 1 1 1 100 1 100 1 1
instanceKlass java/lang/Package
ciInstanceKlass java/lang/NamedPackage 1 1 118 10 7 12 1 1 1 10 7 12 1 1 1 10 100 12 1 1 100 1 100 1 10 8 1 10 12 1 1 10 12 1 10 12 1 1 10 12 1 10 12 1 9 7 12 1 1 1 9 12 1 1 10 12 1 1 10 100 12 1 1 1 10 12 1 10 100 12 1 1 1 10 100 12 1 1 1 100 1 10 12 1 1 10 100 12 1 1 1 10 12 1 1 100 1 100 1 10 12 1 1 1 1 1 1 1 1 1 1 1 1 1 1 1 1 1 1 1
ciMethod java/lang/NamedPackage module ()Ljava/lang/Module; 256 0 128 0 0
ciMethod java/lang/Package isSealed (Ljava/net/URL;)Z 0 0 1 0 -1
ciMethod java/lang/Package isSealed ()Z 438 0 2415 0 0
instanceKlass java/security/cert/X509Certificate
ciInstanceKlass java/security/cert/Certificate 1 1 124 10 7 12 1 1 1 9 7 12 1 1 1 9 12 1 1 10 7 12 1 1 1 10 7 12 1 1 1 100 1 10 12 1 1 100 1 10 100 1 10 12 1 1 10 12 1 100 1 100 1 10 8 1 10 12 1 1 8 1 10 12 1 1 10 12 1 10 12 1 100 1 1 1 1 5 0 1 1 1 1 1 1 1 1 1 1 1 1 1 1 1 1 1 1 100 1 1 1 100 1 100 1 100 1 100 1 1 1 1 1 1 1 1 1 1 1 100 1 1 1 1 1 1
instanceKlass java/lang/ClassValue$ClassValueMap
ciInstanceKlass java/util/WeakHashMap 1 1 402 7 1 10 7 12 1 1 1 7 1 10 9 7 12 1 1 1 100 1 100 1 10 8 1 10 12 1 1 10 12 1 10 12 1 1 10 12 1 3 10 7 12 1 1 1 8 1 10 12 1 10 7 12 1 1 1 10 12 1 1 9 12 1 1 9 12 1 1 9 12 1 1 4 10 12 1 11 100 12 1 1 1 6 0 10 100 12 1 1 1 10 12 1 1 10 12 1 1 9 12 1 1 10 12 1 1 10 12 1 1 10 7 12 1 1 10 12 1 10 12 1 1 9 12 1 10 12 1 9 12 1 1 9 12 1 9 12 10 12 1 10 10 12 1 1 10 12 1 10 12 1 1 10 12 1 1 10 12 1 1 9 12 1 10 12 1 10 12 1 1 100 1 3 10 12 1 1 11 12 1 1 11 100 12 1 1 1 11 100 12 1 1 1 11 12 100 1 11 12 1 11 12 1 10 12 1 1 10 10 7 12 1 1 1 10 12 1 9 12 1 1 7 1 10 12 1 9 12 1 1 100 1 10 9 12 7 1 10 10 100 12 1 1 10 12 1 11 100 12 1 1 1 100 1 10 11 100 12 1 1 8 1 10 12 1 10 12 10 1 1 3 1 1 1 1 1 1 1 1 1 1 1 1 1 1 1 1 1 1 1 1 1 1 1 1 1 1 1 1 1 1 1 1 1 100 1 1 1 1 1 100 1 1 1 1 1 1 1 1 1 1 1 1 1 1 1 1 1 1 1 1 1 1 1 1 1 1 1 1 1 1 1 1 1 100 1 1 1 1 1 1 1 1 1 1 1 1 1 1 1 1 1 1 1 1 1 1 1 1 1 1 1 100 1 100 1 100 1 100 1 100 1 100 1 100 1 100 1 1 1 1 1 1 1 1 1 1 1 1 1 1
staticfield java/util/WeakHashMap NULL_KEY Ljava/lang/Object; java/lang/Object
ciMethod java/util/WeakHashMap remove (Ljava/lang/Object;)Ljava/lang/Object; 512 2 7344 0 0
ciMethod java/util/WeakHashMap put (Ljava/lang/Object;Ljava/lang/Object;)Ljava/lang/Object; 512 6 4841 0 0
ciMethod java/util/WeakHashMap resize (I)V 0 0 6 0 0
ciInstanceKlass jdk/internal/perf/PerfCounter 1 1 152 10 7 12 1 1 1 9 7 12 1 1 1 9 12 1 1 10 7 12 1 1 1 10 7 12 1 1 1 10 7 12 1 1 1 10 12 1 1 9 12 1 1 10 12 1 10 7 12 1 1 1 10 12 1 1 10 12 1 10 12 1 1 10 7 12 1 1 100 1 10 10 12 1 1 8 1 10 12 1 10 12 1 1 9 7 12 1 1 1 9 12 1 9 12 1 9 12 1 9 12 1 9 12 1 10 12 1 1 1 1 1 3 1 3 1 3 1 1 1 1 1 1 1 1 1 1 1 1 1 1 1 1 1 1 1 1 1 1 1 1 1 1 1 1 1 1 1 1 1 1 1
staticfield jdk/internal/perf/PerfCounter perf Ljdk/internal/perf/Perf; jdk/internal/perf/Perf
ciMethod jdk/internal/perf/PerfCounter get ()J 512 0 3725 0 -1
ciMethod jdk/internal/perf/PerfCounter add (J)V 492 0 3725 0 0
ciMethod jdk/internal/perf/PerfCounter addTime (J)V 0 0 33 0 0
ciMethod jdk/internal/perf/PerfCounter addElapsedTimeFrom (J)V 382 0 3198 0 0
ciMethod jdk/internal/perf/PerfCounter increment ()V 110 0 494 0 0
ciMethod jdk/internal/perf/PerfCounter getParentDelegationTime ()Ljdk/internal/perf/PerfCounter; 0 0 33 0 0
ciMethod jdk/internal/perf/PerfCounter getFindClassTime ()Ljdk/internal/perf/PerfCounter; 0 0 33 0 0
ciMethod jdk/internal/perf/PerfCounter getFindClasses ()Ljdk/internal/perf/PerfCounter; 0 0 33 0 0
ciMethod jdk/internal/perf/PerfCounter getReadClassBytesTime ()Ljdk/internal/perf/PerfCounter; 520 0 2704 0 -1
ciInstanceKlass java/util/IdentityHashMap 1 1 403 9 7 12 1 1 1 10 7 12 1 1 1 10 12 1 1 100 1 100 1 10 8 1 10 12 1 1 10 12 1 10 12 1 1 10 12 1 10 12 1 1 3 3 10 7 12 1 1 7 1 9 12 1 1 11 100 12 1 1 1 6 0 10 12 10 12 1 1 9 12 1 10 7 12 1 1 1 10 12 1 1 10 12 1 1 10 12 1 1 10 12 1 1 9 12 1 3 3 100 1 8 1 10 11 12 1 1 11 100 12 1 1 1 11 100 12 1 1 1 11 12 1 1 100 1 11 12 1 11 12 1 10 12 1 1 10 12 1 10 10 12 1 1 10 11 12 1 1 10 12 1 10 12 1 9 12 1 10 7 100 1 100 1 10 12 1 9 12 1 7 1 10 12 1 9 12 1 1 7 1 10 7 1 10 10 100 12 1 1 10 12 1 10 12 1 1 10 100 12 1 1 1 10 12 1 100 1 8 1 10 10 100 12 1 1 1 11 100 12 1 1 1 10 12 1 10 12 1 1 10 10 100 12 1 1 11 100 12 1 1 100 1 10 11 100 12 1 1 10 12 1 10 100 1 100 1 1 1 3 1 3 1 1 1 1 1 5 0 1 1 1 1 1 1 1 1 1 1 1 1 1 1 1 1 1 1 1 1 1 1 1 1 1 1 1 1 1 1 1 1 1 1 1 1 1 1 1 1 1 1 1 1 1 1 1 1 1 1 1 1 1 1 1 1 1 1 1 1 100 1 1 1 1 1 1 1 100 1 1 1 1 100 1 1 1 1 1 1 1 1 1 1 1 1 1 1 1 1 1 1 1 1 1 1 1 1 1 1 100 1 100 1 100 1 100 1 100 1 100 1 100 1 100 1 100 1 1 1 1 1 1 100 1 1 1 1 1 1 1 1 1 1
staticfield java/util/IdentityHashMap NULL_KEY Ljava/lang/Object; java/lang/Object
ciMethod java/util/IdentityHashMap put (Ljava/lang/Object;Ljava/lang/Object;)Ljava/lang/Object; 512 680 11005 0 868
ciMethod java/util/IdentityHashMap hash (Ljava/lang/Object;I)I 514 0 30401 0 160
ciMethod java/util/IdentityHashMap resize (I)Z 8 1114 62 0 0
ciMethod java/util/IdentityHashMap maskNull (Ljava/lang/Object;)Ljava/lang/Object; 552 0 29660 0 104
ciMethod java/util/IdentityHashMap nextKeyIndex (II)I 512 0 12804 0 0
ciInstanceKlass java/util/Hashtable$Entry 1 1 98 10 7 12 1 1 1 9 7 12 1 1 1 9 12 1 1 9 12 1 9 12 1 1 10 12 1 1 10 12 1 100 1 10 100 1 11 12 1 10 12 1 1 11 12 1 10 100 12 1 1 1 100 1 10 10 12 1 1 10 12 1 1 8 1 10 1 1 1 1 1 1 1 1 1 1 1 1 1 1 1 1 1 1 1 1 1 1 1 1 1 1 100 1 1 1 100 1
ciInstanceKlass jdk/internal/vm/ContinuationSupport 1 1 47 10 100 12 1 1 1 9 7 12 1 1 1 10 12 1 1 100 1 8 1 10 12 1 10 7 12 1 1 10 12 1 10 12 1 1 1 1 1 1 1 1 1 1 1 1 1
staticfield jdk/internal/vm/ContinuationSupport SUPPORTED Z 1
ciMethod jdk/internal/vm/ContinuationSupport isSupported ()Z 2 0 1207 0 -1
ciMethod jdk/internal/vm/ContinuationSupport pinIfSupported ()V 0 0 603 0 0
ciMethod jdk/internal/vm/ContinuationSupport unpinIfSupported ()V 0 0 603 0 0
ciInstanceKlass java/lang/ref/Cleaner 1 1 70 10 7 12 1 1 1 7 1 10 9 7 12 1 1 1 10 10 12 1 1 8 1 10 7 12 1 1 1 8 1 8 1 7 1 10 12 1 7 1 10 10 12 1 1 1 1 1 1 1 1 1 1 1 1 1 1 1 1 1 1 1 1 1 1 100 1 1 1 1
ciInstanceKlass jdk/internal/ref/CleanerImpl 1 1 148 9 7 12 1 1 1 100 1 8 10 12 1 1 11 7 12 1 1 1 10 7 12 1 1 7 1 10 9 12 1 1 7 1 10 9 12 1 1 10 12 1 1 100 1 8 1 10 12 1 7 1 10 12 1 10 100 12 1 1 1 11 7 12 1 1 1 10 7 12 1 1 1 10 12 1 10 12 1 1 7 1 10 12 1 1 10 12 1 5 0 10 12 1 1 7 1 11 12 1 100 1 100 1 1 1 1 1 1 1 1 1 1 1 1 1 1 1 1 1 1 1 1 1 1 1 1 1 1 1 1 1 1 1 1 100 1 100 1 1 1 1 1 100 1 1 1 1
ciInstanceKlass jdk/internal/ref/CleanerImpl$PhantomCleanableRef 1 1 49 10 7 12 1 1 1 9 7 12 1 1 1 11 7 12 1 1 1 100 1 8 1 10 12 1 8 1 1 1 1 1 1 1 1 1 1 1 1 1 1 1 1 1 1 100 1 1 1
instanceKlass java/io/FileCleanable
instanceKlass jdk/internal/ref/CleanerImpl$PhantomCleanableRef
instanceKlass jdk/internal/ref/CleanerImpl$CleanerCleanable
ciInstanceKlass jdk/internal/ref/PhantomCleanable 1 1 119 10 7 12 1 1 1 10 7 12 1 1 1 9 12 1 1 10 7 12 1 1 1 9 7 12 1 1 1 9 12 1 1 9 12 1 10 7 12 1 1 1 9 12 1 1 9 12 1 1 100 1 10 12 1 10 7 12 1 1 1 10 12 1 1 10 12 1 10 12 1 100 1 8 1 10 12 1 8 1 10 7 12 1 1 1 100 1 1 1 1 1 1 1 1 1 1 1 1 1 1 1 100 1 100 1 1 1 1 1 1 1 1 1 1 100 1 1 1
staticfield jdk/internal/ref/PhantomCleanable $assertionsDisabled Z 1
ciMethod jdk/internal/ref/CleanerImpl$PhantomCleanableRef performCleanup ()V 522 0 5382 0 112
ciInstanceKlass java/lang/ref/Cleaner$Cleanable 1 0 14 100 1 100 1 1 1 1 1 1 100 1 1 1
ciMethod jdk/internal/ref/PhantomCleanable clean ()V 520 0 7492 0 0
ciInstanceKlass java/lang/ref/Cleaner$1 1 1 37 10 7 12 1 1 1 9 7 12 1 1 1 10 7 12 1 1 1 100 1 1 1 1 1 1 1 1 1 1 1 1 1 1 1 1 1
ciMethod java/lang/ref/Cleaner$1 apply (Ljava/lang/ref/Cleaner;)Ljdk/internal/ref/CleanerImpl; 514 0 6403 0 0
ciMethod java/lang/ref/Cleaner$1 apply (Ljava/lang/Object;)Ljava/lang/Object; 514 0 6403 0 128
ciMethod java/lang/ref/Cleaner register (Ljava/lang/Object;Ljava/lang/Runnable;)Ljava/lang/ref/Cleaner$Cleanable; 512 0 5380 0 1306
ciInstanceKlass jdk/internal/ref/CleanerFactory 1 1 34 10 100 12 1 1 1 9 7 12 1 1 1 7 1 10 10 7 12 1 1 1 1 1 1 1 1 1 1 1 1 1 1 1
staticfield jdk/internal/ref/CleanerFactory commonCleaner Ljava/lang/ref/Cleaner; java/lang/ref/Cleaner
ciMethod jdk/internal/ref/CleanerFactory cleaner ()Ljava/lang/ref/Cleaner; 512 0 11929 0 0
instanceKlass lombok/core/PostCompiler$1
instanceKlass lombok/core/PostCompiler$1
instanceKlass com/sun/crypto/provider/AEADBufferedStream
instanceKlass sun/security/ssl/HandshakeOutStream
instanceKlass sun/security/ssl/OutputRecord
instanceKlass sun/security/util/DerOutputStream
ciInstanceKlass java/io/ByteArrayOutputStream 1 1 127 10 7 12 1 1 1 10 7 12 1 1 100 1 100 1 10 8 1 10 12 1 1 10 12 1 10 12 1 1 10 12 1 9 12 1 1 10 7 12 1 1 1 10 7 12 1 1 1 9 12 1 1 10 12 1 10 7 12 1 1 10 7 12 1 1 1 10 12 1 1 10 7 1 10 12 10 12 1 10 12 1 10 12 1 1 1 1 1 1 1 1 1 1 1 1 1 1 1 1 1 1 1 1 1 100 1 1 1 1 1 1 1 1 100 1 1 1 1 1 1 1 1 1 1 1 1
ciMethod java/io/ByteArrayOutputStream <init> ()V 514 0 3983 0 0
ciMethod java/io/ByteArrayOutputStream <init> (I)V 512 0 5377 0 380
ciInstanceKlass java/util/jar/Attributes 1 1 316 10 7 12 1 1 1 10 7 12 1 1 10 7 12 1 1 1 9 12 1 1 10 12 1 11 7 12 1 1 1 10 7 12 1 1 1 10 7 1 11 12 1 1 10 11 12 1 11 12 1 1 11 12 1 10 100 12 1 1 100 1 10 11 12 1 1 11 100 12 1 1 1 11 100 12 1 1 1 11 12 1 1 100 1 11 12 1 11 12 1 11 12 1 11 12 1 1 11 12 1 11 12 1 11 12 1 1 11 12 1 11 12 1 10 12 1 100 1 10 10 10 12 1 10 12 1 1 10 12 1 1 8 1 10 12 1 10 10 100 12 1 1 1 10 12 1 1 9 12 1 1 10 10 12 1 9 12 1 9 7 12 1 1 1 10 12 1 1 10 100 12 1 1 1 10 12 1 1 10 12 1 1 7 1 10 10 7 12 1 1 1 100 1 10 8 1 10 12 1 1 8 1 10 12 1 8 1 10 12 1 10 12 1 1 10 12 1 10 12 1 8 1 10 12 1 10 12 1 1 8 1 10 100 12 1 1 1 8 1 8 1 10 12 1 100 1 8 1 8 1 100 1 1 1 1 1 1 1 1 1 1 1 1 1 1 1 1 1 1 1 1 1 1 1 1 1 1 1 1 1 1 1 1 1 1 1 1 1 1 1 1 1 1 1 1 1 1 1 1 1 1 1 1 1 1 1 100 1 1 1 1 1 1 1 1
ciMethod java/util/jar/Attributes size ()I 78 0 52 0 -1
ciMethod java/util/jar/Attributes get (Ljava/lang/Object;)Ljava/lang/Object; 244 0 4899 0 0
ciMethod java/util/jar/Attributes getValue (Ljava/util/jar/Attributes$Name;)Ljava/lang/String; 244 0 4880 0 0
ciMethod java/util/jar/Attributes read (Ljava/util/jar/Manifest$FastInputStream;[BLjava/lang/String;I)I 202 49478 457 0 -1
ciMethod java/util/jar/Attributes <init> (I)V 34 0 446 0 0
ciMethod java/util/jar/Attributes <init> ()V 34 0 394 0 0
ciInstanceKlass java/util/jar/JarVerifier 1 1 394 10 7 12 1 1 1 9 7 12 1 1 1 9 12 1 9 12 1 9 12 1 1 9 12 1 1 7 1 10 9 12 1 1 9 12 1 10 12 1 9 12 1 7 1 10 9 12 1 1 7 1 10 9 12 1 1 9 12 1 1 7 1 10 9 12 1 1 9 12 1 1 100 1 10 8 1 10 12 1 1 10 100 12 1 1 1 10 12 1 10 7 12 1 1 1 10 100 12 1 1 1 10 12 1 1 10 100 12 1 1 1 9 100 12 1 1 1 10 100 12 1 1 1 100 1 8 1 10 12 1 1 8 1 10 12 1 10 12 1 10 12 1 8 1 10 12 1 10 12 1 1 8 1 10 12 1 10 12 1 1 10 12 1 10 12 1 1 10 12 1 1 10 12 1 10 12 10 12 1 1 9 12 1 1 10 12 1 1 10 12 1 1 9 12 1 1 8 1 8 1 10 12 1 10 12 1 1 10 12 1 10 12 1 1 10 12 1 1 10 12 1 1 11 100 12 1 1 11 12 1 1 10 12 1 8 1 10 12 1 1 10 12 1 1 10 12 1 1 9 12 1 9 12 1 1 100 1 10 12 10 12 1 10 12 1 100 8 1 10 12 1 100 1 100 1 100 1 100 1 8 1 10 12 1 10 12 1 1 100 10 100 12 1 1 1 10 100 12 1 1 1 10 12 1 1 10 12 1 100 1 10 12 1 1 100 10 12 1 10 12 1 8 1 10 12 1 1 1 1 8 1 1 1 1 1 1 1 1 1 1 1 1 1 1 1 1 1 1 1 1 1 1 1 1 1 1 1 1 1 1 1 1 1 1 1 1 1 1 100 1 100 1 1 1 1 1 1 1 1 1 1 1 1 1 1 1 1 1 1 100 1 1 1
staticfield java/util/jar/JarVerifier debug Lsun/security/util/Debug; 
ciMethod java/util/jar/JarVerifier isTrustedManifestEntry (Ljava/lang/String;)Z 0 0 1 0 -1
ciMethod java/util/jar/JarVerifier <init> (Ljava/lang/String;[B)V 338 0 169 0 0
ciInstanceKlass java/util/jar/Manifest$FastInputStream 1 1 96 10 7 12 1 1 1 10 7 12 1 1 9 12 1 1 9 12 1 9 12 1 1 10 12 1 1 10 100 12 1 1 1 9 12 1 1 10 7 12 1 1 1 10 7 12 1 1 1 10 12 1 10 12 1 1 10 12 1 1 10 12 1 1 1 1 1 1 1 1 1 100 1 1 1 1 1 1 1 1 1 1 1 1 100 1 1 1 1 1 1 1 100 1 1 1
ciMethod java/util/jar/Manifest$FastInputStream readLine ([B)I 672 0 23034 0 -1
ciMethod java/util/jar/Manifest$FastInputStream peek ()B 664 0 7527 0 -1
ciMethod java/util/jar/Manifest$FastInputStream <init> (Ljava/io/InputStream;)V 34 0 394 0 -1
ciInstanceKlass jdk/internal/loader/BuiltinClassLoader$LoadedModule 1 1 95 10 7 12 1 1 1 10 7 12 1 1 1 10 7 12 1 1 1 7 1 9 7 12 1 1 1 8 1 10 12 1 1 10 7 12 1 1 1 10 12 1 1 9 12 1 1 9 12 1 1 9 12 1 1 10 12 1 1 10 7 12 1 1 10 12 1 1 100 1 100 1 1 1 1 1 1 1 1 1 1 1 100 1 100 1 1 1 100 1 1 1 1 1 1
ciMethod jdk/internal/loader/BuiltinClassLoader$LoadedModule loader ()Ljdk/internal/loader/BuiltinClassLoader; 256 0 128 0 -1
instanceKlass sun/net/www/protocol/jrt/JavaRuntimeURLConnection$1
instanceKlass jdk/internal/loader/URLClassPath$FileLoader$1
instanceKlass jdk/internal/loader/URLClassPath$JarLoader$1
ciInstanceKlass jdk/internal/loader/Resource 1 1 98 10 7 12 1 1 1 9 7 12 1 1 1 10 12 1 1 10 12 1 10 12 1 1 100 1 3 10 7 12 1 1 1 10 7 12 1 1 1 10 7 12 1 1 1 100 1 8 1 10 12 1 10 12 1 100 1 7 1 11 12 1 1 1 1 1 1 1 1 1 1 1 1 1 1 1 1 1 1 1 1 1 1 1 1 100 100 1 1 1 1 1 1 1 1 1 1 1
ciMethod jdk/internal/loader/Resource getBytes ()[B 512 1032 2723 0 0
ciMethod jdk/internal/loader/Resource getInputStream ()Ljava/io/InputStream; 0 0 1 0 -1
ciMethod jdk/internal/loader/Resource getByteBuffer ()Ljava/nio/ByteBuffer; 534 0 2723 0 0
ciMethod jdk/internal/loader/Resource getCodeSourceURL ()Ljava/net/URL; 0 0 1 0 -1
ciMethod jdk/internal/loader/Resource getManifest ()Ljava/util/jar/Manifest; 0 0 1 0 -1
ciMethod jdk/internal/loader/Resource getCodeSigners ()[Ljava/security/CodeSigner; 0 0 1 0 -1
ciMethod jdk/internal/loader/Resource getContentLength ()I 0 0 1 0 -1
ciMethod jdk/internal/loader/Resource getDataError ()Ljava/lang/Exception; 0 0 1 0 -1
ciMethod jdk/internal/loader/Resource cachedInputStream ()Ljava/io/InputStream; 512 0 5446 0 0
ciInstanceKlass jdk/internal/access/JavaUtilJarAccess 1 0 20 100 1 100 1 1 1 1 100 1 1 1 1 1 1 1 1 1 1 1
ciMethod jdk/internal/access/JavaUtilJarAccess getTrustedAttributes (Ljava/util/jar/Manifest;Ljava/lang/String;)Ljava/util/jar/Attributes; 0 0 1 0 -1
ciMethod jdk/internal/access/JavaUtilJarAccess ensureInitialization (Ljava/util/jar/JarFile;)V 0 0 1 0 -1
ciInstanceKlass java/util/jar/Attributes$Name 1 1 233 9 7 12 1 1 1 11 7 12 1 1 1 10 12 1 1 10 7 12 1 1 10 12 1 1 9 12 1 1 10 7 12 1 1 1 9 12 1 1 8 10 7 12 1 1 1 10 12 1 1 100 1 10 10 12 1 1 10 12 1 1 11 12 1 1 10 7 12 1 1 1 8 1 9 12 1 1 8 1 9 12 1 8 1 9 12 1 8 1 9 12 1 8 1 9 12 1 8 1 9 12 1 8 1 9 12 1 8 1 9 12 1 8 1 9 12 1 8 1 9 12 1 8 1 9 12 1 8 1 9 12 1 8 1 9 12 1 8 1 9 12 1 8 1 9 12 1 8 1 9 12 1 8 1 9 12 1 8 1 9 12 1 100 1 10 12 1 10 12 1 1 8 1 8 1 8 1 8 1 8 1 8 1 8 1 8 1 8 1 8 1 11 12 1 1 1 1 1 1 1 1 1 1 1 1 1 1 1 1 1 1 1 1 1 1 1 1 1 1 1 1 1 1 1 1 1 1 1 1 100 1 1
staticfield java/util/jar/Attributes$Name MANIFEST_VERSION Ljava/util/jar/Attributes$Name; java/util/jar/Attributes$Name
staticfield java/util/jar/Attributes$Name SIGNATURE_VERSION Ljava/util/jar/Attributes$Name; java/util/jar/Attributes$Name
staticfield java/util/jar/Attributes$Name CONTENT_TYPE Ljava/util/jar/Attributes$Name; java/util/jar/Attributes$Name
staticfield java/util/jar/Attributes$Name CLASS_PATH Ljava/util/jar/Attributes$Name; java/util/jar/Attributes$Name
staticfield java/util/jar/Attributes$Name MAIN_CLASS Ljava/util/jar/Attributes$Name; java/util/jar/Attributes$Name
staticfield java/util/jar/Attributes$Name SEALED Ljava/util/jar/Attributes$Name; java/util/jar/Attributes$Name
staticfield java/util/jar/Attributes$Name EXTENSION_LIST Ljava/util/jar/Attributes$Name; java/util/jar/Attributes$Name
staticfield java/util/jar/Attributes$Name EXTENSION_NAME Ljava/util/jar/Attributes$Name; java/util/jar/Attributes$Name
staticfield java/util/jar/Attributes$Name EXTENSION_INSTALLATION Ljava/util/jar/Attributes$Name; java/util/jar/Attributes$Name
staticfield java/util/jar/Attributes$Name IMPLEMENTATION_TITLE Ljava/util/jar/Attributes$Name; java/util/jar/Attributes$Name
staticfield java/util/jar/Attributes$Name IMPLEMENTATION_VERSION Ljava/util/jar/Attributes$Name; java/util/jar/Attributes$Name
staticfield java/util/jar/Attributes$Name IMPLEMENTATION_VENDOR Ljava/util/jar/Attributes$Name; java/util/jar/Attributes$Name
staticfield java/util/jar/Attributes$Name IMPLEMENTATION_VENDOR_ID Ljava/util/jar/Attributes$Name; java/util/jar/Attributes$Name
staticfield java/util/jar/Attributes$Name IMPLEMENTATION_URL Ljava/util/jar/Attributes$Name; java/util/jar/Attributes$Name
staticfield java/util/jar/Attributes$Name SPECIFICATION_TITLE Ljava/util/jar/Attributes$Name; java/util/jar/Attributes$Name
staticfield java/util/jar/Attributes$Name SPECIFICATION_VERSION Ljava/util/jar/Attributes$Name; java/util/jar/Attributes$Name
staticfield java/util/jar/Attributes$Name SPECIFICATION_VENDOR Ljava/util/jar/Attributes$Name; java/util/jar/Attributes$Name
staticfield java/util/jar/Attributes$Name MULTI_RELEASE Ljava/util/jar/Attributes$Name; java/util/jar/Attributes$Name
ciMethod java/util/jar/Attributes$Name equals (Ljava/lang/Object;)Z 0 0 1 0 0
ciMethod java/util/jar/Attributes$Name hashCode ()I 258 0 129 0 0
ciInstanceKlass sun/net/util/URLUtil 1 1 86 10 100 12 1 1 1 7 1 10 10 7 12 1 1 1 8 1 8 1 8 1 9 100 12 1 1 1 10 7 12 1 1 1 10 12 1 1 8 1 10 12 1 10 12 1 1 10 12 1 1 10 12 1 8 1 10 12 1 10 12 1 10 12 1 100 1 1 1 1 1 1 1 1 1 1 1 1 1 1 1 1 1 1 1 1
ciMethod sun/net/util/URLUtil urlNoFragString (Ljava/net/URL;)Ljava/lang/String; 138 0 4721 0 -1
instanceKlass java/util/concurrent/ConcurrentHashMap$TreeBin
instanceKlass java/util/concurrent/ConcurrentHashMap$TreeNode
instanceKlass java/util/concurrent/ConcurrentHashMap$ForwardingNode
instanceKlass java/util/concurrent/ConcurrentHashMap$ReservationNode
ciInstanceKlass java/util/concurrent/ConcurrentHashMap$Node 1 1 97 10 7 12 1 1 1 9 7 12 1 1 1 9 12 1 1 9 12 1 10 12 1 9 12 1 1 10 12 1 1 10 100 12 1 1 1 100 1 10 100 1 11 12 1 1 11 12 1 10 12 1 1 1 1 1 1 1 1 1 1 1 1 1 1 1 1 1 1 1 1 1 1 1 1 1 1 1 1 1 1 1 1 1 1 1 1 1 1 1 100 1 1 1 100 1 1
ciMethod java/util/concurrent/ConcurrentHashMap$Node find (ILjava/lang/Object;)Ljava/util/concurrent/ConcurrentHashMap$Node; 0 0 1 0 -1
ciMethod java/util/concurrent/ConcurrentHashMap$Node <init> (ILjava/lang/Object;Ljava/lang/Object;)V 518 0 22088 0 -1
ciInstanceKlass java/util/concurrent/ConcurrentHashMap$ReservationNode 1 1 34 100 1 10 7 12 1 1 1 100 1 1 1 1 1 1 1 1 1 1 1 1 1 1 1 1 1 1 1 1 1 1 1 1
ciInstanceKlass java/util/concurrent/ConcurrentHashMap$ForwardingNode 1 1 71 100 1 10 7 12 1 1 1 9 7 12 1 1 1 10 12 1 1 9 12 1 1 9 12 1 1 10 100 12 1 1 1 10 12 1 1 9 12 1 1 1 1 1 1 1 1 1 1 1 1 1 1 1 1 1 1 1 1 1 1 1 100 1 1 1 1 1 1 1 1
instanceKlass java/nio/DirectLongBufferU
ciInstanceKlass java/nio/LongBuffer 1 1 398 10 7 12 1 1 1 9 7 12 1 1 1 9 12 1 1 10 12 1 10 12 1 10 12 1 1 100 1 10 12 1 10 12 1 100 1 100 1 10 12 1 10 12 1 1 10 100 12 1 1 1 10 12 1 1 10 12 1 100 1 10 10 12 1 1 10 12 1 10 12 1 10 12 100 1 5 0 9 12 1 1 9 12 1 10 12 1 1 10 100 12 1 1 9 12 1 1 10 12 1 1 10 12 1 1 100 1 5 0 10 100 12 1 1 1 10 12 1 1 10 100 12 1 1 1 10 12 1 10 12 1 1 10 12 1 1 100 1 10 100 1 10 10 12 1 1 9 12 1 1 10 12 1 100 1 10 10 12 1 10 12 1 10 12 10 12 1 9 12 100 1 10 10 12 1 10 12 10 12 1 1 10 12 1 10 12 1 10 12 1 10 12 1 100 1 10 10 100 12 1 1 1 10 7 12 1 1 1 10 12 1 1 8 1 10 12 1 8 1 8 1 10 12 1 8 1 10 12 1 10 100 12 1 1 1 10 100 12 1 1 1 10 12 1 1 10 10 100 12 1 1 1 10 100 12 1 1 1 10 12 1 1 10 12 1 1 10 12 10 12 1 1 10 12 10 12 10 12 10 12 10 12 10 12 10 12 1 1 10 12 1 9 12 1 1 7 10 7 12 1 1 1 100 1 1 1 1 1 1 1 1 1 1 1 1 1 1 1 1 1 1 1 1 1 1 1 1 1 1 1 1 1 1 1 100 1 1 1 1 1 1 1 1 1 1 1 1 1 1 1 1 1 1 1 1 1 1 1 1 1 1 1 1 1 1 1 1 1 1 1 1 1 1 1 1 1 1 1 1 1 1 1 1 100 1 100 1 100 1 100 1 1 100 1 100 1 1
staticfield java/nio/LongBuffer ARRAY_BASE_OFFSET J 16
staticfield java/nio/LongBuffer $assertionsDisabled Z 1
ciMethod java/nio/LongBuffer get (I)J 0 0 1 0 -1
ciMethod java/nio/LongBuffer put (IJ)Ljava/nio/LongBuffer; 0 0 1 0 -1
instanceKlass sun/net/www/protocol/jar/URLJarFile
ciInstanceKlass java/util/jar/JarFile 1 1 700 7 1 9 12 1 1 9 12 1 7 1 10 12 1 1 7 1 10 12 1 10 12 1 10 12 1 9 12 1 1 10 7 12 1 1 1 9 12 1 10 7 12 1 1 1 9 12 1 9 12 1 1 10 7 12 1 1 1 10 12 1 1 9 12 1 10 12 1 1 9 12 9 12 1 10 12 1 1 100 1 10 12 1 1 9 12 1 1 10 7 12 1 1 1 7 1 10 12 1 1 10 12 1 1 9 12 1 9 12 1 1 11 7 12 1 1 1 7 1 10 7 12 1 1 1 10 12 1 9 12 1 1 9 12 1 1 8 1 10 100 12 1 1 7 1 10 12 1 10 10 12 1 10 12 1 1 10 12 1 10 7 12 1 1 100 1 10 12 1 1 10 12 1 10 12 1 1 10 12 1 1 10 11 12 1 1 11 12 1 1 11 12 1 18 12 1 1 11 100 12 1 1 1 18 12 1 1 11 12 1 1 11 12 1 1 18 18 10 12 7 1 10 12 1 8 1 10 7 12 1 1 1 10 12 1 10 12 1 1 10 12 1 1 100 1 10 12 1 8 1 11 12 1 1 10 7 12 1 1 1 7 1 10 12 10 12 1 1 10 12 1 8 1 10 12 10 12 1 1 10 12 1 11 12 1 1 10 12 1 11 12 1 1 11 100 12 1 1 1 11 100 12 1 1 11 12 1 10 12 1 1 100 1 8 1 10 100 1 9 12 1 1 10 12 1 8 1 10 12 1 9 12 1 1 10 12 1 1 10 12 1 1 100 1 8 1 10 100 12 1 1 10 12 1 8 1 10 12 1 8 1 10 7 12 1 1 1 9 7 12 1 1 8 1 10 12 1 8 1 10 8 1 8 1 10 3 10 12 1 1 10 12 1 1 100 1 8 1 8 1 10 8 1 10 12 1 10 12 1 10 12 1 10 12 1 1 100 1 10 12 1 10 12 1 1 9 12 1 1 9 12 1 10 7 12 1 1 9 12 1 9 12 1 9 12 1 9 12 1 10 12 1 1 9 12 1 9 12 1 9 12 1 7 1 10 7 1 10 12 1 10 12 1 1 9 7 12 1 1 1 10 12 1 1 10 7 12 1 1 9 7 12 1 1 1 10 7 12 1 1 10 12 1 100 1 10 12 10 12 1 10 12 1 10 7 12 1 1 1 10 12 1 1 7 1 10 10 7 12 1 1 1 10 12 1 1 8 1 10 7 12 1 1 1 10 7 12 1 1 10 12 1 8 1 8 1 10 12 1 10 12 1 8 1 10 12 1 1 8 1 1 1 1 1 1 1 1 8 1 1 1 1 1 1 1 1 1 1 1 1 1 1 1 1 1 1 1 1 1 1 1 1 1 100 1 1 1 1 1 1 1 1 1 1 1 1 1 1 1 1 1 1 1 1 1 1 1 1 1 1 1 1 1 1 1 1 1 100 1 1 1 1 1 1 1 1 1 1 1 1 1 100 1 1 1 1 1 1 1 1 1 1 1 1 1 16 15 10 12 16 16 15 10 12 1 16 15 16 16 1 15 10 100 12 1 1 1 1 1 1 1 1 1 1 100 1 100 1 1
staticfield java/util/jar/JarFile BASE_VERSION Ljava/lang/Runtime$Version; java/lang/Runtime$Version
staticfield java/util/jar/JarFile BASE_VERSION_FEATURE I 8
staticfield java/util/jar/JarFile RUNTIME_VERSION Ljava/lang/Runtime$Version; java/lang/Runtime$Version
staticfield java/util/jar/JarFile MULTI_RELEASE_ENABLED Z 1
staticfield java/util/jar/JarFile MULTI_RELEASE_FORCED Z 0
staticfield java/util/jar/JarFile JUZFA Ljdk/internal/access/JavaUtilZipFileAccess; java/util/zip/ZipFile$1
staticfield java/util/jar/JarFile CLASSPATH_CHARS [B 12
staticfield java/util/jar/JarFile CLASSPATH_LASTOCC [B 65
staticfield java/util/jar/JarFile CLASSPATH_OPTOSFT [B 12
staticfield java/util/jar/JarFile MULTIRELEASE_CHARS [B 19
staticfield java/util/jar/JarFile MULTIRELEASE_LASTOCC [B 65
staticfield java/util/jar/JarFile MULTIRELEASE_OPTOSFT [B 19
ciInstanceKlass java/util/zip/ZipConstants 1 0 78 100 1 100 1 1 1 1 5 0 1 5 0 1 5 0 1 5 0 1 1 3 1 3 1 3 1 3 1 3 1 3 1 3 1 3 1 3 1 3 1 1 3 1 3 1 1 1 3 1 1 1 1 1 1 1 3 1 3 1 1 1 3 1 3 1 3 1 3 1 3 1 1 1 1 1 1 1
instanceKlass java/util/jar/JarFile
ciInstanceKlass java/util/zip/ZipFile 1 1 579 7 1 7 1 100 1 7 1 10 12 1 1 7 1 10 12 1 9 7 12 1 1 1 10 12 1 10 7 12 1 1 100 1 100 1 10 8 1 10 12 1 1 10 7 12 1 1 1 10 12 1 1 10 10 12 1 8 1 10 7 12 1 1 1 9 12 1 1 10 12 1 9 12 1 10 7 12 1 1 1 10 7 12 1 1 1 9 12 1 1 7 1 10 12 1 9 12 1 1 10 7 12 1 1 1 10 12 1 1 10 12 1 10 12 1 10 12 1 9 12 1 1 9 7 12 1 1 1 10 12 1 8 1 10 12 1 1 9 7 12 1 9 12 1 1 10 12 1 1 8 1 9 12 1 1 9 12 1 9 10 12 1 1 9 12 1 7 1 9 12 1 10 12 1 10 12 1 1 11 7 12 1 1 1 10 12 1 1 5 0 5 0 7 1 10 12 1 100 1 8 1 10 10 12 1 1 10 12 1 9 12 1 1 8 1 10 12 1 1 7 1 9 12 1 10 12 1 100 1 18 12 1 1 10 12 1 10 100 12 1 1 1 10 12 1 10 12 1 1 100 1 10 12 1 18 18 7 1 9 12 1 1 11 7 12 1 1 1 10 9 12 1 10 12 1 9 12 1 1 10 12 1 9 12 1 10 12 1 9 12 1 9 12 1 9 12 1 10 12 1 10 12 1 3 9 12 1 10 12 1 10 12 1 10 7 12 1 1 1 10 12 1 1 9 12 9 12 1 1 10 12 1 100 1 10 12 1 1 100 1 8 1 10 8 1 8 1 9 12 1 1 9 12 1 100 1 10 10 12 1 11 100 1 11 12 1 1 9 12 1 9 12 1 1 10 12 1 1 10 12 1 1 9 12 1 1 11 7 12 1 1 1 7 1 8 1 10 12 1 1 10 100 12 1 1 8 1 10 12 1 1 100 1 10 12 1 9 12 1 10 7 1 10 10 7 12 1 1 1 100 1 1 1 1 1 3 1 3 1 3 1 3 1 1 1 1 1 1 100 1 1 1 1 1 1 1 1 100 1 1 1 1 1 1 100 1 1 1 1 1 1 1 1 1 1 1 1 1 1 1 100 1 1 1 1 1 1 1 1 1 1 1 1 1 1 1 1 1 1 1 1 1 1 100 1 1 1 1 1 1 1 1 1 1 1 100 1 1 1 1 1 1 1 1 1 1 1 1 1 1 1 1 1 100 1 100 1 100 1 1 16 1 15 10 12 16 15 16 15 10 12 16 15 10 100 12 1 1 1 1 1 1 1 1 1 100 1 1 1 1 1 1 1 100 1 100 1 1
staticfield java/util/zip/ZipFile DISABLE_ZIP64_EXTRA_VALIDATION Z 0
staticfield java/util/zip/ZipFile EMPTY_VERSIONS Ljava/util/BitSet; java/util/BitSet
ciMethod java/util/zip/ZipFile getName ()Ljava/lang/String; 100 0 50 0 0
ciMethod java/util/zip/ZipFile getInputStream (Ljava/util/zip/ZipEntry;)Ljava/io/InputStream; 512 0 3748 0 0
ciMethod java/util/zip/ZipFile getEntry (Ljava/lang/String;)Ljava/util/zip/ZipEntry; 562 0 7605 0 -1
ciMethod java/util/zip/ZipFile ensureOpen ()V 514 0 6472 0 144
ciMethod java/util/zip/ZipFile getManifestNum ()I 0 0 169 0 0
ciMethod java/util/zip/ZipFile getManifestName (Z)Ljava/lang/String; 120 0 708 0 0
ciMethod java/util/zip/ZipFile zipCoderFor ([BILjava/util/zip/ZipCoder;)Ljava/util/zip/ZipCoder; 606 0 78446 0 -1
ciMethod java/util/zip/ZipFile getEntryName (I)Ljava/lang/String; 326 0 2593 0 -1
ciMethod java/util/zip/ZipFile ensureOpenOrZipException ()V 524 0 3624 0 0
ciMethod java/util/jar/JarFile getInputStream (Ljava/util/zip/ZipEntry;)Ljava/io/InputStream; 522 0 3226 0 0
ciMethod java/util/jar/JarFile getManifest ()Ljava/util/jar/Manifest; 178 0 2892 0 0
ciMethod java/util/jar/JarFile ensureInitialization ()V 544 0 2723 0 0
ciMethod java/util/jar/JarFile getBytes (Ljava/util/zip/ZipEntry;)[B 94 0 457 0 0
ciMethod java/util/jar/JarFile getManifestFromReference ()Ljava/util/jar/Manifest; 178 0 2892 0 0
ciMethod java/util/jar/JarFile getManEntry ()Ljava/util/jar/JarEntry; 112 0 530 0 0
ciMethod java/util/jar/JarFile maybeInstantiateVerifier ()V 534 0 5387 0 176
ciMethod java/util/jar/JarFile initializeVerifier ()V 0 0 1 0 -1
ciMethod java/util/jar/JarFile verifiableEntry (Ljava/util/zip/ZipEntry;)Ljava/util/jar/JarEntry; 0 0 1 0 -1
ciMethod java/util/jar/JarFile beginInit ()Ljava/lang/Object; 0 0 1 0 -1
ciMethod java/util/jar/JarFile endInit (Ljava/lang/Object;)V 0 0 1 0 -1
ciInstanceKlass java/io/RandomAccessFile 1 1 457 7 1 10 12 1 1 10 7 12 1 1 10 12 1 10 7 12 1 1 9 12 1 1 100 1 9 12 1 1 10 12 1 1 8 1 10 7 12 1 1 1 8 1 10 12 1 1 10 12 1 1 8 1 8 1 9 12 1 9 12 1 100 1 100 1 10 8 1 10 12 1 1 8 1 10 12 1 10 100 1 10 10 12 1 1 100 1 8 1 10 7 1 10 9 12 1 1 10 12 1 1 9 12 1 1 10 12 1 1 10 7 12 1 1 1 9 12 1 1 10 7 12 1 1 9 12 1 10 7 12 1 1 100 1 100 1 10 12 1 10 12 1 9 12 1 10 100 12 1 1 10 12 1 10 12 1 10 12 1 1 5 0 10 12 1 1 10 12 1 1 10 12 1 10 12 1 10 12 1 1 10 12 1 100 1 10 10 12 1 10 12 10 12 1 1 10 100 1 10 12 1 1 10 12 1 10 7 12 1 1 1 10 12 1 10 12 1 1 10 10 10 12 1 10 12 1 10 12 1 10 12 1 8 1 10 10 12 1 10 12 1 10 12 1 7 1 10 12 1 10 12 1 10 12 1 10 12 10 12 1 100 1 100 1 10 100 12 1 1 1 10 12 1 1 100 1 10 12 1 1 100 1 10 12 1 1 10 12 1 10 12 1 10 10 100 12 1 1 1 10 12 1 10 12 10 12 1 10 12 1 10 12 1 1 10 12 1 1 10 12 1 1 10 12 1 1 10 12 1 1 10 100 12 1 1 1 10 12 1 7 1 10 10 7 12 1 1 1 100 1 100 1 100 1 1 1 1 3 1 3 1 3 1 3 1 3 1 1 1 1 1 1 1 1 1 1 1 1 1 1 1 1 1 1 1 1 1 1 100 1 1 1 1 1 1 1 1 100 1 1 1 1 1 1 1 1 1 1 1 1 1 1 1 1 1 1 1 1 1 1 1 1 1 1 1 1 1 1 1 1 1 1 1 1 1 1 1 1 1 1 1 1 1 1 1 1 1 1 1 100 1 1 1 1 1 1
ciInstanceKlass java/io/DataInput 1 0 36 100 1 100 1 1 1 1 100 1 1 1 1 1 1 1 1 1 1 1 1 1 1 1 1 1 1 1 1 1 1 1 1 1 1 1
ciInstanceKlass java/io/DataOutput 1 0 30 100 1 100 1 1 1 1 100 1 1 1 1 1 1 1 1 1 1 1 1 1 1 1 1 1 1 1 1 1
ciMethod java/io/RandomAccessFile read ([BII)I 512 0 9436 0 0
ciMethod java/io/RandomAccessFile seek (J)V 512 0 8915 0 0
ciMethod java/io/RandomAccessFile readBytes ([BII)I 512 0 9436 0 0
ciMethod java/io/RandomAccessFile readFully ([BII)V 512 0 5814 0 0
ciMethod java/io/RandomAccessFile readBytes0 ([BII)I 256 0 128 0 -1
ciMethod java/io/RandomAccessFile seek0 (J)V 256 0 128 0 -1
ciInstanceKlass jdk/internal/access/JavaUtilZipFileAccess 1 0 31 100 1 100 1 1 1 1 1 1 1 1 1 1 1 1 1 1 1 1 1 1 1 1 1 1 1 1 1 1 1
ciMethod jdk/internal/access/JavaUtilZipFileAccess getManifestNum (Ljava/util/jar/JarFile;)I 0 0 1 0 -1
ciMethod jdk/internal/access/JavaUtilZipFileAccess getManifestName (Ljava/util/jar/JarFile;Z)Ljava/lang/String; 0 0 1 0 -1
ciInstanceKlass java/lang/ref/ReferenceQueue$Lock 1 1 21 10 7 12 1 1 1 100 1 1 1 1 1 1 1 1 1 7 1 1 1
ciInstanceKlass java/lang/ref/ReferenceQueue$Null 1 1 28 10 7 12 1 1 1 100 1 1 1 1 1 1 1 1 1 1 1 1 1 1 1 1 1 1 1 1
instanceKlass java/util/LinkedHashMap$Entry
ciInstanceKlass java/util/HashMap$Node 1 1 95 10 7 12 1 1 1 9 7 12 1 1 1 9 12 1 1 9 12 1 9 12 1 1 100 1 10 10 12 1 1 8 1 10 12 1 10 12 1 1 10 7 12 1 1 1 100 1 11 12 1 1 10 12 1 1 11 12 1 1 1 1 1 1 1 1 1 1 1 1 1 1 1 1 1 1 1 1 1 1 1 1 1 1 1 1 1 1 100 1 1 1 100 1 1
ciInstanceKlass java/util/HashMap$TreeNode 0 0 250 100 1 10 100 12 1 1 1 9 100 12 1 1 1 9 12 1 1 9 12 1 9 12 1 1 9 12 1 1 10 12 1 1 100 1 10 12 1 9 12 1 9 12 1 9 12 1 1 10 100 12 1 1 1 10 12 1 1 10 12 1 1 10 12 1 1 10 12 1 1 10 12 1 1 10 100 12 1 1 1 10 100 12 1 1 1 10 100 12 1 1 1 9 12 1 10 12 1 1 10 12 1 1 10 12 1 1 10 12 1 1 9 100 1 10 12 1 1 10 12 1 1 10 12 1 10 12 1 1 10 12 1 10 12 1 10 12 1 1 1 1 1 1 1 1 1 1 1 1 1 1 1 1 1 1 1 1 1 1 1 1 1 1 100 1 1 1 1 1 1 1 1 1 1 1 1 1 1 1 1 1 1 1 1 1 1 1 1 1 1 1 1 1 1 1 1 1 1 1 1 1 1 1 1 1 1 1 1 1 1 1 1 1 1 1 1 1 1 1 1 1 1 1 1 1 1 1 1 1 1 1 1 1 1 1 1 1 1 1 1 1 1 1 1 100 1 1 1 1
instanceKlass java/util/HashMap$TreeNode
ciInstanceKlass java/util/LinkedHashMap$Entry 1 1 41 10 7 12 1 1 1 100 1 1 1 1 1 1 1 1 1 1 1 1 1 1 1 1 1 1 1 1 1 1 1 1 1 1 100 1 1 100 1 1 1
ciMethod java/util/HashMap$TreeNode getTreeNode (ILjava/lang/Object;)Ljava/util/HashMap$TreeNode; 0 0 1 0 -1
ciInstanceKlass java/io/FileCleanable 1 1 95 10 7 12 1 1 1 9 7 12 1 1 1 11 7 12 1 1 1 11 12 1 1 10 7 12 1 1 1 10 12 1 1 10 12 1 1 10 12 1 1 10 7 12 1 1 9 12 1 1 9 12 1 1 10 12 1 1 100 1 100 1 8 1 10 12 1 10 7 12 1 1 1 1 1 1 1 1 1 1 1 1 1 1 1 1 1 1 1 1 1 1 1 1 1
staticfield java/io/FileCleanable fdAccess Ljdk/internal/access/JavaIOFileDescriptorAccess; java/io/FileDescriptor$1
ciInstanceKlass java/nio/HeapByteBuffer 1 1 383 10 7 12 1 1 1 9 7 12 1 1 1 9 12 1 9 12 1 10 12 1 1 10 12 1 9 12 1 1 9 12 1 1 9 12 1 1 10 12 1 10 7 12 1 1 1 10 12 1 10 12 1 100 1 10 10 12 1 10 12 1 1 10 12 1 10 12 1 1 100 1 10 12 10 7 12 1 1 1 10 12 1 10 12 1 100 1 10 10 12 1 1 10 12 1 9 12 1 1 100 1 10 10 12 10 12 1 9 12 1 1 10 12 1 1 10 12 10 12 1 1 9 12 1 10 7 12 1 1 1 10 12 1 10 12 10 12 1 1 7 1 10 12 1 100 1 10 10 12 1 1 10 12 1 1 100 1 10 100 1 10 10 12 1 1 10 12 1 1 100 1 10 100 1 10 10 12 1 1 10 12 1 1 100 1 10 100 1 10 10 100 12 1 1 1 10 12 1 1 100 1 10 100 1 10 10 100 12 1 1 1 10 12 1 1 100 1 10 100 1 10 10 100 12 1 1 1 10 12 1 1 10 12 1 1 10 12 10 7 12 1 1 1 9 12 1 1 7 10 7 12 1 1 1 10 12 1 1 1 1 1 1 1 1 1 1 1 1 1 1 1 1 1 1 1 1 1 1 1 1 1 1 1 1 1 1 1 1 1 1 1 1 1 1 1 1 1 1 1 1 1 1 1 1 1 1 1 1 100 1 1 1 1 1 1 1 1 1 1 100 1 1 1 1 1 100 1 1 1 1 1 1 1 1 1 100 1 1 1 1 1 1 1 1 1 1 100 1 1 1 1 1 1 1 1 1 1 100 1 1 1 1 1 1 1 1 1 1 1 1 1 1 1 1 1 1 1 100 1 100 1 1
staticfield java/nio/HeapByteBuffer ARRAY_BASE_OFFSET J 16
staticfield java/nio/HeapByteBuffer ARRAY_INDEX_SCALE J 1
staticfield java/nio/HeapByteBuffer $assertionsDisabled Z 1
ciInstanceKlass java/util/Collections$SetFromMap 1 1 182 10 7 12 1 1 1 9 7 12 1 1 1 11 7 12 1 1 1 9 12 1 1 11 12 1 11 12 1 1 11 12 1 1 11 12 1 1 11 12 1 1 9 7 12 1 1 1 11 12 1 1 11 7 12 1 1 1 11 12 1 1 11 12 1 11 12 1 1 11 12 1 11 12 1 11 12 1 1 11 12 1 11 12 1 11 12 1 1 11 12 1 1 11 12 1 1 11 12 1 1 11 12 1 10 100 12 1 1 100 1 8 1 10 12 1 100 1 1 1 1 1 1 1 5 0 1 1 1 1 1 1 1 1 1 1 1 1 1 1 1 1 1 1 1 1 1 1 1 1 1 1 1 1 1 1 1 1 1 1 1 1 1 1 1 1 1 100 1 100 1 1 100 1 1 1 1 1 100 1 1 1
ciMethod java/util/Collections$SetFromMap remove (Ljava/lang/Object;)Z 512 0 7344 0 0
ciMethod java/util/Collections$SetFromMap add (Ljava/lang/Object;)Z 514 0 3813 0 0
instanceKlass sun/net/www/protocol/jar/URLJarFile$URLJarFileEntry
instanceKlass java/util/jar/JarFile$JarFileEntry
ciInstanceKlass java/util/jar/JarEntry 1 1 60 10 7 12 1 1 1 10 12 1 10 7 1 9 12 1 1 9 12 1 1 9 12 1 1 10 100 12 1 1 10 100 10 12 1 1 1 1 1 1 1 1 1 1 1 1 1 1 1 1 100 1 1 1 1 1 1 1 1 1
instanceKlass java/util/jar/JarEntry
ciInstanceKlass java/util/zip/ZipEntry 1 1 341 100 1 7 1 10 7 12 1 1 1 5 0 9 7 12 1 1 1 9 12 1 9 12 1 9 12 1 9 12 1 1 9 12 1 1 9 12 1 9 12 1 8 1 10 7 12 1 1 1 10 12 1 1 100 1 8 1 10 12 1 9 12 1 8 1 9 12 1 1 9 12 1 9 12 1 9 12 1 1 9 12 1 10 12 1 1 5 0 5 0 10 12 1 1 10 100 12 1 1 1 9 100 12 1 1 1 10 100 12 1 1 1 10 12 1 1 10 12 1 10 12 1 10 12 1 10 12 1 10 12 1 10 12 1 5 0 10 12 1 3 10 100 12 1 1 1 10 100 12 1 1 1 10 12 1 1 10 12 1 10 10 12 1 1 5 0 5 0 5 0 5 0 5 0 5 0 10 12 1 8 1 10 12 1 1 10 12 1 8 1 8 1 8 1 8 1 8 1 10 12 1 1 8 1 10 12 1 1 10 12 1 1 5 0 10 12 1 1 10 7 12 1 1 1 10 12 1 10 12 1 8 1 8 1 10 7 12 1 1 1 10 12 1 1 10 12 1 10 12 1 1 10 100 100 1 100 1 10 12 1 10 12 1 100 1 5 0 5 0 100 1 1 1 3 1 3 1 1 1 3 1 1 1 1 1 1 1 1 1 1 1 1 1 1 1 1 1 1 1 1 1 1 1 1 1 1 1 1 1 1 1 1 1 1 1 1 1 1 1 1 1 1 1 1 1 1 1 1 1 1 1 1 1 1 1 1 1 1 1 1
ciMethod java/util/zip/ZipEntry getName ()Ljava/lang/String; 256 0 128 0 -1
ciMethod java/util/zip/ZipEntry getSize ()J 272 0 136 0 0
ciMethod java/util/zip/ZipEntry getCrc ()J 256 0 128 0 0
ciMethod java/util/jar/JarEntry getCodeSigners ()[Ljava/security/CodeSigner; 0 0 1 0 -1
ciInstanceKlass java/util/WeakHashMap$Entry 1 1 112 10 7 12 1 1 1 9 7 12 1 1 1 9 12 1 1 9 12 1 1 10 12 1 1 10 100 12 1 1 1 100 1 10 12 1 11 10 100 12 1 1 1 10 12 1 11 10 100 12 1 1 1 100 1 10 12 1 10 12 1 1 8 1 10 12 1 10 12 1 1 1 1 1 1 1 1 1 1 1 1 1 1 1 1 1 1 1 1 1 1 1 1 1 1 1 1 1 1 1 1 1 1 1 1 1 1 1 1 1 100 1
ciMethod java/util/WeakHashMap$Entry <init> (Ljava/lang/Object;Ljava/lang/Object;Ljava/lang/ref/ReferenceQueue;ILjava/util/WeakHashMap$Entry;)V 512 0 4803 0 0
ciInstanceKlass java/util/ArrayDeque 1 1 440 100 1 9 7 12 1 1 1 3 10 12 1 1 10 7 12 1 1 1 9 12 1 1 9 12 1 10 7 12 1 1 1 100 1 8 1 10 12 1 1 100 1 3 10 7 12 1 1 7 1 11 7 12 1 1 1 10 12 1 10 12 1 1 100 1 10 100 1 10 10 12 1 10 12 1 10 12 1 10 18 12 1 1 11 12 1 1 10 12 1 1 10 12 1 10 12 1 1 100 1 10 10 12 1 10 12 1 1 10 12 1 1 10 12 1 1 10 12 1 10 12 1 10 12 1 10 12 1 10 12 1 1 7 1 10 12 1 100 1 10 100 1 10 10 100 12 1 1 1 11 100 12 1 10 12 1 1 18 12 1 1 18 11 100 12 1 10 12 1 1 10 12 1 1 10 12 1 1 10 12 1 1 10 12 1 1 10 12 1 100 10 12 1 1 10 12 1 1 10 12 1 1 10 100 12 1 1 10 12 1 100 1 100 1 10 10 100 12 1 1 10 12 1 10 12 1 10 100 12 1 1 10 12 1 10 100 12 1 1 1 11 100 12 1 1 1 10 12 1 100 1 9 12 1 1 8 1 10 12 1 1 10 100 12 1 1 1 8 1 10 12 1 1 10 12 1 11 12 1 100 1 100 1 100 1 1 1 1 1 5 0 1 1 1 1 1 1 1 1 1 1 1 1 1 1 1 1 1 1 1 1 1 1 1 1 1 1 1 1 1 1 1 1 1 1 1 1 1 1 1 1 1 1 1 1 1 1 1 1 1 1 1 1 1 1 1 1 1 1 1 1 1 1 1 1 1 1 1 1 1 1 1 1 1 1 1 1 1 1 1 1 1 1 1 1 1 1 100 1 1 1 1 1 1 1 1 100 1 1 1 1 1 1 1 1 1 1 1 100 1 1 1 100 1 1 1 1 1 1 1 1 1 1 1 16 15 16 15 10 12 15 10 12 15 10 7 12 1 1 1 1 1 1 1 100 1 100 1 1
ciInstanceKlass java/util/Queue 1 0 68 100 1 100 1 100 1 1 1 1 1 1 1 1 1 1 1 1 1 1 1 1 100 1 8 1 1 12 10 1 8 1 1 1 8 1 1 1 8 1 1 1 8 1 1 1 8 1 1 8 1 1 1 8 1 1 8 1 1 1 8 1 1 8 1 1 8 1
ciMethod java/util/ArrayDeque poll ()Ljava/lang/Object; 518 0 5380 0 182
ciMethod java/util/ArrayDeque pollFirst ()Ljava/lang/Object; 262 0 5252 0 182
ciMethod java/util/ArrayDeque elementAt ([Ljava/lang/Object;I)Ljava/lang/Object; 556 0 60039 0 128
ciMethod java/util/ArrayDeque inc (II)I 512 0 7688 0 0
instanceKlass jdk/internal/loader/URLClassPath$FileLoader
instanceKlass jdk/internal/loader/URLClassPath$JarLoader
ciInstanceKlass jdk/internal/loader/URLClassPath$Loader 1 1 127 10 7 12 1 1 1 9 7 12 1 1 1 100 1 10 100 12 1 1 1 10 12 1 100 1 10 12 1 1 100 1 8 1 10 12 1 1 10 12 1 1 10 100 12 1 1 1 10 12 1 1 10 100 12 1 1 100 1 100 1 10 12 1 1 10 100 12 1 1 1 9 12 1 1 100 1 10 12 1 10 100 1 100 1 1 1 1 1 1 1 1 1 1 1 1 1 1 1 1 1 1 1 1 1 1 1 1 100 1 1 1 1 1 1 100 1 1 1 1 1 1 100 1 1 1 1
ciMethod jdk/internal/loader/URLClassPath$Loader getResource (Ljava/lang/String;)Ljdk/internal/loader/Resource; 0 0 1 0 -1
ciInstanceKlass jdk/internal/loader/URLClassPath$JarLoader 1 1 421 7 1 8 1 8 1 7 1 10 12 1 1 10 12 1 1 8 1 10 12 1 10 12 1 1 10 7 12 1 1 1 10 7 12 1 1 9 12 1 1 9 12 1 1 10 12 1 7 1 10 12 1 9 12 1 10 7 12 1 1 8 1 10 12 1 10 7 12 1 1 1 9 12 1 9 100 12 1 1 1 8 1 10 100 12 1 1 1 10 100 12 1 1 10 12 1 1 9 12 1 9 12 1 1 11 100 12 1 1 1 100 1 8 1 10 12 10 12 1 1 10 12 1 1 7 1 10 10 12 1 1 100 1 10 12 1 10 7 1 10 100 1 10 12 1 1 10 12 1 10 12 1 1 10 12 1 1 8 1 10 12 1 10 12 1 1 8 1 9 12 1 1 10 100 12 1 1 1 100 1 10 12 1 10 12 1 10 7 12 1 1 10 7 12 1 1 1 7 1 10 12 1 10 12 1 1 10 7 12 1 1 100 1 10 12 10 12 1 1 10 12 1 1 10 7 12 1 1 1 11 7 12 1 1 1 10 12 1 1 10 100 12 1 1 1 9 100 12 1 1 1 10 100 12 1 1 1 10 12 1 1 100 1 10 10 12 1 1 10 12 1 10 12 1 9 12 1 10 12 1 1 9 12 1 8 1 8 1 10 100 12 1 1 1 100 1 10 12 1 1 10 12 1 10 12 1 10 12 1 1 9 12 1 1 10 12 1 1 10 12 1 10 10 12 1 10 12 1 10 12 1 1 8 1 10 12 1 10 100 12 1 1 1 10 12 1 100 1 10 12 1 1 1 1 1 1 1 1 1 1 1 1 1 1 1 1 1 100 1 1 1 1 1 1 1 1 1 1 1 1 1 1 1 1 1 1 1 1 1 1 1 1 1 1 1 1 1 1 1 1 1 1 1 1 1 1 1 1 1 1 1 1 1 1 100 1 100 1 1 1
staticfield jdk/internal/loader/URLClassPath$JarLoader zipAccess Ljdk/internal/access/JavaUtilZipFileAccess; java/util/zip/ZipFile$1
ciInstanceKlass jdk/internal/loader/URLClassPath$JarLoader$1 1 1 139 9 7 12 1 1 1 9 12 1 1 9 12 1 1 10 7 12 1 1 1 9 12 1 1 10 7 12 1 1 1 9 12 1 1 9 7 12 1 1 9 12 1 1 10 7 12 1 1 1 10 7 12 1 1 1 10 7 12 1 1 1 11 7 12 1 1 1 10 12 1 1 10 12 1 1 10 12 1 1 10 12 1 1 7 1 10 10 12 1 1 10 12 1 10 12 1 100 1 8 1 10 12 1 1 1 1 1 1 1 1 1 1 1 1 1 1 1 1 1 1 1 1 1 1 1 1 100 1 1 1 12 1 1 1 7 1 1 1
ciMethod jdk/internal/loader/URLClassPath$JarLoader$1 getBytes ()[B 534 0 2723 0 0
ciMethod jdk/internal/loader/URLClassPath$JarLoader$1 getInputStream ()Ljava/io/InputStream; 534 0 2723 0 0
ciMethod jdk/internal/loader/URLClassPath$JarLoader$1 getCodeSourceURL ()Ljava/net/URL; 544 0 1302 0 96
ciMethod jdk/internal/loader/URLClassPath$JarLoader$1 getManifest ()Ljava/util/jar/Manifest; 544 0 2723 0 0
ciMethod jdk/internal/loader/URLClassPath$JarLoader$1 getCodeSigners ()[Ljava/security/CodeSigner; 548 0 2723 0 -1
ciMethod jdk/internal/loader/URLClassPath$JarLoader$1 getContentLength ()I 550 0 2723 0 0
ciInstanceKlass jdk/internal/loader/ClassLoaderValue 1 1 44 10 7 12 1 1 1 10 100 12 1 1 1 10 100 12 1 1 1 10 100 12 1 1 1 1 1 1 1 1 1 1 1 1 1 1 1 1 1 1 1 1 1 1
ciInstanceKlass jdk/internal/util/WeakReferenceKey 1 1 92 10 7 12 1 1 1 10 7 12 1 1 1 9 7 12 1 1 1 10 12 1 1 7 1 11 12 1 1 10 10 12 1 1 100 1 10 12 10 100 12 1 1 1 10 100 12 1 1 1 10 12 1 1 8 1 10 100 12 1 1 10 12 1 10 12 1 1 1 1 1 1 1 1 1 1 1 1 1 1 1 1 1 1 1 1 1 1 1 1 1 1
ciInstanceKlass jdk/internal/util/StrongReferenceKey 1 1 82 10 7 12 1 1 1 9 7 12 1 1 1 7 1 11 12 1 1 10 10 7 12 1 1 1 10 12 1 1 100 1 10 10 12 1 1 10 100 12 1 1 1 10 12 1 1 8 1 10 100 12 1 1 1 10 12 1 10 12 1 1 1 1 1 1 1 1 1 1 1 1 1 1 1 1 1 1 1 1 1 1
ciInstanceKlass jdk/internal/ref/CleanerImpl$CleanableList 1 1 87 10 7 12 1 1 1 10 7 12 1 1 7 1 10 9 12 1 1 9 12 1 1 9 12 1 9 12 1 9 12 1 1 100 1 10 9 7 12 1 1 9 12 1 9 12 1 1 7 1 10 7 12 1 1 1 1 1 3 1 1 1 1 1 1 1 1 1 1 1 1 1 1 1 1 1 1 1 1 1 1 1 1 1 1 1 1
staticfield jdk/internal/ref/CleanerImpl$CleanableList $assertionsDisabled Z 1
ciInstanceKlass jdk/internal/ref/CleanerImpl$CleanableList$Node 1 1 35 100 1 10 7 12 1 1 1 7 1 9 7 12 1 1 1 1 1 1 1 1 1 1 1 1 1 1 1 1 100 1 1 1 1
ciMethod jdk/internal/ref/CleanerImpl$CleanableList remove (Ljdk/internal/ref/PhantomCleanable;)Z 512 0 5386 0 955
ciMethod jdk/internal/ref/CleanerImpl$CleanableList insert (Ljdk/internal/ref/PhantomCleanable;)V 510 0 5383 0 664
ciInstanceKlass java/lang/Package$VersionInfo 1 1 61 9 7 12 1 1 1 10 12 1 1 10 7 12 1 1 9 12 1 1 9 12 1 9 12 1 9 12 1 9 12 1 9 12 1 9 12 1 1 1 1 1 1 1 1 1 1 1 1 1 1 1 1 1 1 1 1 7 1 1 1
staticfield java/lang/Package$VersionInfo NULL_VERSION_INFO Ljava/lang/Package$VersionInfo; java/lang/Package$VersionInfo
ciInstanceKlass java/lang/ThreadLocal$ThreadLocalMap$Entry 1 1 37 10 7 12 1 1 1 9 7 12 1 1 1 1 1 1 1 1 1 1 1 1 1 1 1 1 1 1 1 1 100 1 1 100 1 1 1
ciInstanceKlass java/nio/DirectLongBufferU 1 1 208 9 7 12 1 1 1 10 7 12 1 1 1 7 1 9 12 1 1 9 11 7 12 1 1 1 10 12 1 1 10 12 1 9 12 1 1 100 1 10 12 1 9 12 1 1 10 12 1 10 100 12 1 1 1 10 12 1 10 12 1 100 1 10 10 12 1 1 10 100 12 1 1 1 10 12 1 1 100 1 8 1 10 12 1 10 12 1 9 12 1 1 10 12 1 10 12 1 1 10 7 12 1 1 1 10 7 12 1 1 1 10 12 1 1 10 12 1 10 12 1 1 10 12 1 1 10 12 1 10 12 10 12 1 10 100 12 1 1 1 9 12 1 1 9 12 1 10 12 1 1 10 12 1 1 10 12 10 7 12 1 1 1 1 1 1 1 1 1 1 1 1 1 1 1 1 1 1 100 1 100 1 1 1 1 1 1 1 1 1 1 100 1 1 1 1 1 1 1 1 1 1 1 1 1 1 1 1
staticfield java/nio/DirectLongBufferU $assertionsDisabled Z 1
ciInstanceKlass sun/security/util/Debug 1 1 424 10 100 12 1 1 1 9 7 12 1 1 1 10 100 12 1 1 8 1 10 12 1 8 1 8 1 8 1 8 1 8 1 8 1 8 1 8 1 8 1 8 1 8 1 8 1 8 1 8 1 8 1 8 1 8 1 8 1 8 1 8 1 8 1 8 1 8 1 8 1 8 1 8 1 8 1 8 1 8 1 8 1 8 1 8 1 8 1 8 1 8 1 10 12 1 1 10 7 12 1 1 1 10 12 1 1 10 9 12 1 1 10 100 12 1 1 18 12 1 1 10 12 1 1 100 1 9 100 12 1 1 1 10 12 1 1 8 1 10 12 1 9 12 1 8 1 10 12 1 1 8 1 100 1 10 10 12 1 1 10 12 1 1 8 1 10 12 1 8 1 10 12 1 1 10 100 12 1 1 8 1 10 12 1 1 10 12 1 8 1 8 1 8 1 10 100 12 1 1 1 10 12 1 1 10 100 12 1 1 1 10 12 1 10 12 1 10 12 1 9 100 12 1 1 1 10 100 12 1 1 1 10 100 12 1 1 1 10 12 1 10 100 12 1 1 10 12 1 1 10 12 8 1 8 1 10 12 1 8 1 8 1 10 12 1 8 1 8 1 8 1 10 100 12 1 1 1 10 12 1 1 10 12 1 1 10 12 18 12 1 1 11 100 12 1 1 1 18 11 12 1 1 11 12 1 1 8 1 10 100 12 1 1 1 11 100 12 1 1 11 12 1 11 12 1 8 1 8 1 10 12 1 1 8 1 8 1 9 12 1 8 1 10 12 1 1 10 12 1 1 1 1 1 1 1 1 1 1 1 1 1 1 1 1 1 1 1 1 1 1 1 1 1 1 1 1 1 1 1 1 1 1 1 1 1 1 1 1 1 1 1 1 1 1 16 15 10 12 16 16 15 10 12 16 15 10 12 16 15 10 100 12 1 1 1 1 1 1 100 1 100 1 1
ciMethod sun/security/util/Debug println (Ljava/lang/String;)V 0 0 1 0 -1
ciInstanceKlass java/util/zip/ZipUtils 1 1 361 100 1 7 1 100 1 10 100 12 1 1 1 5 0 5 0 9 7 12 1 1 1 10 7 12 1 1 1 10 12 1 1 9 12 1 5 0 5 0 5 0 5 0 5 0 5 0 10 100 12 1 1 1 10 100 12 1 1 1 10 12 1 1 10 100 12 1 1 1 10 12 1 1 10 12 1 1 100 1 10 12 1 1 100 1 10 12 1 10 12 1 1 10 12 1 10 12 1 1 10 12 1 10 12 1 10 12 1 10 12 1 10 12 1 5 0 10 12 1 1 10 12 1 1 5 0 100 1 5 0 10 100 12 1 1 1 10 12 1 1 9 7 12 1 1 1 10 12 1 1 9 12 1 1 9 7 12 1 1 1 10 12 1 1 10 7 12 1 1 1 10 12 1 1 10 7 12 1 1 1 10 12 1 1 10 12 1 1 10 12 1 1 10 12 1 10 7 12 1 1 8 1 10 7 12 1 1 1 9 12 1 10 12 1 1 100 1 9 12 1 10 12 1 1 10 7 12 1 1 1 9 12 1 1 10 7 12 1 1 1 9 12 1 1 10 12 1 1 8 1 10 12 1 1 8 1 1 1 1 5 0 1 5 0 1 1 3 1 3 1 5 0 1 3 1 1 1 1 1 1 1 1 1 1 1 1 1 1 1 1 1 1 1 1 1 1 1 1 1 1 1 1 1 1 1 1 1 1 1 1 1 1 1 1 1 1 1 1 1 1 1 1 1 1 1 1 1 1 1 1 1 1 1 1 1 1 1 1 1 1 1 1 1 1 1 1 1 1 1 1 1 1 1 1 1 1 1 1 1 1
staticfield java/util/zip/ZipUtils NIO_ACCESS Ljdk/internal/access/JavaNioAccess; java/nio/Buffer$2
staticfield java/util/zip/ZipUtils defaultBuf Ljava/nio/ByteBuffer; java/nio/HeapByteBuffer
staticfield java/util/zip/ZipUtils UNSAFE Ljdk/internal/misc/Unsafe; jdk/internal/misc/Unsafe
staticfield java/util/zip/ZipUtils byteBufferArrayOffset J 40
staticfield java/util/zip/ZipUtils byteBufferOffsetOffset J 44
ciMethod java/util/zip/ZipUtils get16 ([BI)I 576 0 16156 0 160
ciMethod java/util/zip/ZipUtils LOCSIG ([B)J 518 0 3878 0 0
ciMethod java/util/zip/ZipUtils LOCNAM ([B)I 518 0 3604 0 0
ciMethod java/util/zip/ZipUtils LOCEXT ([B)I 522 0 3604 0 0
ciMethod java/util/zip/ZipUtils CENHOW ([BI)I 556 0 15641 0 0
ciMethod java/util/zip/ZipUtils CENSIZ ([BI)J 534 0 19137 0 168
ciMethod java/util/zip/ZipUtils CENLEN ([BI)J 582 0 15531 0 0
ciMethod java/util/zip/ZipUtils CENNAM ([BI)I 528 0 14872 0 -1
ciMethod java/util/zip/ZipUtils CENOFF ([BI)J 700 0 9512 0 0
ciMethod java/util/zip/ZipUtils get32 ([BI)J 512 0 11127 0 160
ciInstanceKlass java/util/jar/JarFile$JarFileEntry 1 1 135 10 7 12 1 1 1 9 7 12 1 1 1 10 7 12 1 1 1 9 12 1 1 10 12 1 10 7 12 1 1 1 10 12 1 1 10 100 12 1 1 1 10 12 1 1 100 1 100 1 10 12 1 9 12 1 1 9 12 1 1 10 12 1 1 10 100 12 1 1 1 10 100 12 1 1 9 12 1 1 10 12 1 1 10 100 10 12 1 1 9 12 1 1 9 12 1 10 100 12 1 1 1 10 12 1 1 1 1 1 1 1 1 1 1 1 1 1 1 1 1 1 1 1 1 1 1 1 1 1 1 1 1 1 1
ciMethod java/util/jar/JarFile$JarFileEntry getName ()Ljava/lang/String; 1030 0 515 0 0
ciInstanceKlass sun/security/util/SignatureFileVerifier 1 1 734 100 1 10 100 12 1 1 1 9 7 12 1 1 1 100 1 10 9 12 1 1 10 100 12 1 1 1 100 1 10 12 1 9 12 1 1 10 12 1 1 10 100 12 1 1 1 9 12 1 1 8 1 10 100 12 1 1 1 9 12 1 1 10 12 1 1 10 7 12 1 1 1 10 12 1 1 9 7 12 1 1 1 10 12 1 1 9 12 1 1 9 12 1 1 9 12 1 1 10 12 1 1 8 1 10 12 1 1 10 12 1 1 8 1 10 12 1 8 1 8 1 8 1 11 100 12 1 1 1 10 12 1 8 1 10 12 1 1 8 1 8 1 8 1 8 1 8 1 8 1 10 12 1 10 12 1 8 1 8 1 10 12 1 1 10 12 1 10 12 1 1 9 12 1 1 10 12 1 1 100 1 10 12 1 10 12 1 1 100 1 10 12 1 1 100 1 10 100 1 10 10 12 1 1 10 12 1 1 9 100 12 1 1 1 10 100 12 1 1 1 8 1 10 12 1 1 100 1 7 1 10 8 1 10 12 1 1 10 12 1 10 12 1 10 12 1 1 100 1 10 12 1 9 12 1 1 8 1 10 100 12 1 1 1 11 100 12 1 1 1 11 100 12 1 1 1 11 12 1 9 100 12 1 1 1 11 100 1 10 12 1 1 11 12 1 1 10 12 1 1 10 12 1 1 8 1 100 1 11 12 1 11 12 10 12 1 1 8 1 10 12 8 1 10 12 1 1 9 12 1 1 8 1 10 7 12 1 1 8 1 11 8 1 10 12 1 1 10 100 12 1 1 1 10 12 1 1 100 1 9 12 1 10 12 1 8 1 8 1 8 1 10 12 1 10 12 1 8 1 11 12 1 8 1 100 1 8 1 8 1 10 10 12 1 8 1 10 10 8 1 10 12 1 1 11 100 12 1 1 10 12 1 10 100 12 1 1 1 10 100 12 1 1 1 10 100 12 1 1 1 8 1 8 1 10 100 12 1 1 1 10 12 1 1 8 1 10 12 10 12 1 1 8 1 8 1 10 100 1 8 1 10 12 1 1 10 9 12 1 10 12 1 1 8 1 10 100 12 1 1 8 1 10 8 1 8 1 8 1 8 1 10 12 1 10 12 1 8 1 8 1 10 12 1 8 1 8 1 8 1 8 1 8 1 8 1 8 1 8 1 10 12 1 1 10 12 1 1 100 1 10 100 1 10 12 1 1 10 12 1 10 8 1 10 12 1 10 12 1 10 12 1 1 100 1 10 10 12 1 1 10 12 1 1 10 100 1 10 12 1 10 12 1 1 10 10 100 12 1 1 1 8 1 3 10 7 12 1 1 1 10 12 1 3 8 1 10 12 1 8 1 10 12 1 8 1 8 1 10 12 1 9 12 1 1 1 1 1 1 1 1 1 1 1 1 1 1 1 1 1 1 1 1 100 100 1 1 100 1 100 1 1 1 1 1 1 1 1 1 1 1 1 1 1 1 1 1 1 1 1 1 1 1 1 1 1 1 1 1 1 1 1 1 1 1 1 1 1 1 1 1 1 1 100 1 1 1 1 1 1 1 1 1 1 1 1 1 1 1 1 1 1 1 1 1 1 1 1 1 1 1 1 1 1 1 100 1 1 1 1 1 1 1 1 1 1 1 1 1 1 1 1 1
staticfield sun/security/util/SignatureFileVerifier debug Lsun/security/util/Debug; 
staticfield sun/security/util/SignatureFileVerifier ATTR_DIGEST Ljava/lang/String; "-DIGEST-MANIFEST-MAIN-ATTRIBUTES"
staticfield sun/security/util/SignatureFileVerifier MAX_SIG_FILE_SIZE I 16000000
ciInstanceKlass java/util/jar/JavaUtilJarAccessImpl 1 1 54 10 7 12 1 1 1 10 7 12 1 1 1 10 7 12 1 1 1 10 12 1 10 12 1 10 12 1 1 100 1 100 1 1 1 1 1 1 1 1 1 1 1 100 1 1 1 1 1 1 1 1 1 1
ciMethod java/util/jar/JavaUtilJarAccessImpl getTrustedAttributes (Ljava/util/jar/Manifest;Ljava/lang/String;)Ljava/util/jar/Attributes; 548 0 2717 0 0
ciMethod java/util/jar/JavaUtilJarAccessImpl ensureInitialization (Ljava/util/jar/JarFile;)V 544 0 2723 0 0
instanceKlass java/util/zip/ZipCoder$UTF8ZipCoder
ciInstanceKlass java/util/zip/ZipCoder 1 1 232 9 7 12 1 1 1 9 7 12 1 1 1 10 12 1 1 10 12 1 1 10 100 12 1 1 1 10 100 12 1 1 1 10 100 12 1 1 1 100 1 100 1 10 12 1 10 12 1 10 12 1 1 10 12 1 10 100 12 1 1 1 10 12 1 1 10 12 1 10 12 1 1 10 12 1 10 12 1 1 10 12 1 1 10 7 1 10 10 12 1 10 7 12 1 1 10 12 1 10 12 1 1 10 7 12 1 1 9 12 1 1 9 12 1 1 10 100 12 1 1 9 100 12 1 1 1 10 12 1 1 10 12 1 9 12 1 1 10 12 1 10 12 1 10 12 10 12 1 1 8 1 10 12 1 10 7 12 1 1 1 9 12 1 1 10 1 1 1 3 1 3 1 3 1 1 1 1 1 1 1 1 1 1 1 1 1 1 1 1 1 1 1 1 1 1 1 1 1 1 1 1 1 1 1 1 1 1 1 1 100 100 1 100 1 1 1 1 1 1 1 1 1 1 1 1 1 1 1 1 1 1
staticfield java/util/zip/ZipCoder JLA Ljdk/internal/access/JavaLangAccess; java/lang/System$1
staticfield java/util/zip/ZipCoder UTF8 Ljava/util/zip/ZipCoder$UTF8ZipCoder; java/util/zip/ZipCoder$UTF8ZipCoder
ciMethod java/util/zip/ZipCoder toString ([BII)Ljava/lang/String; 0 0 1 0 -1
ciMethod java/util/zip/ZipCoder compare (Ljava/lang/String;[BIIZ)B 0 0 1 0 -1
ciMethod java/util/zip/ZipCoder hash (Ljava/lang/String;)I 50 0 6175 0 -1
ciInstanceKlass java/util/zip/ZipFile$CleanableResource 1 1 184 7 1 10 7 12 1 1 1 9 7 12 1 1 1 100 1 8 1 10 12 1 10 7 12 1 1 1 10 7 12 1 1 1 9 12 1 1 7 1 10 10 7 12 1 1 1 9 12 1 1 7 1 10 9 12 1 1 10 7 12 1 1 1 9 12 1 1 11 7 12 1 1 11 7 12 1 1 1 7 1 10 12 1 10 12 1 11 12 1 1 10 12 1 11 7 12 1 1 1 100 1 11 12 1 1 100 1 11 12 1 10 12 1 100 1 10 12 1 1 10 12 1 1 100 1 10 12 1 10 7 12 1 1 100 1 1 1 1 1 1 1 1 1 1 1 1 1 1 1 1 1 1 1 100 1 100 1 1 1 1 1 1 100 1 1 1 1 1 1 1 1 1 1 1 1 1 1 1 1 1 1 1 1
staticfield java/util/zip/ZipFile$CleanableResource $assertionsDisabled Z 1
ciMethod java/util/zip/ZipFile$CleanableResource getInflater ()Ljava/util/zip/Inflater; 518 0 3736 0 0
ciInstanceKlass java/util/zip/ZipFile$Source 1 1 738 100 1 100 1 100 1 7 1 7 1 9 7 12 1 1 1 10 12 1 1 5 0 8 1 10 12 1 1 10 12 1 1 10 12 1 8 1 100 1 10 12 1 1 8 1 10 12 1 1 10 12 1 8 1 10 12 1 1 10 12 1 10 12 1 10 12 1 3 8 1 9 12 1 1 10 12 1 1 10 12 1 5 0 10 12 1 10 12 1 10 12 1 8 1 10 7 12 1 1 1 3 9 12 1 1 9 12 1 1 9 12 1 10 12 1 100 1 8 1 8 1 8 1 7 1 10 12 1 8 1 7 1 10 12 1 1 10 7 12 1 1 1 10 12 1 1 8 1 10 12 1 1 100 1 10 12 1 8 1 8 1 8 1 8 1 8 1 8 1 7 1 9 12 1 1 10 7 12 1 1 10 7 12 1 1 7 1 7 1 10 7 12 1 1 1 10 12 1 1 10 12 1 100 1 100 1 10 12 1 9 12 1 1 10 7 12 1 1 1 9 12 1 10 12 1 10 12 1 1 10 12 1 9 12 1 1 10 12 1 10 9 12 1 9 12 1 10 100 12 1 1 1 10 7 12 1 1 1 9 12 1 1 8 1 11 100 12 1 1 1 9 12 1 1 7 1 10 12 1 10 12 1 10 12 1 1 10 12 1 1 10 12 1 1 5 0 9 12 1 10 9 12 1 9 12 1 1 10 12 1 1 10 7 12 1 1 1 10 12 1 1 10 12 1 10 12 1 1 8 1 7 1 10 5 0 10 7 12 1 1 1 8 1 10 12 1 5 0 10 12 1 1 10 12 1 1 9 12 1 1 10 12 1 9 12 1 10 12 1 9 12 1 9 12 1 10 12 1 5 0 9 12 1 8 1 5 0 5 0 10 12 1 5 0 10 12 1 10 12 1 10 12 1 5 0 100 1 10 12 10 12 1 1 9 12 1 9 12 1 8 1 8 1 5 0 8 1 5 0 8 1 8 1 10 12 1 1 10 12 1 10 12 1 10 12 1 1 10 12 1 1 10 12 1 1 10 12 1 1 10 12 1 100 1 10 12 1 10 12 1 1 10 12 1 10 7 12 1 1 1 10 18 12 1 1 11 7 12 1 1 1 7 1 10 12 1 10 12 1 1 10 12 1 1 10 12 1 10 12 1 11 12 1 1 10 12 1 1 10 12 1 10 12 1 10 12 1 1 7 1 10 12 1 10 12 1 8 1 9 12 1 9 100 12 1 1 1 10 12 1 9 100 12 1 1 1 10 12 1 1 10 100 12 1 1 1 100 1 10 10 12 1 10 10 7 12 1 1 10 12 1 1 9 12 1 1 10 7 12 1 1 1 1 1 3 1 3 1 3 1 1 1 3 1 1 3 1 1 1 1 1 1 1 1 1 1 1 1 1 1 1 1 1 1 1 1 1 1 100 1 1 1 1 1 1 1 1 1 1 1 1 1 1 1 1 1 1 1 1 1 100 1 1 1 1 1 1 1 1 1 1 1 1 1 1 1 1 1 1 1 1 1 1 1 1 1 1 1 1 1 1 1 1 1 1 1 1 1 1 1 100 1 1 1 1 1 1 1 1 1 1 1 1 1 1 1 1 1 1 1 1 1 1 1 1 16 15 10 12 16 15 10 7 12 1 1 1 1 1 1 1 1 100 1 100 1 1
staticfield java/util/zip/ZipFile$Source JUJA Ljdk/internal/access/JavaUtilJarAccess; java/util/jar/JavaUtilJarAccessImpl
staticfield java/util/zip/ZipFile$Source files Ljava/util/HashMap; java/util/HashMap
staticfield java/util/zip/ZipFile$Source builtInFS Ljava/nio/file/FileSystem; sun/nio/fs/WindowsFileSystem
staticfield java/util/zip/ZipFile$Source $assertionsDisabled Z 1
ciMethod java/util/zip/ZipFile$Source getEntryPos (I)I 142 0 2521 0 -1
ciMethod java/util/zip/ZipFile$Source getEntryPos (Ljava/lang/String;ZLjava/util/zip/ZipCoder;)Ljava/util/zip/ZipFile$EntryPos; 518 956 7511 0 2016
ciMethod java/util/zip/ZipFile$Source readFullyAt ([BIIJ)I 512 646 4700 0 0
ciMethod java/util/zip/ZipFile$Source getEntryHash (I)I 518 0 14684 0 -1
ciMethod java/util/zip/ZipFile$Source getEntryNext (I)I 512 0 14298 0 -1
ciMethod java/util/zip/ZipFile$Source readAt ([BIIJ)I 522 0 3621 0 0
ciInstanceKlass java/util/zip/ZipFile$EntryPos 1 1 66 10 7 12 1 1 1 9 7 12 1 1 1 9 12 1 1 18 12 1 1 18 12 1 1 18 12 1 1 1 1 1 1 1 1 1 1 1 1 1 1 1 1 1 7 1 1 1 8 1 15 15 15 10 100 12 1 1 1 1 1 100 1 100 1 1
ciMethod java/util/zip/ZipFile$EntryPos <init> (Ljava/lang/String;I)V 142 0 386 0 -1
ciInstanceKlass java/util/zip/ZipFile$ZipFileInputStream 1 1 186 100 1 100 1 10 7 12 1 1 1 9 7 12 1 1 1 10 7 12 1 1 1 10 7 12 1 1 1 9 12 1 1 10 12 1 9 12 1 10 12 1 9 12 1 5 0 10 12 1 1 9 7 12 1 1 1 9 7 12 1 1 1 9 7 12 1 1 10 12 1 1 10 12 1 10 12 1 10 12 1 10 12 1 1 100 1 8 1 10 12 1 10 12 1 1 5 0 8 1 10 12 1 1 10 12 1 9 12 1 10 12 1 10 12 1 1 10 12 1 10 12 1 10 12 1 1 100 1 5 0 3 9 12 1 1 9 12 1 1 11 7 12 1 1 1 1 1 1 1 1 1 1 1 1 1 1 100 1 1 1 1 1 1 1 1 100 1 1 100 1 100 1 1 1 1 1 1 1 1 1 1 1 1 1 1
ciMethod java/util/zip/ZipFile$ZipFileInputStream close ()V 512 0 7351 0 0
ciMethod java/util/zip/ZipFile$ZipFileInputStream read ([BII)I 524 0 3624 0 0
ciMethod java/util/zip/ZipFile$ZipFileInputStream <init> (Ljava/util/zip/ZipFile;[BI)V 512 0 3748 0 0
ciMethod java/util/zip/ZipFile$ZipFileInputStream checkZIP64 ([BI)V 0 0 1 0 -1
ciMethod java/util/zip/ZipFile$ZipFileInputStream initDataOffset ()J 524 0 3624 0 0
ciInstanceKlass java/util/zip/ZipFile$ZipFileInflaterInputStream 1 1 162 10 7 12 1 1 1 10 7 12 1 1 1 10 7 12 1 1 1 9 12 1 1 10 7 12 1 1 9 12 1 1 10 7 12 1 1 1 7 1 10 12 1 10 7 12 1 1 1 9 12 1 1 9 12 1 10 12 1 1 9 7 12 1 1 1 9 12 1 1 11 7 12 1 1 1 11 7 12 1 1 100 1 8 1 10 12 1 9 12 1 1 9 12 1 1 10 7 12 1 1 1 9 12 1 1 9 12 1 1 10 7 12 1 1 1 7 1 10 12 1 1 10 12 1 100 1 5 0 3 1 1 1 1 1 1 1 1 1 1 1 100 1 100 1 1 100 1 1 1 1 1 1 1 1 1 1 1 1 1 1 1
instanceKlass java/util/zip/ZipInputStream
instanceKlass jdk/nio/zipfs/ZipFileSystem$2
instanceKlass java/util/zip/GZIPInputStream
instanceKlass java/util/zip/ZipFile$ZipFileInflaterInputStream
ciInstanceKlass java/util/zip/InflaterInputStream 1 1 180 9 7 12 1 1 1 100 1 8 1 10 12 1 1 10 7 12 1 1 9 12 1 9 12 1 9 12 1 1 100 1 10 12 1 100 1 8 1 10 9 12 1 1 9 12 1 10 12 1 7 1 10 10 12 1 10 12 1 10 12 1 1 10 100 12 1 1 1 10 7 12 1 1 1 10 12 1 1 10 12 1 10 12 1 10 12 1 10 12 1 10 12 1 100 1 10 12 1 1 100 1 8 1 10 8 1 100 1 5 0 10 100 12 1 1 1 10 12 1 10 12 1 9 12 1 1 10 7 12 1 1 10 9 12 1 1 100 1 8 1 10 10 12 1 1 8 1 1 1 1 1 1 1 1 1 1 1 1 1 1 1 1 1 100 100 1 1 1 1 1 1 1 1 1 1 1 1 1 1
ciMethod java/util/zip/InflaterInputStream close ()V 514 0 3935 0 0
ciMethod java/util/zip/InflaterInputStream read ([BII)I 4112 182 14322 0 2512
ciMethod java/util/zip/InflaterInputStream fill ()V 512 0 4980 0 -1
ciMethod java/util/zip/InflaterInputStream <init> (Ljava/io/InputStream;Ljava/util/zip/Inflater;I)V 518 0 4273 0 0
ciMethod java/util/zip/InflaterInputStream ensureOpen ()V 538 0 17684 0 -1
ciMethod java/util/zip/ZipFile$ZipFileInflaterInputStream close ()V 520 0 3741 0 0
ciMethod java/util/zip/ZipFile$ZipFileInflaterInputStream <init> (Ljava/util/zip/ZipFile;Ljava/util/zip/ZipFile$ZipFileInputStream;Ljava/util/zip/ZipFile$CleanableResource;I)V 512 0 3736 0 0
ciMethod java/util/zip/ZipFile$ZipFileInflaterInputStream <init> (Ljava/util/zip/ZipFile;Ljava/util/zip/ZipFile$ZipFileInputStream;Ljava/util/zip/ZipFile$CleanableResource;Ljava/util/zip/Inflater;I)V 518 0 3736 0 0
ciInstanceKlass java/util/zip/ZipFile$1 1 1 102 10 7 12 1 1 1 9 7 12 1 1 1 9 100 12 1 1 1 9 100 12 1 1 1 10 12 1 1 10 12 1 1 10 12 1 1 10 12 1 1 10 12 1 1 10 12 1 1 10 12 1 9 100 12 1 1 1 100 1 100 1 1 1 1 1 1 1 1 1 1 1 1 1 1 1 1 1 1 1 1 1 1 1 1 1 1 1 1 1 1 1 1 1 1 1 1 1 1 1 1 1
ciMethod java/util/zip/ZipFile$1 getManifestNum (Ljava/util/jar/JarFile;)I 0 0 169 0 0
ciMethod java/util/zip/ZipFile$1 getManifestName (Ljava/util/jar/JarFile;Z)Ljava/lang/String; 120 0 668 0 0
ciInstanceKlass java/util/zip/ZipFile$Source$Key 1 1 82 10 7 12 1 1 1 9 7 12 1 1 1 9 12 1 1 9 12 1 1 10 7 12 1 1 1 11 7 12 1 1 1 10 7 12 1 1 1 11 12 1 1 10 7 12 1 1 10 10 7 1 10 12 1 1 10 10 10 1 1 1 1 1 1 1 1 1 1 1 1 1 1 1 1 7 1 1 100 1 1 1
ciInstanceKlass java/util/zip/ZipFile$InflaterCleanupAction 1 1 40 10 7 12 1 1 1 9 7 12 1 1 1 9 12 1 1 10 7 12 1 1 1 100 1 1 1 1 1 1 1 1 1 1 1 100 1 1 1 1
ciMethod java/util/zip/ZipFile$InflaterCleanupAction <init> (Ljava/util/zip/Inflater;Ljava/util/zip/ZipFile$CleanableResource;)V 518 0 3736 0 0
ciInstanceKlass java/util/zip/ZipCoder$UTF8ZipCoder 1 1 104 10 7 12 1 1 1 9 12 1 1 11 7 12 1 1 1 11 12 1 1 11 12 1 1 10 100 12 1 1 1 10 7 12 1 1 1 9 7 12 1 1 1 11 12 1 1 10 7 12 1 1 1 10 12 1 1 100 1 1 1 1 1 1 1 1 1 1 1 1 1 1 1 1 1 1 1 1 1 1 1 1 1 1 1 100 1 1 1 1 1 1 1 1 1 1 100 100 1 1 1 1 1 1
ciInstanceKlass java/util/zip/Inflater 1 1 291 10 7 12 1 1 1 9 7 12 1 1 1 9 7 12 1 1 7 1 10 12 1 1 10 12 1 9 12 1 1 10 12 1 9 7 12 1 1 1 10 12 1 1 9 12 1 1 9 12 1 1 9 12 1 10 12 1 1 10 100 12 1 1 1 10 12 1 10 12 1 1 10 12 1 1 9 12 1 1 10 12 10 7 12 1 1 1 10 12 1 10 100 12 1 1 1 10 12 1 1 9 12 1 1 11 100 12 1 1 1 11 12 1 1 10 12 1 1 11 12 1 10 12 1 1 10 12 1 1 10 12 1 10 12 1 10 12 1 9 12 1 10 12 1 1 100 1 9 12 1 10 12 1 1 9 12 1 1 9 12 1 9 12 1 5 0 9 12 1 10 12 1 1 10 12 1 100 1 10 10 12 1 1 10 12 1 1 10 12 1 1 10 12 1 10 12 1 10 12 1 1 10 12 1 10 12 1 9 12 1 10 100 12 1 1 1 100 1 10 100 1 8 1 10 12 1 10 7 12 1 1 10 12 1 10 12 1 100 1 1 1 1 1 1 1 1 1 1 100 100 1 1 1 1 1 1 1 1 1 1 1 1 1 1 1 1 1 1 1 1 1 1 1 1 1 1 1 1 1 1 1 1 1 1 1 1 1 1 1 1
staticfield java/util/zip/Inflater $assertionsDisabled Z 1
ciMethod java/util/zip/Inflater inflate ([BII)I 514 0 5431 0 -1
ciMethod java/util/zip/Inflater end ()V 0 0 633 0 0
ciMethod java/util/zip/Inflater finished ()Z 538 0 12534 0 -1
ciMethod java/util/zip/Inflater needsInput ()Z 514 0 6402 0 -1
ciMethod java/util/zip/Inflater needsDictionary ()Z 514 0 11445 0 -1
ciMethod java/util/zip/Inflater hasPendingOutput ()Z 256 0 128 0 -1
ciMethod java/util/zip/Inflater <init> (Z)V 110 0 808 0 0
ciMethod java/util/zip/Inflater init (Z)J 256 0 128 0 -1
ciInstanceKlass java/util/zip/Inflater$InflaterZStreamRef 1 1 78 10 7 12 1 1 1 9 7 12 1 1 1 100 1 8 1 10 12 1 10 7 12 1 1 1 10 7 12 1 1 1 9 12 1 1 9 12 1 1 11 7 12 1 1 10 7 12 1 1 1 10 7 12 1 1 1 100 1 1 1 1 1 1 1 1 1 1 1 1 1 1 1 1 1 1 1 1
staticfield java/util/zip/Inflater$InflaterZStreamRef $assertionsDisabled Z 1
ciMethod java/util/zip/Inflater$InflaterZStreamRef clean ()V 512 0 633 0 -1
ciMethod java/util/zip/Inflater$InflaterZStreamRef address ()J 256 0 128 0 -1
ciMethod java/util/zip/Inflater$InflaterZStreamRef <init> (Ljava/util/zip/Inflater;J)V 512 0 808 0 0
ciInstanceKlass sun/nio/ByteBuffered 0 0 12 100 1 100 1 1 1 1 100 1 1 1
ciMethod sun/nio/ByteBuffered getByteBuffer ()Ljava/nio/ByteBuffer; 0 0 1 0 -1
ciInstanceKlass jdk/internal/perf/PerfCounter$CoreCounters 1 1 57 10 100 12 1 1 1 8 1 10 7 12 1 1 1 9 7 12 1 1 1 8 1 9 12 1 8 1 9 12 1 8 1 9 12 1 8 1 9 12 1 8 1 9 12 1 1 1 1 1 1 1 1 1 1 1 1
staticfield jdk/internal/perf/PerfCounter$CoreCounters pdt Ljdk/internal/perf/PerfCounter; jdk/internal/perf/PerfCounter
staticfield jdk/internal/perf/PerfCounter$CoreCounters lc Ljdk/internal/perf/PerfCounter; jdk/internal/perf/PerfCounter
staticfield jdk/internal/perf/PerfCounter$CoreCounters lct Ljdk/internal/perf/PerfCounter; jdk/internal/perf/PerfCounter
staticfield jdk/internal/perf/PerfCounter$CoreCounters rcbt Ljdk/internal/perf/PerfCounter; jdk/internal/perf/PerfCounter
staticfield jdk/internal/perf/PerfCounter$CoreCounters zfc Ljdk/internal/perf/PerfCounter; jdk/internal/perf/PerfCounter
staticfield jdk/internal/perf/PerfCounter$CoreCounters zfot Ljdk/internal/perf/PerfCounter; jdk/internal/perf/PerfCounter
ciMethod java/util/Objects requireNonNull (Ljava/lang/Object;)Ljava/lang/Object; 752 0 519719 0 -1
ciMethod java/util/Set add (Ljava/lang/Object;)Z 0 0 1 0 -1
ciMethod jdk/internal/ref/CleanerImpl$CleanableList$Node <init> ()V 2 0 1 0 -1
ciMethod java/lang/ref/Cleaner$Cleanable clean ()V 0 0 1 0 -1
ciMethod jdk/internal/ref/CleanerImpl$PhantomCleanableRef <init> (Ljava/lang/Object;Ljava/lang/ref/Cleaner;Ljava/lang/Runnable;)V 512 0 5380 0 0
ciMethod jdk/internal/ref/PhantomCleanable <init> (Ljava/lang/Object;Ljava/lang/ref/Cleaner;)V 512 0 5385 0 1022
ciMethod jdk/internal/ref/PhantomCleanable performCleanup ()V 0 0 1 0 -1
ciMethod jdk/internal/ref/CleanerImpl getCleanerImpl (Ljava/lang/ref/Cleaner;)Ljdk/internal/ref/CleanerImpl; 514 0 10771 0 0
ciMethod java/util/WeakHashMap matchesKey (Ljava/util/WeakHashMap$Entry;Ljava/lang/Object;)Z 274 0 9660 0 0
ciMethod java/util/WeakHashMap getTable ()[Ljava/util/WeakHashMap$Entry; 512 0 18351 0 1739
ciMethod java/util/WeakHashMap maskNull (Ljava/lang/Object;)Ljava/lang/Object; 512 0 18391 0 104
ciMethod java/util/WeakHashMap expungeStaleEntries ()V 512 0 8181 0 0
ciMethod java/util/WeakHashMap indexFor (II)I 514 0 19007 0 0
ciMethod java/util/WeakHashMap newTable (I)[Ljava/util/WeakHashMap$Entry; 518 0 1132 0 -1
ciMethod java/util/WeakHashMap transfer ([Ljava/util/WeakHashMap$Entry;[Ljava/util/WeakHashMap$Entry;)V 12 796 6 0 -1
ciMethod java/util/WeakHashMap hash (Ljava/lang/Object;)I 512 0 5376 0 240
ciMethod jdk/internal/loader/URLClassPath getLoader (I)Ljdk/internal/loader/URLClassPath$Loader; 512 92 5704 0 -1
ciMethod java/util/HashMap calculateHashMapCapacity (I)I 544 0 3973 0 -1
ciMethod java/util/HashMap getNode (Ljava/lang/Object;)Ljava/util/HashMap$Node; 692 14 32982 0 656
ciMethod java/util/HashMap hash (Ljava/lang/Object;)I 596 0 111672 0 0
ciMethod java/util/HashMap <init> ()V 534 0 41637 0 88
ciMethod java/util/Objects checkFromIndexSize (III)I 634 0 82621 0 -1
ciMethod java/util/Objects requireNonNull (Ljava/lang/Object;Ljava/lang/String;)Ljava/lang/Object; 542 0 134459 0 -1
ciMethod java/util/Objects equals (Ljava/lang/Object;Ljava/lang/Object;)Z 518 0 33950 0 136
ciMethod java/util/Deque poll ()Ljava/lang/Object; 0 0 1 0 -1
ciMethod java/util/concurrent/ConcurrentHashMap addCount (JI)V 520 0 5399 0 -1
ciMethod java/util/concurrent/ConcurrentHashMap treeifyBin ([Ljava/util/concurrent/ConcurrentHashMap$Node;I)V 0 0 1 0 -1
ciMethod java/util/concurrent/ConcurrentHashMap helpTransfer ([Ljava/util/concurrent/ConcurrentHashMap$Node;Ljava/util/concurrent/ConcurrentHashMap$Node;)[Ljava/util/concurrent/ConcurrentHashMap$Node; 0 0 1 0 -1
ciMethod java/util/concurrent/ConcurrentHashMap casTabAt ([Ljava/util/concurrent/ConcurrentHashMap$Node;ILjava/util/concurrent/ConcurrentHashMap$Node;Ljava/util/concurrent/ConcurrentHashMap$Node;)Z 488 0 1302 0 -1
ciMethod java/util/concurrent/ConcurrentHashMap initTable ()[Ljava/util/concurrent/ConcurrentHashMap$Node; 14 0 4632 0 -1
ciMethod java/util/concurrent/ConcurrentHashMap putVal (Ljava/lang/Object;Ljava/lang/Object;Z)Ljava/lang/Object; 512 18 17679 0 -1
ciMethod java/util/concurrent/ConcurrentHashMap tabAt ([Ljava/util/concurrent/ConcurrentHashMap$Node;I)Ljava/util/concurrent/ConcurrentHashMap$Node; 548 0 5551 0 88
ciMethod java/util/concurrent/ConcurrentHashMap spread (I)I 684 0 37339 0 88
ciMethod java/util/AbstractMap <init> ()V 586 0 61152 0 0
ciMethod java/util/function/Function apply (Ljava/lang/Object;)Ljava/lang/Object; 0 0 1 0 -1
ciMethod java/lang/ref/ReferenceQueue poll0 ()Ljava/lang/ref/Reference; 4 0 1104 0 0
ciMethod jdk/internal/misc/Unsafe allocateUninitializedArray (Ljava/lang/Class;I)Ljava/lang/Object; 4100 0 7317 0 344
ciMethod jdk/internal/misc/Unsafe makeInt (BBBB)I 294 0 168 0 -1
ciMethod jdk/internal/misc/Unsafe makeInt (SS)I 88 0 45 0 -1
ciMethod jdk/internal/misc/Unsafe convEndian (ZI)I 512 0 21979 0 0
ciMethod jdk/internal/misc/Unsafe convEndian (ZS)S 736 0 22756 0 0
ciMethod jdk/internal/misc/Unsafe getIntUnaligned (Ljava/lang/Object;JZ)I 512 0 16663 0 120
ciMethod jdk/internal/misc/Unsafe getIntUnaligned (Ljava/lang/Object;J)I 516 0 341 0 -1
ciMethod jdk/internal/misc/Unsafe getShortUnaligned (Ljava/lang/Object;J)S 822 0 498 0 -1
ciMethod jdk/internal/misc/Unsafe getShortUnaligned (Ljava/lang/Object;JZ)S 596 0 22756 0 128
ciMethod jdk/internal/misc/Unsafe getReferenceAcquire (Ljava/lang/Object;J)Ljava/lang/Object; 582 0 5551 0 -1
ciMethod jdk/internal/misc/Unsafe getInt (Ljava/lang/Object;J)I 256 0 128 0 -1
ciMethod jdk/internal/misc/Unsafe getShort (Ljava/lang/Object;J)S 256 0 128 0 -1
ciMethod jdk/internal/misc/Unsafe getByte (Ljava/lang/Object;J)B 256 0 128 0 -1
ciMethod jdk/internal/misc/Unsafe allocateUninitializedArray0 (Ljava/lang/Class;I)Ljava/lang/Object; 528 0 6413 0 -1
ciMethod java/util/Arrays copyOfRange ([BII)[B 520 0 5446 0 1000
ciMethod java/util/Arrays copyOf ([BI)[B 512 0 5391 0 904
ciMethod java/lang/StringConcatHelper checkOverflow (I)I 516 0 14237 0 -1
ciMethod java/lang/StringConcatHelper doConcat (Ljava/lang/String;Ljava/lang/String;)Ljava/lang/String; 514 0 14235 0 -1
ciMethod java/lang/StringConcatHelper newArray (I)[B 248 0 20726 0 -1
ciMethod jdk/internal/util/ArraysSupport hashCodeOfUTF16 ([BIII)I 0 0 272 0 0
ciMethod jdk/internal/util/ArraysSupport hashCodeOfUnsigned ([BIII)I 66 0 10181 0 0
ciMethod jdk/internal/util/ArraysSupport vectorizedHashCode (Ljava/lang/Object;IIII)I 512 0 16900 0 -1
ciMethod java/lang/Math max (II)I 594 0 105354 0 -1
ciMethod java/lang/Math min (FF)F 342 0 875 0 -1
ciMethod java/lang/Math min (II)I 546 0 113447 0 -1
ciMethod jdk/internal/access/JavaLangAccess uncheckedGetUTF16Char ([BI)C 0 0 1 0 -1
ciMethod java/lang/Runnable run ()V 0 0 1 0 -1
ciMethod java/lang/ClassLoader getDefinedPackage (Ljava/lang/String;)Ljava/lang/Package; 550 0 2723 0 0
ciMethod java/lang/ClassLoader findLoadedClass0 (Ljava/lang/String;)Ljava/lang/Class; 256 0 128 0 -1
ciMethod java/lang/ClassLoader findBootstrapClass (Ljava/lang/String;)Ljava/lang/Class; 256 0 128 0 -1
ciMethod java/lang/ClassLoader checkName (Ljava/lang/String;)Z 512 0 10507 0 432
ciMethod java/lang/ClassLoader defineClass (Ljava/lang/String;[BIILjava/security/ProtectionDomain;)Ljava/lang/Class; 546 0 3268 0 -1
ciMethod java/lang/ClassLoader resolveClass (Ljava/lang/Class;)V 0 0 1 0 -1
ciMethod java/lang/ClassLoader findBootstrapClassOrNull (Ljava/lang/String;)Ljava/lang/Class; 510 0 4180 0 0
ciMethod java/lang/ClassLoader findLoadedClass (Ljava/lang/String;)Ljava/lang/Class; 512 0 15150 0 0
ciMethod java/io/FilterInputStream <init> (Ljava/io/InputStream;)V 204 0 6068 0 0
ciMethod java/io/InputStream close ()V 0 0 1 0 -1
ciMethod java/io/InputStream <init> ()V 394 0 11422 0 80
ciMethod java/io/InputStream read ([BII)I 0 0 1 0 -1
ciMethod java/util/Set remove (Ljava/lang/Object;)Z 0 0 1 0 -1
ciMethod jdk/internal/misc/VM addFinalRefCount (I)V 0 0 2 0 -1
ciMethod jdk/internal/misc/VM isModuleSystemInited ()Z 170 0 10351 0 -1
ciMethod java/io/OutputStream <init> ()V 514 0 6897 0 0
ciMethod java/lang/String concat (Ljava/lang/String;)Ljava/lang/String; 514 0 14090 0 0
ciMethod java/lang/String equalsIgnoreCase (Ljava/lang/String;)Z 124 0 6219 0 216
ciMethod java/lang/String replace (CC)Ljava/lang/String; 526 0 11582 0 1784
ciMethod java/lang/String substring (II)Ljava/lang/String; 512 0 12635 0 1412
ciMethod java/lang/String lastIndexOf (II)I 516 0 34394 0 0
ciMethod java/lang/String lastIndexOf (I)I 512 0 31758 0 488
ciMethod java/lang/String regionMatches (ZILjava/lang/String;II)Z 512 0 18713 0 728
ciMethod java/lang/String regionMatches (ILjava/lang/String;II)Z 0 0 5537 0 -1
ciMethod java/lang/String getBytes ([BIB)V 526 0 6767 0 264
ciMethod java/lang/String checkBoundsBeginEnd (III)V 518 0 24553 0 0
ciMethod java/lang/String isLatin1 ()Z 602 0 1235690 0 88
ciMethod java/lang/String coder ()B 512 0 1262434 0 80
ciMethod java/lang/String indexOf (I)I 516 0 12132 0 416
ciMethod java/lang/String checkIndex (II)V 530 0 1054591 0 120
ciMethod java/lang/String <init> ([BB)V 540 0 46725 0 93
ciMethod java/lang/String <init> ([BLjava/nio/charset/Charset;)V 218 0 2476 0 -1
ciMethod java/util/Map remove (Ljava/lang/Object;)Ljava/lang/Object; 0 0 1 0 -1
ciMethod java/util/Map get (Ljava/lang/Object;)Ljava/lang/Object; 0 0 1 0 -1
ciMethod java/util/Map put (Ljava/lang/Object;Ljava/lang/Object;)Ljava/lang/Object; 0 0 1 0 -1
ciMethod java/util/Hashtable <init> ()V 512 0 438 0 0
ciMethod java/util/Hashtable <init> (I)V 342 0 171 0 0
ciMethod java/util/Hashtable <init> (IF)V 514 0 609 0 0
ciMethod java/util/Dictionary <init> ()V 430 0 3293 0 0
ciMethod jdk/internal/access/SharedSecrets javaUtilJarAccess ()Ljdk/internal/access/JavaUtilJarAccess; 518 0 5516 0 0
ciMethod jdk/internal/access/SharedSecrets ensureClassInitialized (Ljava/lang/Class;)V 6 0 4 0 -1
ciMethod java/lang/Object getClass ()Ljava/lang/Class; 256 0 128 0 -1
ciMethod java/lang/Object <init> ()V 774 0 1343137 0 120
instanceKlass org/codehaus/plexus/classworlds/realm/ClassRealm
ciInstanceKlass java/net/URLClassLoader 1 1 467 10 7 12 1 1 1 7 1 10 12 1 9 7 12 1 1 1 7 1 10 12 1 9 12 1 1 10 10 12 1 10 12 1 10 7 12 1 1 1 10 12 1 1 10 7 12 1 1 1 10 7 12 1 1 1 7 1 10 12 1 1 10 12 1 1 10 12 1 1 7 1 7 1 10 12 1 1 10 12 1 1 11 7 12 1 1 1 11 7 12 1 1 1 11 12 1 1 100 1 11 12 1 11 7 12 1 1 10 12 1 11 12 1 11 12 1 1 11 10 12 1 1 10 12 1 1 10 12 1 1 10 7 12 1 1 1 8 1 10 12 1 1 10 12 1 10 12 1 1 7 1 10 12 1 7 1 10 7 12 1 1 1 10 10 12 1 10 12 1 1 10 7 12 1 1 10 12 1 100 1 100 1 10 8 1 10 12 1 1 8 1 10 12 1 1 10 10 12 1 8 1 8 1 10 7 12 1 1 1 10 12 1 1 10 12 1 1 10 12 1 1 10 12 1 1 10 12 1 1 10 12 1 10 12 1 100 1 100 1 8 1 10 12 1 10 12 1 1 10 12 1 1 7 1 10 12 1 10 7 12 1 1 1 10 12 1 1 10 12 1 10 12 1 1 10 12 1 10 7 12 1 1 1 8 1 11 7 12 1 1 1 9 7 12 1 1 1 10 7 12 1 1 1 9 12 1 9 12 1 9 12 1 9 12 1 9 12 1 9 12 1 10 7 12 1 1 1 8 1 10 12 1 1 10 12 1 10 12 1 1 7 1 10 12 1 7 1 10 10 12 1 10 10 7 12 1 1 1 1 1 1 1 1 1 1 1 1 1 1 1 1 1 1 1 1 1 1 1 1 1 1 1 1 1 1 1 1 1 1 1 100 1 100 1 100 1 100 1 1 1 1 1 1 1 1 1 1 1 1 1 1 1 1 1 1 1 1 1 1 1 1 1 1 1 1 1 1 1 1 1 1 1 1 1 1 1 1 1 100 1 1 1 1 1 1 1 1 1 1 1 1 1 1 1 1 1 1 1 1 1 1 1 1 1 1 1
ciInstanceKlass jdk/internal/loader/URLClassPath$FileLoader 1 1 133 10 7 12 1 1 1 10 7 12 1 1 1 9 7 12 1 1 1 10 7 12 1 1 1 10 7 12 1 1 1 100 1 100 1 10 12 1 10 12 1 10 12 1 1 9 7 12 1 1 1 10 12 1 1 8 1 10 12 1 9 12 1 1 10 12 1 1 10 7 12 1 1 10 12 1 1 10 12 1 1 8 1 10 12 1 1 10 12 1 10 12 1 10 12 1 1 7 1 10 12 1 100 1 1 1 1 1 1 1 1 1 1 1 1 1 1 1 1 1 1 1 1 1 1 1 1 1 7 1 1 1 1
instanceKlass java/nio/file/ClosedDirectoryStreamException
instanceKlass java/nio/file/ClosedFileSystemException
instanceKlass org/apache/http/impl/conn/ConnectionShutdownException
instanceKlass org/apache/http/ssl/SSLInitializationException
instanceKlass java/nio/channels/OverlappingFileLockException
instanceKlass org/apache/http/conn/ssl/SSLInitializationException
instanceKlass java/util/concurrent/CancellationException
ciInstanceKlass java/lang/IllegalStateException 0 0 35 10 100 12 1 1 1 10 12 1 10 12 1 10 12 1 100 1 1 1 1 5 0 1 1 1 1 1 1 1 1 1 1 1 1
ciInstanceKlass java/lang/ProcessEnvironment 1 1 292 10 7 12 1 1 1 10 12 1 100 1 100 1 10 12 1 1 8 1 10 12 1 1 8 1 10 12 1 1 10 12 1 8 1 100 1 10 10 7 12 1 1 1 10 12 1 10 7 12 1 1 1 10 12 1 1 10 12 1 1 10 12 1 1 10 12 1 10 12 1 7 1 10 12 1 1 10 12 1 100 1 10 12 1 1 10 12 1 7 1 10 12 1 10 10 10 12 1 9 12 1 1 11 7 1 9 12 1 9 12 1 1 10 12 1 1 10 100 1 10 10 9 12 1 1 11 100 12 1 1 1 10 12 1 1 10 8 1 11 12 1 1 11 100 12 1 1 1 11 12 1 100 1 11 12 1 11 12 1 9 12 1 1 10 7 12 1 1 1 10 12 1 1 10 12 1 1 10 12 1 10 12 1 10 12 1 10 12 1 10 12 10 12 1 10 12 10 7 1 10 10 10 7 12 1 1 1 10 12 1 10 12 1 1 7 1 10 12 11 12 1 1 1 1 1 5 0 1 1 3 1 1 1 1 1 1 1 1 1 1 1 1 1 1 1 1 1 1 1 1 1 1 1 1 1 1 1 1 1 1 1 1 1 1 1 1 1 1 1 1 1 1 1 1 1 1 1 1 1 100 1 100 1 1 1 1 1 1 1 1 1
staticfield java/lang/ProcessEnvironment nameComparator Ljava/lang/ProcessEnvironment$NameComparator; java/lang/ProcessEnvironment$NameComparator
staticfield java/lang/ProcessEnvironment entryComparator Ljava/lang/ProcessEnvironment$EntryComparator; java/lang/ProcessEnvironment$EntryComparator
staticfield java/lang/ProcessEnvironment theEnvironment Ljava/lang/ProcessEnvironment; java/lang/ProcessEnvironment
staticfield java/lang/ProcessEnvironment theUnmodifiableEnvironment Ljava/util/Map; java/util/Collections$UnmodifiableMap
staticfield java/lang/ProcessEnvironment theCaseInsensitiveEnvironment Ljava/util/Map; java/util/TreeMap
ciInstanceKlass java/lang/SecurityException 0 0 35 10 100 12 1 1 1 10 12 1 10 12 1 10 12 1 100 1 1 1 1 5 0 1 1 1 1 1 1 1 1 1 1 1 1
ciInstanceKlass java/lang/AssertionError 0 0 79 10 100 12 1 1 1 10 12 1 10 100 12 1 1 1 10 100 1 100 1 10 12 1 1 10 12 1 10 12 1 10 12 1 10 12 1 10 12 1 10 12 1 10 12 1 1 1 1 5 0 1 1 1 1 1 1 1 1 1 1 100 1 1 1 1 1 1 1 1 1 1 1 1 1 1 1 1 1
ciInstanceKlass java/io/EOFException 1 1 26 10 7 12 1 1 1 10 12 1 100 1 1 1 1 5 0 1 1 1 1 1 1 1 1 1
ciInstanceKlass java/lang/ExceptionInInitializerError 1 1 102 10 7 12 1 1 1 10 7 12 1 1 1 10 12 1 10 12 1 1 10 100 12 1 1 1 8 1 10 100 12 1 1 1 7 1 10 12 1 1 10 100 12 1 1 1 10 100 12 1 1 1 10 12 1 7 1 10 12 1 9 12 1 1 1 1 1 5 0 1 1 1 1 1 1 1 1 1 1 1 1 1 1 1 1 1 1 100 1 100 1 1 1 1 1 1 1 1 1 1 1 1
staticfield java/lang/ExceptionInInitializerError serialPersistentFields [Ljava/io/ObjectStreamField; 1 [Ljava/io/ObjectStreamField;
ciInstanceKlass java/lang/ClassValue$ClassValueMap 1 1 248 7 1 7 1 10 7 12 1 1 1 10 12 1 1 9 12 1 1 9 12 1 1 10 12 1 1 7 1 9 12 1 1 10 12 1 1 10 12 1 1 10 12 1 1 7 1 10 12 1 1 10 12 1 1 10 12 1 10 12 1 1 10 10 12 1 10 12 1 1 10 12 9 12 1 1 10 12 1 1 10 12 1 1 10 12 1 1 9 12 1 1 10 12 1 1 10 12 1 1 10 12 1 1 9 12 1 1 100 1 10 9 12 1 6 0 6 0 9 12 1 10 12 1 10 12 1 1 3 10 12 1 10 12 1 10 100 12 1 1 1 10 12 1 10 12 1 1 10 12 1 10 7 12 1 1 1 1 1 1 3 1 3 1 3 1 1 1 1 1 1 1 1 1 1 1 1 1 1 1 1 100 1 1 1 1 1 1 1 1 1 1 1 1 1 1 1 1 1 1 1 1 1 1 1 1 1 1 1 1 1 100 1 1 1 1 1 1 1 1 1 1 1 1 1 1 1 1 1 1 1 1 1 1 1 1 1 1 1 1 1 100 1 1 100 1 1 1
staticfield java/lang/ClassValue$ClassValueMap $assertionsDisabled Z 1
instanceKlass java/lang/UnsupportedClassVersionError
ciInstanceKlass java/lang/ClassFormatError 0 0 26 10 100 12 1 1 1 10 12 1 100 1 1 1 1 5 0 1 1 1 1 1 1 1 1 1
instanceKlass org/codehaus/classworlds/ClassRealmReverseAdapter
instanceKlass org/codehaus/plexus/classworlds/realm/FilteredClassRealm
ciInstanceKlass org/codehaus/plexus/classworlds/realm/ClassRealm 1 1 432 7 1 10 7 12 1 1 1 9 7 12 1 1 1 9 12 1 1 7 1 10 12 1 9 12 1 1 10 7 12 1 1 1 9 12 1 1 9 12 1 1 7 1 10 9 12 1 1 10 7 12 1 1 1 10 7 12 1 1 1 10 12 1 1 9 12 1 7 1 10 12 1 11 7 12 1 1 1 11 12 1 1 11 12 1 1 11 7 12 1 1 11 12 1 1 10 12 1 1 10 12 1 1 10 100 12 1 1 1 10 12 1 10 12 1 1 7 1 10 11 7 1 9 12 1 1 7 1 10 12 1 1 10 12 1 1 10 12 1 8 1 10 7 12 1 1 8 1 10 12 1 10 12 1 1 10 12 1 1 10 12 1 100 1 10 12 1 10 12 1 1 10 12 1 1 10 12 1 10 7 1 11 7 12 1 1 10 12 1 11 12 1 10 12 1 10 10 10 12 1 1 11 10 12 1 7 1 10 12 1 1 10 7 12 1 1 1 10 12 1 11 11 12 1 1 10 12 1 1 10 12 1 9 100 12 1 1 1 10 12 1 1 8 1 10 100 12 1 1 7 1 10 8 1 10 12 1 1 10 12 1 10 12 1 8 1 10 12 1 11 10 12 1 1 10 12 10 12 1 10 12 1 1 8 1 10 12 1 8 1 10 12 1 8 1 11 12 1 8 1 8 1 8 1 8 1 10 12 1 8 1 10 12 1 1 10 10 12 1 10 12 1 10 10 11 7 12 1 1 1 10 12 1 10 10 10 7 1 10 7 1 10 12 1 1 10 12 1 1 1 1 1 1 1 1 1 1 1 1 1 1 1 1 1 1 1 1 7 1 1 1 1 1 1 1 1 1 1 1 1 1 1 7 1 1 1 1 1 1 1 1 100 1 1 1 1 1 1 1 1 1 1 1 1 1 1 1 1 1 100 1 1 1 1 1 1 1 1 1 1 1 1 1 1 1 1 1 1 1 1 1
staticfield org/codehaus/plexus/classworlds/realm/ClassRealm isParallelCapable Z 1
ciInstanceKlass org/eclipse/sisu/space/CloningClassSpace$CloningClassLoader 1 1 135 7 1 10 7 12 1 1 1 9 7 12 1 1 1 11 7 12 1 1 1 8 1 10 7 12 1 1 1 11 12 1 1 100 1 100 1 10 12 1 10 12 1 10 12 1 1 10 12 1 1 10 12 1 1 7 1 10 12 1 100 1 100 1 10 12 1 1 8 8 10 12 1 1 10 7 12 1 1 10 12 1 1 10 12 1 1 10 12 1 10 12 1 10 12 1 10 10 12 1 1 10 12 1 1 1 1 1 1 1 1 1 1 1 1 1 1 1 1 1 1 1 1 1 1 1 1 1 1 1 1 1 1 1 1
ciInstanceKlass com/google/inject/internal/ConstructorInjector 1 1 222 10 10 10 9 9 9 9 10 10 10 10 10 10 10 10 9 10 10 10 7 10 10 10 11 10 10 10 10 10 100 10 10 11 10 7 7 1 1 1 1 1 1 1 1 1 1 1 1 1 1 1 1 1 1 1 1 1 1 1 1 1 1 1 1 1 1 1 1 1 1 1 1 1 1 1 1 1 1 1 1 1 1 1 1 1 7 100 1 100 1 1 1 1 1 1 1 1 1 1 1 1 7 1 1 1 1 1 1 1 1 1 12 12 7 12 12 12 12 12 12 12 12 100 12 100 12 100 12 12 12 100 12 12 12 12 1 12 7 12 7 12 7 12 12 12 7 12 12 12 1 12 12 12 12 1 1 1 1 1 1 1 1 1 1 1 1 1 1 1 1 1 1 1 1 1 1 1 1 1 1 1 1 1 1 100 1 1 1 1 1 1 1 1 1 100 1 1 1 1 1 1 1 1 1 1 1 1 1 1 1 1 1 1 1 1 1 1 1 1 1 1
ciInstanceKlass com/google/inject/internal/ConstructionContext 1 1 117 10 9 9 9 9 10 10 10 7 10 7 10 11 10 11 11 11 10 7 7 1 1 1 1 1 1 1 1 1 1 1 1 1 1 1 1 1 1 1 1 1 1 1 1 1 1 1 1 1 1 7 1 1 1 1 1 1 1 1 1 1 1 1 1 100 1 1 1 1 7 1 1 1 12 12 12 12 12 12 7 12 12 1 1 7 12 7 12 12 12 12 12 1 1 100 1 1 1 1 1 1 1 1 1 1 1 1 1 1 1 1 1 1 1 1 1
ciInstanceKlass com/google/inject/internal/InternalFactoryToInitializableAdapter 1 1 97 10 9 8 10 7 9 11 7 10 10 100 10 9 10 10 7 7 1 1 1 1 1 1 1 1 1 1 1 1 1 1 1 1 1 1 1 1 1 1 1 1 1 1 1 1 1 100 1 1 1 1 1 1 1 1 1 1 1 1 1 1 1 1 1 1 12 12 7 12 1 12 12 1 12 12 1 12 12 12 100 12 1 1 1 1 1 1 1 1 1 1 1 1 1 1 1
ciInstanceKlass org/eclipse/sisu/inject/LazyBeanEntry 1 1 160 10 7 12 1 1 1 7 1 11 7 12 1 1 1 7 1 10 12 1 9 7 12 1 1 1 9 12 1 1 9 12 1 1 10 7 12 1 1 1 11 7 12 1 1 1 9 12 1 1 10 7 12 1 1 1 11 7 12 1 1 1 100 1 10 100 1 10 100 12 1 1 1 11 12 1 1 10 100 12 1 1 1 10 12 1 1 100 1 10 10 12 1 1 10 12 1 1 10 12 1 10 12 1 10 12 1 100 1 10 12 1 100 1 1 1 1 1 1 1 1 1 1 1 1 1 1 1 1 1 1 1 1 1 1 1 1 1 1 1 100 1 1 1 1 1 1 1 1 1 1 1 1 100 1 1 1 1 1 1
ciInstanceKlass org/eclipse/aether/artifact/DefaultArtifact 1 1 184 10 100 12 1 1 1 10 7 12 1 1 1 10 7 12 1 1 9 12 1 1 10 7 12 1 1 1 10 100 12 1 1 1 100 1 100 1 10 8 1 10 12 1 1 8 1 10 12 1 1 10 12 1 10 12 1 1 9 12 1 1 9 12 1 8 1 10 12 1 1 9 12 1 8 1 9 12 1 9 12 1 9 12 1 1 10 12 1 1 9 12 1 1 10 100 12 1 1 10 12 1 100 1 10 12 1 10 12 1 10 12 1 1 11 7 12 1 1 11 12 1 11 12 1 10 12 1 1 11 7 1 100 1 10 11 12 1 1 10 12 1 8 1 10 12 1 1 1 1 1 1 1 1 1 1 1 1 1 1 1 1 1 1 1 1 1 1 1 1 1 1 1 1 1 1 1 1 1 1 1 1 1 1
staticfield org/eclipse/aether/artifact/DefaultArtifact COORDINATE_PATTERN Ljava/util/regex/Pattern; java/util/regex/Pattern
ciInstanceKlass java/security/cert/CertificateFactory 1 1 155 10 7 12 1 1 1 9 7 12 1 1 1 9 12 1 1 9 12 1 1 8 1 10 7 12 1 1 1 8 1 7 1 10 7 12 1 1 1 9 7 12 1 1 1 9 10 12 1 100 1 100 1 100 1 10 10 12 1 1 8 1 10 12 1 1 10 12 1 10 12 1 10 12 1 10 12 1 1 10 7 12 1 1 1 10 12 1 1 10 12 1 1 10 12 1 10 12 1 10 12 1 1 10 12 1 1 10 12 1 1 1 1 1 1 1 1 1 1 1 1 1 1 100 1 1 1 1 1 1 1 1 1 1 1 1 1 1 1 1 1 1 1 1 1 1 1 100 1 1 1 1 1 1 1
ciInstanceKlass java/util/concurrent/ConcurrentHashMap$TreeNode 1 1 91 10 7 12 1 1 1 9 7 12 1 1 1 10 12 1 1 9 12 1 9 12 1 9 12 1 1 9 12 1 1 10 100 12 1 1 1 10 100 12 1 1 1 10 12 1 1 1 1 1 1 1 1 1 1 1 1 1 1 1 1 1 1 1 1 1 1 1 1 1 1 1 1 1 1 1 1 1 1 1 1 100 1 1 1 1 1 1 1 1 1
ciInstanceKlass java/util/concurrent/ConcurrentHashMap$TreeBin 1 1 281 7 1 10 100 12 1 1 1 10 7 12 1 1 1 10 100 12 1 1 1 10 100 12 1 1 1 10 7 12 1 1 1 9 7 12 1 1 1 9 7 12 1 1 1 9 12 1 9 12 1 9 12 1 9 12 1 1 9 12 1 1 9 12 1 1 10 12 1 1 10 12 1 1 10 12 1 1 10 12 1 1 9 12 1 9 12 1 10 12 1 1 100 1 10 12 1 9 12 1 1 9 12 1 1 10 7 12 1 1 1 10 12 1 9 12 1 10 100 12 1 1 1 9 12 1 1 9 12 1 10 12 1 1 10 100 12 1 1 1 9 9 10 12 1 1 9 10 12 1 1 10 12 1 1 10 12 1 1 10 12 1 9 12 1 10 12 1 10 12 1 10 12 1 10 12 1 10 12 1 10 12 1 1 8 10 12 1 1 8 1 1 1 1 3 1 3 1 3 1 1 1 1 1 1 1 1 1 1 1 1 1 1 1 1 1 1 1 1 1 1 1 1 1 1 1 1 1 1 1 1 1 1 100 1 1 1 1 1 1 1 1 1 1 1 1 1 1 1 1 1 1 1 1 1 1 1 1 1 1 1 1 1 1 1 1 1 1 1 1 1 1 1 1 1 1 1 1 1 1 1
staticfield java/util/concurrent/ConcurrentHashMap$TreeBin LOCKSTATE J 40
staticfield java/util/concurrent/ConcurrentHashMap$TreeBin WAITERTHREAD J 36
staticfield java/util/concurrent/ConcurrentHashMap$TreeBin $assertionsDisabled Z 1
ciInstanceKlass java/util/zip/GZIPInputStream 1 1 242 9 7 12 1 1 1 7 1 8 1 10 12 1 1 10 12 1 1 10 7 12 1 1 7 1 10 12 1 9 12 1 1 9 12 1 1 9 12 1 10 12 1 1 9 12 1 1 10 7 12 1 1 10 7 12 1 1 1 100 1 8 1 10 10 12 1 10 12 1 10 12 1 9 12 1 10 12 1 1 10 12 1 1 10 10 12 1 1 10 12 1 7 1 10 12 1 10 12 1 10 12 1 3 100 1 8 1 10 10 12 1 8 1 10 12 1 10 12 1 1 3 8 1 9 12 1 1 10 12 1 1 7 1 7 1 9 12 1 9 12 1 1 10 12 7 1 10 12 1 10 12 1 10 12 1 1 10 12 1 5 0 8 1 10 10 12 1 10 7 12 1 7 1 10 100 1 10 10 100 12 1 1 1 10 100 12 1 1 1 10 12 1 1 8 1 10 12 1 10 12 1 10 1 1 1 3 1 3 1 3 1 3 1 3 1 1 1 1 1 1 1 1 1 1 1 1 1 1 1 1 1 1 1 1 1 1 100 1 1 1 1
ciInstanceKlass java/util/zip/ZipException 0 0 26 10 100 12 1 1 1 10 12 1 100 1 1 1 1 5 0 1 1 1 1 1 1 1 1 1
ciInstanceKlass org/apache/http/conn/EofSensorInputStream 1 1 117 10 8 10 9 9 9 100 8 10 10 10 10 10 10 10 10 10 11 10 11 11 10 7 7 100 1 1 1 1 1 1 1 1 1 1 1 1 1 1 1 1 1 1 1 1 1 1 1 1 1 1 1 1 100 100 1 1 1 1 1 100 1 1 1 1 1 1 1 1 1 1 100 100 1 1 1 1 1 1 1 1 12 1 7 12 12 12 12 1 1 12 12 12 12 12 12 12 12 7 12 12 12 12 1 1 1 1 1 1 1 1 1 1 1 1 1
ciInstanceKlass org/eclipse/aether/internal/impl/collect/DataPool$ConstraintKey 1 1 117 10 7 12 1 1 1 10 7 12 1 1 1 9 7 12 1 1 1 10 12 1 1 9 12 1 1 11 7 12 1 1 1 9 12 1 11 12 1 1 10 12 1 11 7 12 1 1 11 12 1 1 11 7 12 1 1 1 11 12 1 1 7 1 10 12 1 10 12 1 10 12 1 1 10 7 1 10 12 1 1 10 7 12 1 1 1 1 1 1 1 1 1 1 1 1 1 1 1 1 1 1 1 1 1 1 1 1 1 1 1 1 1 1 100 1 1
ciMethodData java/lang/Byte toUnsignedInt (B)I 2 2589281 orig 80 0 0 0 0 0 0 0 0 0 0 0 0 0 0 0 0 0 0 0 0 0 0 0 0 0 0 0 0 0 0 0 0 0 0 0 0 0 0 0 0 0 0 0 0 0 0 0 0 0 0 0 0 0 0 0 0 0 0 0 0 0 0 0 0 0 0 0 0 0 0 0 0 0 0 0 0 0 0 0 0 data 4 0x0 0x9 0x1 0x0 oops 0 methods 0
ciMethodData java/lang/String hashCode ()I 2 24081 orig 80 2 0 0 0 0 0 0 0 0 0 0 0 0 0 0 0 0 0 0 0 0 0 0 0 0 0 0 0 0 0 0 0 0 0 0 0 0 0 0 1 0 0 0 0 0 0 0 0 0 0 0 0 0 0 0 0 0 0 0 0 0 0 0 0 0 0 0 0 0 0 0 0 0 0 0 0 0 0 0 0 data 41 0x60007 0x2025 0x100 0x3dec 0xd0007 0x3a 0xe0 0x3db2 0x110005 0x239 0x1e333135a98 0x3b79 0x0 0x0 0x8000000600140007 0x110 0x48 0x3ca3 0x1b0002 0x3ca3 0x1e0003 0x3ca4 0x28 0x250002 0x110 0x2a0007 0x3d7e 0x38 0x36 0x320003 0x36 0x18 0x0 0x0 0x0 0x0 0x0 0x0 0x9 0x1 0xe oops 1 10 java/lang/String methods 0
ciMethodData java/lang/String isLatin1 ()Z 2 1235389 orig 80 0 0 0 0 0 0 0 0 0 0 0 0 0 0 0 0 0 0 0 0 0 0 0 0 0 0 0 0 0 0 0 0 0 0 0 0 0 0 0 0 0 0 0 0 0 0 0 0 0 0 0 0 0 0 0 0 0 0 0 0 0 0 0 0 0 0 0 0 0 0 0 0 0 0 0 0 0 0 0 0 data 18 0x30007 0x0 0x58 0x12d9bf 0xa0007 0x199 0x38 0x12d824 0xe0003 0x12d826 0x18 0x0 0x0 0x0 0x0 0x9 0x1 0x0 oops 0 methods 0
ciMethodData java/lang/StringLatin1 hashCode ([B)I 2 15523 orig 80 0 0 0 0 0 0 0 0 0 0 0 0 0 0 0 0 0 0 0 0 0 0 0 0 0 0 0 0 0 0 0 0 0 0 0 0 0 0 0 0 0 0 0 0 0 0 0 0 0 0 0 0 0 0 0 0 0 0 0 0 0 0 0 0 0 0 0 0 0 0 0 0 0 0 0 0 0 0 0 0 data 11 0x50002 0x3ca3 0x0 0x0 0x0 0x0 0x0 0x0 0x9 0x1 0x0 oops 0 methods 0
ciMethodData jdk/internal/util/ArraysSupport hashCodeOfUnsigned ([BIII)I 2 10148 orig 80 1 0 0 0 0 0 0 0 0 0 0 0 0 0 0 0 0 0 0 0 0 0 0 0 0 0 0 0 0 0 0 0 0 0 0 0 0 0 0 2 0 0 0 0 0 0 0 0 0 0 0 0 0 0 0 0 0 0 0 0 0 0 0 0 0 0 0 0 0 0 0 0 0 0 0 0 0 0 0 0 data 30 0x8000000600010008 0x6 0x276f 0x80 0x36 0x40 0x1 0x58 0x1d0003 0x36 0x50 0x270002 0x1 0x2b0003 0x1 0x28 0x330002 0x276f 0x0 0x0 0x0 0x0 0x0 0x0 0x9 0x4 0x0 0x0 0x0 0x0 oops 0 methods 0
ciMethodData java/lang/StringUTF16 hashCode ([B)I 1 272 orig 80 0 0 0 0 0 0 0 0 0 0 0 0 0 0 0 0 0 0 0 0 0 0 0 0 0 0 0 0 0 0 0 0 0 0 0 0 0 0 0 0 0 0 0 0 0 0 0 0 0 0 0 0 0 0 0 0 0 0 0 0 0 0 0 0 0 0 0 0 0 0 0 0 0 0 0 0 0 0 0 0 data 11 0x70002 0x110 0x0 0x0 0x0 0x0 0x0 0x0 0x9 0x1 0x0 oops 0 methods 0
ciMethodData jdk/internal/util/ArraysSupport hashCodeOfUTF16 ([BIII)I 1 272 orig 80 0 0 0 0 0 0 0 0 0 0 0 0 0 0 0 0 0 0 0 0 0 0 0 0 0 0 0 0 0 0 0 0 0 0 0 0 0 0 0 0 0 0 0 0 0 0 0 0 0 0 0 0 0 0 0 0 0 0 0 0 0 0 0 0 0 0 0 0 0 0 0 0 0 0 0 0 0 0 0 0 data 34 0x10008 0x6 0x110 0xa0 0x0 0x40 0x0 0x58 0x1d0003 0x0 0x70 0x290005 0x0 0x0 0x0 0x0 0x0 0x2f0003 0x0 0x28 0x370002 0x110 0x0 0x0 0x0 0x0 0x0 0x0 0x9 0x4 0xffffffffffffffff 0x0 0x0 0x0 oops 0 methods 0
ciMethodData java/lang/String charAt (I)C 2 1040382 orig 80 0 0 0 0 0 0 0 0 0 0 0 0 0 0 0 0 0 0 0 0 0 0 0 0 0 0 0 0 0 0 0 0 0 0 0 0 0 0 0 0 0 0 0 0 0 0 0 0 0 0 0 0 0 0 0 0 0 0 0 0 0 0 0 0 0 0 0 0 0 0 0 0 0 0 0 0 0 0 0 0 data 24 0x10005 0x0 0x1e333135a98 0xfdffd 0x0 0x0 0x40007 0x6 0x30 0xfdff6 0xc0002 0xfdff7 0x150002 0x6 0x0 0x0 0x0 0x0 0x0 0x0 0x9 0x2 0x0 0x0 oops 1 2 java/lang/String methods 0
ciMethodData java/lang/StringLatin1 charAt ([BI)C 2 1040374 orig 80 0 0 0 0 0 0 0 0 0 0 0 0 0 0 0 0 0 0 0 0 0 0 0 0 0 0 0 0 0 0 0 0 0 0 0 0 0 0 0 0 0 0 0 0 0 0 0 0 0 0 0 0 0 0 0 0 0 0 0 0 0 0 0 0 0 0 0 0 0 0 0 0 0 0 0 0 0 0 0 0 data 12 0x30002 0xfdff7 0x0 0x0 0x0 0x0 0x0 0x0 0x9 0x2 0x0 0x0 oops 0 methods 0
ciMethodData java/lang/String checkIndex (II)V 2 1054326 orig 80 0 0 0 0 0 0 0 0 0 0 0 0 0 0 0 0 0 0 0 0 0 0 0 0 0 0 0 0 0 0 0 0 0 0 0 0 0 0 0 0 0 0 0 0 0 0 0 0 0 0 0 0 0 0 0 0 0 0 0 0 0 0 0 0 0 0 0 0 0 0 0 0 0 0 0 0 0 0 0 0 data 12 0x50002 0x101676 0x0 0x0 0x0 0x0 0x0 0x0 0x9 0x2 0x0 0x0 oops 0 methods 0
ciMethodData java/lang/StringUTF16 charAt ([BI)C 1 7 orig 80 0 0 0 0 0 0 0 0 0 0 0 0 0 0 0 0 0 0 0 0 0 0 0 0 0 0 0 0 0 0 0 0 0 0 0 0 0 0 0 0 0 0 0 0 0 0 0 0 0 0 0 0 0 0 0 0 0 0 0 0 0 0 0 0 0 0 0 0 0 0 0 0 0 0 0 0 0 0 0 0 data 14 0x20002 0x7 0x70002 0x1 0x0 0x0 0x0 0x0 0x0 0x0 0x9 0x2 0x0 0x0 oops 0 methods 0
ciMethodData java/lang/Object <init> ()V 2 1342750 orig 80 1 0 0 0 0 0 0 0 0 0 0 0 0 0 0 0 0 0 0 0 0 0 0 0 0 0 0 0 0 0 0 0 0 0 0 0 0 0 0 0 0 0 0 0 0 0 0 0 0 0 0 0 0 0 0 0 0 0 0 0 0 0 0 0 0 0 0 0 0 0 0 0 0 0 0 0 0 0 0 0 data 4 0x0 0x9 0x1 0x0 oops 0 methods 0
ciMethodData java/util/concurrent/ConcurrentHashMap tabAt ([Ljava/util/concurrent/ConcurrentHashMap$Node;I)Ljava/util/concurrent/ConcurrentHashMap$Node; 2 5277 orig 80 0 0 0 0 0 0 0 0 0 0 0 0 0 0 0 0 0 0 0 0 0 0 0 0 0 0 0 0 0 0 0 0 0 0 0 0 0 0 0 0 0 0 0 0 0 0 0 0 0 0 0 0 0 0 0 0 0 0 0 0 0 0 0 0 0 0 0 0 0 0 0 0 0 0 0 0 0 0 0 0 data 25 0xe000b 0x4d 0x1e3331385d8 0x1450 0x0 0x0 0x2 0x1 0x1e33847c290 0x110104 0x0 0x1e33847c1e8 0x96d 0x1e338dfc320 0x2e0 0x0 0x0 0x0 0x0 0x0 0x0 0x9 0x2 0x0 0x0 oops 4 2 jdk/internal/misc/Unsafe 8 [Ljava/util/concurrent/ConcurrentHashMap$Node; 11 java/util/concurrent/ConcurrentHashMap$Node 13 java/util/concurrent/ConcurrentHashMap$ForwardingNode methods 0
ciMethodData java/util/concurrent/ConcurrentHashMap putVal (Ljava/lang/Object;Ljava/lang/Object;Z)Ljava/lang/Object; 2 17423 orig 80 2 0 0 0 0 0 0 0 0 0 0 0 0 0 0 0 0 0 0 0 4 0 0 0 0 0 0 0 0 0 0 0 0 0 0 0 0 0 0 1 0 0 0 0 0 0 0 0 0 0 0 0 0 0 0 0 0 0 0 0 0 0 0 0 0 0 0 0 0 0 0 0 0 0 0 0 0 0 0 0 data 241 0x10007 0x0 0x40 0x440f 0x50007 0x440f 0x30 0x0 0xc0002 0x0 0x110005 0xa36 0x1e333135a98 0x39d8 0x1e33a169b78 0x1 0x140002 0x440f 0x240007 0x72 0x40 0x440f 0x2d0007 0x440f 0x68 0x0 0x310005 0x72 0x0 0x0 0x0 0x0 0x360003 0x72 0x5b8 0x450002 0x440f 0x4b0007 0x1ce8 0x78 0x2727 0x5b0002 0x2727 0x5e0002 0x2727 0x610007 0x0 0x550 0x2727 0x640003 0x2727 0x548 0x700007 0x1ce8 0x68 0x0 0x780005 0x0 0x0 0x0 0x0 0x0 0x7d0003 0x0 0x4c8 0x810007 0x1196 0xf0 0xb52 0x880007 0x84b 0xd0 0x307 0x940007 0x173 0x90 0x194 0x990007 0x0 0x90 0x194 0x9f0005 0x0 0x1e333135a98 0x194 0x0 0x0 0xa20007 0x0 0x40 0x194 0xad0007 0x0 0x20 0x307 0xc00002 0x19e1 0xc50007 0x0 0x308 0x19e1 0xca0007 0x0 0x180 0x19e1 0xdb0007 0x213c 0xe8 0x1f5 0xe70007 0x111 0x90 0xe4 0xec0007 0x0 0xa8 0xe4 0x8000000400f20005 0x0 0x1e333135a98 0xe4 0x1e33a169c20 0x4 0x8000000600f50007 0x5 0x58 0xe4 0x1000007 0x1d6 0x98 0x1f 0x1090003 0x1f 0x78 0x1180007 0x950 0x48 0x17f1 0x1250002 0x17f1 0x12b0003 0x17f1 0x30 0x1310003 0x950 0xfffffffffffffed0 0x1340003 0x19e6 0x180 0x1390004 0x0 0x0 0x0 0x0 0x0 0x13c0007 0x0 0xd8 0x0 0x1440004 0x0 0x0 0x0 0x0 0x0 0x14b0005 0x0 0x0 0x0 0x0 0x0 0x1510007 0x0 0x40 0x0 0x15c0007 0x0 0x20 0x0 0x1650003 0x0 0x78 0x16a0004 0x0 0x0 0x0 0x0 0x0 0x16d0007 0x0 0x30 0x0 0x1760002 0x0 0x17d0003 0x19e6 0x18 0x18a0007 0x0 0x90 0x19e6 0x1910007 0x19e5 0x50 0x1 0x1990005 0x1 0x0 0x0 0x0 0x0 0x19e0007 0x17f1 0x38 0x1f5 0x1a40003 0x72 0xfffffffffffff9d8 0x1ab0005 0x3f18 0x0 0x0 0x0 0x0 0x0 0x0 0x0 0x0 0x0 0x0 0x0 0x0 0x0 0x9 0x4 0x0 0x0 0x0 0x0 0x1800001 0x1800001 oops 5 12 java/lang/String 14 jdk/internal/loader/ClassLoaderValue 83 java/lang/String 119 java/lang/String 121 org/eclipse/aether/internal/impl/collect/DataPool$ConstraintKey methods 0
ciMethodData java/util/concurrent/ConcurrentHashMap spread (I)I 2 36997 orig 80 0 0 0 0 0 0 0 0 0 0 0 0 0 0 0 0 0 0 0 0 0 0 0 0 0 0 0 0 0 0 0 0 0 0 0 0 0 0 0 0 0 0 0 0 0 0 0 0 0 0 0 0 0 0 0 0 0 0 0 0 0 0 0 0 0 0 0 0 0 0 0 0 0 0 0 0 0 0 0 0 data 5 0x0 0x0 0x9 0x1 0x0 oops 0 methods 0
ciMethodData java/util/concurrent/ConcurrentHashMap putIfAbsent (Ljava/lang/Object;Ljava/lang/Object;)Ljava/lang/Object; 2 13397 orig 80 0 0 0 0 0 0 0 0 0 0 0 0 0 0 0 0 0 0 0 0 0 0 0 0 0 0 0 0 0 0 0 0 0 0 0 0 0 0 0 0 0 0 0 0 0 0 0 0 0 0 0 0 0 0 0 0 0 0 0 0 0 0 0 0 0 0 0 0 0 0 0 0 0 0 0 0 0 0 0 0 data 17 0x40005 0x16b 0x1e333138c58 0x32eb 0x0 0x0 0x0 0x0 0x0 0x0 0x0 0x0 0x9 0x3 0xffffffffffffffff 0xffffffffffffffff 0xffffffffffffffff oops 1 2 java/util/concurrent/ConcurrentHashMap methods 0
ciMethodData java/util/HashMap hash (Ljava/lang/Object;)I 2 111374 orig 80 1 0 0 0 3 0 0 0 0 0 0 0 0 0 0 0 0 0 0 0 0 0 0 0 0 0 0 0 0 0 0 0 0 0 0 0 0 0 0 6 0 0 0 0 0 0 0 0 0 0 0 0 0 0 0 0 0 0 0 0 0 0 0 0 0 0 0 0 0 0 0 0 0 0 0 0 0 0 0 0 data 22 0x8000000600010007 0x1b2bb 0x38 0x59 0x50003 0x59 0x48 0x90005 0x10382 0x1e333135a98 0xad7b 0x1e3331370c0 0x1be 0x0 0x0 0x0 0x0 0x0 0x0 0x9 0x1 0xffffffffffffffff oops 2 9 java/lang/String 11 java/lang/Module methods 0
ciMethodData java/lang/String equals (Ljava/lang/Object;)Z 2 5120 orig 80 0 0 0 0 0 0 0 0 0 0 0 0 0 0 0 0 0 0 0 0 0 0 0 0 0 0 0 0 0 0 0 0 0 0 0 0 0 0 0 0 0 0 0 0 0 0 0 0 0 0 0 0 0 0 0 0 0 0 0 0 0 0 0 0 0 0 0 0 0 0 0 0 0 0 0 0 0 0 0 0 data 47 0x20007 0x11f6 0x20 0x20a 0x80104 0x0 0x1e333135a98 0x11dd 0x0 0x0 0xb0007 0x19 0xd8 0x11dd 0xf0004 0x0 0x1e333135a98 0x11dd 0x0 0x0 0x160007 0x0 0x40 0x11dd 0x210007 0x0 0x68 0x11dd 0x2c0002 0x11dd 0x2f0007 0xd4d 0x38 0x490 0x330003 0x490 0x18 0x0 0x0 0x0 0x0 0x0 0x0 0x9 0x2 0x0 0x0 oops 2 6 java/lang/String 16 java/lang/String methods 0
ciMethodData java/util/HashMap getNode (Ljava/lang/Object;)Ljava/util/HashMap$Node; 2 32636 orig 80 3 0 0 0 3 0 0 0 0 0 0 0 0 0 0 0 0 0 0 0 0 0 0 6 0 0 0 0 0 0 0 0 0 0 0 0 0 0 0 3 0 0 0 0 0 0 0 0 0 0 0 0 0 0 0 0 0 0 0 0 0 0 0 0 0 0 0 0 0 0 0 0 0 0 0 0 0 0 0 0 data 98 0x60007 0xf7e 0x2c0 0x6ffe 0xe0007 0x0 0x2a0 0x6ffe 0x170002 0x6ffe 0x210007 0x3d3f 0x270 0x32c2 0x2a0007 0x15a9 0xb0 0x1d19 0x350007 0x19ae 0x90 0x36b 0x390007 0x55 0x70 0x316 0x3f0005 0xd8 0x1e333135a98 0x23c 0x1e339d8b788 0x2 0x8000000600420007 0x14 0x20 0x304 0x4e0007 0x1088 0x1a0 0x58a 0x520004 0x0 0x1e33a8702c8 0x456 0x1e339d8b830 0x134 0x550007 0x58a 0x80 0x0 0x590004 0x0 0x0 0x0 0x0 0x0 0x5f0005 0x0 0x0 0x0 0x0 0x0 0x6a0007 0x544 0xb0 0x185 0x760007 0x94 0x90 0xf1 0x7a0007 0x0 0x70 0xf1 0x8000000700800005 0x9b 0x1e333135a98 0x5b 0x1e339d8b788 0x1 0x8000000600830007 0x34 0x20 0xc4 0x910007 0x13f 0xffffffffffffff50 0x439 0x0 0x0 0x0 0x0 0x0 0x0 0x9 0x2 0x0 0xffffffffffffffff oops 6 28 java/lang/String 30 java/util/zip/ZipFile$Source$Key 42 java/util/HashMap$Node 44 java/util/LinkedHashMap$Entry 76 java/lang/String 78 java/util/zip/ZipFile$Source$Key methods 0
ciMethodData java/util/HashMap get (Ljava/lang/Object;)Ljava/lang/Object; 2 28324 orig 80 3 0 0 0 0 0 0 0 0 0 0 0 0 0 0 0 0 0 0 0 0 0 0 0 0 0 0 0 0 0 0 0 0 0 0 0 0 0 0 0 0 0 0 0 0 0 0 0 0 0 0 0 0 0 0 0 0 0 0 0 0 0 0 0 0 0 0 0 0 0 0 0 0 0 0 0 0 0 0 0 data 23 0x20005 0x274 0x1e33a8bc930 0x6be1 0x1e33a870a88 0x50 0x70007 0x274f 0x38 0x475b 0xb0003 0x475b 0x18 0x0 0x0 0x0 0x0 0x0 0x0 0x9 0x2 0x0 0x0 oops 2 2 java/util/HashMap 4 java/lang/ProcessEnvironment methods 0
ciMethodData java/util/Objects requireNonNull (Ljava/lang/Object;)Ljava/lang/Object; 2 519343 orig 80 0 0 0 0 0 0 0 0 0 0 0 0 0 0 0 0 0 0 0 0 0 0 0 0 0 0 0 0 0 0 0 0 0 0 0 0 0 0 0 0 0 0 0 0 0 0 0 0 0 0 0 0 0 0 0 0 0 0 0 0 0 0 0 0 0 0 0 0 0 0 0 0 0 0 0 0 0 0 0 0 data 15 0x10007 0x7ecaf 0x30 0x0 0x80002 0x0 0x0 0x0 0x0 0x0 0x0 0x0 0x9 0x1 0x0 oops 0 methods 0
ciMethodData java/util/AbstractMap <init> ()V 2 60859 orig 80 0 0 0 0 0 0 0 0 0 0 0 0 0 0 0 0 0 0 0 0 0 0 0 0 0 0 0 0 0 0 0 0 0 0 0 0 0 0 0 0 0 0 0 0 0 0 0 0 0 0 0 0 0 0 0 0 0 0 0 0 0 0 0 0 0 0 0 0 0 0 0 0 0 0 0 0 0 0 0 0 data 7 0x10002 0xedbb 0x0 0x0 0x9 0x1 0x0 oops 0 methods 0
ciMethodData java/util/HashMap <init> ()V 2 41370 orig 80 0 0 0 0 0 0 0 0 0 0 0 0 0 0 0 0 0 0 0 0 0 0 0 0 0 0 0 0 0 0 0 0 0 0 0 0 0 0 0 0 0 0 0 0 0 0 0 0 0 0 0 0 0 0 0 0 0 0 0 0 0 0 0 0 0 0 0 0 0 0 0 0 0 0 0 0 0 0 0 0 data 9 0x10002 0xa19a 0x0 0x0 0x0 0x0 0x9 0x1 0x20 oops 0 methods 0
ciMethodData java/lang/String coder ()B 2 1262178 orig 80 0 0 0 0 0 0 0 0 0 0 0 0 0 0 0 0 0 0 0 0 0 0 0 0 0 0 0 0 0 0 0 0 0 0 0 0 0 0 0 0 0 0 0 0 0 0 0 0 0 0 0 0 0 0 0 0 0 0 0 0 0 0 0 0 0 0 0 0 0 0 0 0 0 0 0 0 0 0 0 0 data 14 0x30007 0x0 0x38 0x134261 0xa0003 0x134265 0x18 0x0 0x0 0x0 0x0 0x9 0x1 0x0 oops 0 methods 0
ciMethodData java/lang/StringLatin1 canEncode (I)Z 2 23589 orig 80 0 0 0 0 0 0 0 0 0 0 0 0 0 0 0 0 0 0 0 0 0 0 0 0 0 0 0 0 0 0 0 0 0 0 0 0 0 0 0 0 0 0 0 0 0 0 0 0 0 0 0 0 0 0 0 0 0 0 0 0 0 0 0 0 0 0 0 0 0 0 0 0 0 0 0 0 0 0 0 0 data 15 0x10007 0x0 0x58 0x5c25 0x80007 0x0 0x38 0x5c25 0xc0003 0x5c25 0x18 0x0 0x9 0x1 0x0 oops 0 methods 0
ciMethodData java/lang/StringLatin1 indexOf ([BIII)I 2 16578 orig 80 0 0 0 0 0 0 0 0 0 0 0 0 0 0 0 0 0 0 0 0 0 0 0 0 0 0 0 0 0 0 0 0 0 0 0 0 0 0 0 0 0 0 0 0 0 0 0 0 0 0 0 0 0 0 0 0 0 0 0 0 0 0 0 0 0 0 0 0 0 0 0 0 0 0 0 0 0 0 0 0 data 20 0x10002 0x40c2 0x40007 0x40c2 0x20 0x0 0xd0002 0x40c2 0x0 0x0 0x0 0x0 0x0 0x0 0x9 0x4 0x0 0x0 0x0 0x0 oops 0 methods 0
ciMethodData java/lang/String length ()I 2 1002591 orig 80 0 0 0 0 0 0 0 0 0 0 0 0 0 0 0 0 0 0 0 0 0 0 0 0 0 0 0 0 0 0 0 0 0 0 0 0 0 0 0 0 0 0 0 0 0 0 0 0 0 0 0 0 0 0 0 0 0 0 0 0 0 0 0 0 0 0 0 0 0 0 0 0 0 0 0 0 0 0 0 0 data 15 0x60005 0x1 0x1e333135a98 0xf4c67 0x0 0x0 0x0 0x0 0x0 0x0 0x0 0x0 0x9 0x1 0xffffffffffffffff oops 1 2 java/lang/String methods 0
ciMethodData java/util/zip/ZipUtils get16 ([BI)I 2 15868 orig 80 0 0 0 0 0 0 0 0 0 0 0 0 0 0 0 0 0 0 0 0 0 0 0 0 0 0 0 0 0 0 0 0 0 0 0 0 0 0 0 0 0 0 0 0 0 0 0 0 0 0 0 0 0 0 0 0 0 0 0 0 0 0 0 0 0 0 0 0 0 0 0 0 0 0 0 0 0 0 0 0 data 25 0x60002 0x3dfc 0x120002 0x3dfc 0x21000b 0x50 0x1e3331385d8 0x3dac 0x0 0x0 0x2 0x1 0x1e33314a510 0x240002 0x3dfc 0x0 0x0 0x0 0x0 0x0 0x0 0x9 0x2 0x0 0x0 oops 2 6 jdk/internal/misc/Unsafe 12 [B methods 0
ciMethodData jdk/internal/misc/Unsafe getShortUnaligned (Ljava/lang/Object;JZ)S 2 22458 orig 80 1 0 0 0 0 0 0 0 0 0 0 0 0 0 0 0 0 0 0 0 0 0 0 0 0 0 0 0 0 0 0 0 0 0 0 0 0 0 0 0 0 0 0 0 0 0 0 0 0 0 0 0 0 0 0 0 0 0 0 0 0 0 0 0 0 0 0 0 0 0 0 0 0 0 0 0 0 0 0 0 data 24 0x5000b 0xc8 0x0 0x0 0x0 0x0 0x2 0x1 0x1e33314a510 0x80002 0x57ba 0x0 0x0 0x0 0x0 0x0 0x0 0x9 0x5 0x0 0x0 0x0 0x0 0x0 oops 1 8 [B methods 0
ciMethodData java/lang/Short toUnsignedInt (S)I 2 17064 orig 80 0 0 0 0 0 0 0 0 0 0 0 0 0 0 0 0 0 0 0 0 0 0 0 0 0 0 0 0 0 0 0 0 0 0 0 0 0 0 0 0 0 0 0 0 0 0 0 0 0 0 0 0 0 0 0 0 0 0 0 0 0 0 0 0 0 0 0 0 0 0 0 0 0 0 0 0 0 0 0 0 data 5 0x0 0x0 0x9 0x1 0x0 oops 0 methods 0
ciMethodData jdk/internal/misc/Unsafe convEndian (ZS)S 2 22388 orig 80 0 0 0 0 0 0 0 0 0 0 0 0 0 0 0 0 0 0 0 0 0 0 0 0 0 0 0 0 0 0 0 0 0 0 0 0 0 0 0 1 0 0 0 0 0 0 0 0 0 0 0 0 0 0 0 0 0 0 0 0 0 0 0 0 0 0 0 0 0 0 0 0 0 0 0 0 0 0 0 0 data 19 0x8000000600040007 0x19c9 0x38 0x3dac 0x80003 0x3dac 0x28 0xc0002 0x19c9 0x0 0x0 0x0 0x0 0x0 0x0 0x9 0x2 0x0 0x0 oops 0 methods 0
ciMethod java/net/URLClassLoader findClass (Ljava/lang/String;)Ljava/lang/Class; 520 0 3569 0 0
ciMethod java/net/URLClassLoader getAndVerifyPackage (Ljava/lang/String;Ljava/util/jar/Manifest;Ljava/net/URL;)Ljava/lang/Package; 520 0 2704 0 0
ciMethod java/net/URLClassLoader defineClass (Ljava/lang/String;Ljdk/internal/loader/Resource;)Ljava/lang/Class; 520 0 2704 0 0
ciMethod java/net/URLClassLoader definePackage (Ljava/lang/String;Ljava/util/jar/Manifest;Ljava/net/URL;)Ljava/lang/Package; 104 0 302 0 0
ciMethod java/net/URLClassLoader isSealed (Ljava/lang/String;Ljava/util/jar/Manifest;)Z 414 0 2396 0 0
ciMethodData jdk/internal/misc/Unsafe getIntUnaligned (Ljava/lang/Object;J)I 1 83 orig 80 0 0 0 0 0 0 0 0 0 0 0 0 0 0 0 0 0 0 0 0 0 0 0 0 0 0 0 0 0 0 0 0 0 0 0 0 0 0 0 0 0 0 0 0 0 0 0 0 0 0 0 0 0 0 0 0 0 0 0 0 0 0 0 0 0 0 0 0 0 0 0 0 0 0 0 0 0 0 0 0 data 87 0x70007 0x1a 0x68 0x39 0xd000b 0x3 0x0 0x0 0x0 0x0 0x2 0x1 0x1e33314a510 0x160007 0x19 0xc0 0x1 0x1c000b 0x0 0x0 0x0 0x0 0x0 0x2 0x1 0x0 0x26000b 0x0 0x0 0x0 0x0 0x0 0x2 0x1 0x0 0x290002 0x1 0x30000b 0x8 0x0 0x0 0x0 0x0 0x2 0x1 0x1e33314a510 0x38000b 0x8 0x0 0x0 0x0 0x0 0x2 0x1 0x1e33314a510 0x42000b 0x8 0x0 0x0 0x0 0x0 0x2 0x1 0x1e33314a510 0x4c000b 0x8 0x0 0x0 0x0 0x0 0x2 0x1 0x1e33314a510 0x4f0002 0x19 0x0 0x0 0x0 0x0 0x0 0x0 0x9 0x4 0xffffffffffffffff 0xffffffffffffffff 0x0 0x0 oops 5 12 [B 45 [B 54 [B 63 [B 72 [B methods 0
ciMethodData java/util/zip/ZipUtils get32 ([BI)J 2 10871 orig 80 0 0 0 0 0 0 0 0 0 0 0 0 0 0 0 0 0 0 0 0 0 0 0 0 0 0 0 0 0 0 0 0 0 0 0 0 0 0 0 0 0 0 0 0 0 0 0 0 0 0 0 0 0 0 0 0 0 0 0 0 0 0 0 0 0 0 0 0 0 0 0 0 0 0 0 0 0 0 0 0 data 25 0x60002 0x2a77 0x120002 0x2a77 0x21000b 0x0 0x1e3331385d8 0x2a77 0x0 0x0 0x2 0x1 0x1e33314a510 0x240002 0x2a77 0x0 0x0 0x0 0x0 0x0 0x0 0x9 0x2 0xffffffffffffffff 0x0 oops 2 6 jdk/internal/misc/Unsafe 12 [B methods 0
ciMethodData jdk/internal/misc/Unsafe getIntUnaligned (Ljava/lang/Object;JZ)I 2 16407 orig 80 1 0 0 0 0 0 0 0 0 0 0 0 0 0 0 0 0 0 0 0 0 0 0 0 0 0 0 0 0 0 0 0 0 0 0 0 0 0 0 0 0 0 0 0 0 0 0 0 0 0 0 0 0 0 0 0 0 0 0 0 0 0 0 0 0 0 0 0 0 0 0 0 0 0 0 0 0 0 0 0 data 24 0x5000b 0x11 0x0 0x0 0x0 0x0 0x2 0x1 0x1e33314a510 0x80002 0x4017 0x0 0x0 0x0 0x0 0x0 0x0 0x9 0x5 0xffffffffffffffff 0xffffffffffffffff 0x0 0x0 0x0 oops 1 8 [B methods 0
ciMethodData java/lang/Integer toUnsignedLong (I)J 2 10871 orig 80 0 0 0 0 0 0 0 0 0 0 0 0 0 0 0 0 0 0 0 0 0 0 0 0 0 0 0 0 0 0 0 0 0 0 0 0 0 0 0 0 0 0 0 0 0 0 0 0 0 0 0 0 0 0 0 0 0 0 0 0 0 0 0 0 0 0 0 0 0 0 0 0 0 0 0 0 0 0 0 0 data 5 0x0 0x0 0x9 0x1 0x0 oops 0 methods 0
ciMethodData jdk/internal/misc/Unsafe convEndian (ZI)I 2 21723 orig 80 0 0 0 0 0 0 0 0 0 0 0 0 0 0 0 0 0 0 0 0 0 0 0 0 0 0 0 0 0 0 0 0 0 0 0 0 0 0 0 1 0 0 0 0 0 0 0 0 0 0 0 0 0 0 0 0 0 0 0 0 0 0 0 0 0 0 0 0 0 0 0 0 0 0 0 0 0 0 0 0 data 19 0x8000000600040007 0x236c 0x38 0x3170 0x80003 0x3170 0x28 0xc0002 0x236c 0x0 0x0 0x0 0x0 0x0 0x0 0x9 0x2 0x0 0x0 oops 0 methods 0
ciMethodData java/lang/String indexOf (I)I 2 11874 orig 80 1 0 0 0 0 0 0 0 0 0 0 0 0 0 0 0 0 0 0 0 0 0 0 0 0 0 0 0 0 0 0 0 0 0 0 0 0 0 0 1 0 0 0 0 0 0 0 0 0 0 0 0 0 0 0 0 0 0 0 0 0 0 0 0 0 0 0 0 0 0 0 0 0 0 0 0 0 0 0 0 data 27 0x10005 0x14f 0x1e333135a98 0x2d13 0x0 0x0 0x8000000600040007 0x1 0x48 0x2e62 0x120002 0x2e62 0x150003 0x2e62 0x28 0x250002 0x1 0x0 0x0 0x0 0x0 0x0 0x0 0x9 0x2 0x0 0x0 oops 1 2 java/lang/String methods 0
ciMethodData java/lang/StringUTF16 indexOf ([BIII)I 1 2 orig 80 0 0 0 0 0 0 0 0 0 0 0 0 0 0 0 0 0 0 0 0 0 0 0 0 0 0 0 0 0 0 0 0 0 0 0 0 0 0 0 0 0 0 0 0 0 0 0 0 0 0 0 0 0 0 0 0 0 0 0 0 0 0 0 0 0 0 0 0 0 0 0 0 0 0 0 0 0 0 0 0 data 20 0x30007 0x0 0x30 0x2 0xa0002 0x2 0x120002 0x0 0x0 0x0 0x0 0x0 0x0 0x0 0x9 0x4 0x0 0x0 0x0 0x0 oops 0 methods 0
ciMethodData java/lang/StringLatin1 lastIndexOf ([BII)I 2 915 orig 80 0 0 0 0 0 0 0 0 0 0 0 0 0 0 0 0 0 0 0 0 0 0 0 0 0 0 0 0 0 0 0 0 0 0 0 0 0 0 0 0 0 0 0 0 0 0 0 0 0 0 0 0 0 0 0 0 0 0 0 0 0 0 0 0 0 0 0 0 0 0 0 0 0 0 0 0 0 0 0 0 data 30 0x10002 0x393 0x40007 0x393 0x20 0x0 0xe0002 0x393 0x130007 0x7e 0x58 0x905f 0x1b0007 0x8d4a 0x20 0x315 0x230003 0x8d4a 0xffffffffffffffc0 0x0 0x0 0x0 0x0 0x0 0x0 0x9 0x3 0x0 0x0 0x0 oops 0 methods 0
ciMethodData java/lang/String isEmpty ()Z 2 89250 orig 80 0 0 0 0 0 0 0 0 0 0 0 0 0 0 0 0 0 0 0 0 0 0 0 0 0 0 0 0 0 0 0 0 0 0 0 0 0 0 0 0 0 0 0 0 0 0 0 0 0 0 0 0 0 0 0 0 0 0 0 0 0 0 0 0 0 0 0 0 0 0 0 0 0 0 0 0 0 0 0 0 data 14 0x50007 0x11de4 0x38 0x3ebe 0x90003 0x3ebe 0x18 0x0 0x0 0x0 0x0 0x9 0x1 0x0 oops 0 methods 0
ciMethodData java/util/Arrays copyOfRange ([BII)[B 2 5186 orig 80 0 0 0 0 0 0 0 0 0 0 0 0 0 0 0 0 0 0 0 0 0 0 0 0 0 0 0 0 0 0 0 0 0 0 0 0 0 0 0 0 0 0 0 0 0 0 0 0 0 0 0 0 0 0 0 0 0 0 0 0 0 0 0 0 0 0 0 0 0 0 0 0 0 0 0 0 0 0 0 0 data 67 0x10007 0x84a 0xa0 0xbf8 0x70007 0x918 0x80 0x2e0 0xb0005 0x0 0x0 0x0 0x0 0x0 0xe0004 0x0 0x0 0x0 0x0 0x0 0x170007 0x1162 0x100 0x0 0x220002 0x0 0x260005 0x0 0x0 0x0 0x0 0x0 0x2c0005 0x0 0x0 0x0 0x0 0x0 0x300005 0x0 0x0 0x0 0x0 0x0 0x330005 0x0 0x0 0x0 0x0 0x0 0x360002 0x0 0x490002 0x1162 0x4c0002 0x1162 0x0 0x0 0x0 0x0 0x0 0x0 0x9 0x3 0xffffffffffffffff 0x0 0x0 oops 0 methods 0
ciMethodData java/lang/String getBytes ([BIB)V 2 6504 orig 80 0 0 0 0 0 0 0 0 0 0 0 0 0 0 0 0 0 0 0 0 0 0 0 0 0 0 0 0 0 0 0 0 0 0 0 0 0 0 0 0 0 0 0 0 0 0 0 0 0 0 0 0 0 0 0 0 0 0 0 0 0 0 0 0 0 0 0 0 0 0 0 0 0 0 0 0 0 0 0 0 data 29 0x10005 0x0 0x1e333135a98 0x1968 0x0 0x0 0x50007 0x0 0x48 0x1968 0x160002 0x1968 0x190003 0x1968 0x28 0x280002 0x0 0x0 0x0 0x0 0x0 0x0 0x0 0x9 0x4 0x0 0x0 0x0 0x0 oops 1 2 java/lang/String methods 0
ciMethodData java/util/concurrent/ConcurrentHashMap get (Ljava/lang/Object;)Ljava/lang/Object; 2 11442 orig 80 2 0 0 0 0 0 0 0 0 0 0 0 0 0 0 0 0 0 0 0 0 0 0 4 0 0 0 0 0 0 0 0 0 0 0 0 0 0 0 1 0 0 0 0 0 0 0 0 0 0 0 0 0 0 0 0 0 0 0 0 0 0 0 0 0 0 0 0 0 0 0 0 0 0 0 0 0 0 0 0 data 97 0x10005 0x637 0x1e333135a98 0xda5 0x1e339d39208 0x18d6 0x40002 0x2cb2 0xf0007 0x3b 0x278 0x2c77 0x170007 0x0 0x258 0x2c77 0x220002 0x2c77 0x270007 0x112d 0x228 0x1b4a 0x330007 0xc2a 0xb0 0xf20 0x3e0007 0x401 0x90 0xb1f 0x430007 0x0 0xf8 0xb1f 0x490005 0xa0 0x1e333135a98 0x3a4 0x1e339d39208 0x6db 0x80000006004c0007 0x2 0xa8 0xb1e 0x560007 0xc2a 0x88 0x0 0x5d0005 0x0 0x0 0x0 0x0 0x0 0x630007 0x0 0x38 0x0 0x6b0003 0x0 0x18 0x760007 0x98e 0xd0 0x590 0x7f0007 0x2f2 0xffffffffffffffe0 0x29e 0x8a0007 0xef 0x90 0x1af 0x8f0007 0x0 0xffffffffffffffa0 0x1af 0x8000000700950005 0x59 0x1e333135a98 0x77 0x1e339d39208 0xe3 0x980007 0x0 0xffffffffffffff50 0x1b3 0x0 0x0 0x0 0x0 0x0 0x0 0x9 0x2 0x0 0x0 oops 6 2 java/lang/String 4 jdk/internal/util/StrongReferenceKey 36 java/lang/String 38 jdk/internal/util/StrongReferenceKey 79 java/lang/String 81 jdk/internal/util/StrongReferenceKey methods 0
ciMethodData java/lang/String <init> ([BB)V 2 46455 orig 80 0 0 0 0 0 0 0 0 0 0 0 0 0 0 0 0 0 0 0 0 0 0 0 0 0 0 0 0 0 0 0 0 0 0 0 0 0 0 0 0 0 0 0 0 0 0 0 0 0 0 0 0 0 0 0 0 0 0 0 0 0 0 0 0 0 0 0 0 0 0 0 0 0 0 0 0 0 0 0 0 data 11 0x10002 0xb577 0x0 0x0 0x0 0x0 0x9 0x3 0xc 0x0 0x0 oops 0 methods 0
ciMethodData java/util/AbstractCollection <init> ()V 2 185632 orig 80 0 0 0 0 0 0 0 0 0 0 0 0 0 0 0 0 0 0 0 0 0 0 0 0 0 0 0 0 0 0 0 0 0 0 0 0 0 0 0 0 0 0 0 0 0 0 0 0 0 0 0 0 0 0 0 0 0 0 0 0 0 0 0 0 0 0 0 0 0 0 0 0 0 0 0 0 0 0 0 0 data 7 0x10002 0x2d520 0x0 0x0 0x9 0x1 0x0 oops 0 methods 0
ciMethodData jdk/internal/util/Preconditions checkFromToIndex (IIILjava/util/function/BiFunction;)I 2 40920 orig 80 0 0 0 0 0 0 0 0 0 0 0 0 0 0 0 0 0 0 0 0 0 0 0 0 0 0 0 0 0 0 0 0 0 0 0 0 0 0 0 0 0 0 0 0 0 0 0 0 0 0 0 0 0 0 0 0 0 0 0 0 0 0 0 0 0 0 0 0 0 0 0 0 0 0 0 0 0 0 0 0 data 26 0x10007 0x0 0x60 0x9fd8 0x60007 0x0 0x40 0x9fd9 0xb0007 0x9fd9 0x30 0x0 0x120002 0x0 0x0 0x0 0x0 0x0 0x0 0x0 0x9 0x4 0x0 0x0 0x0 0x0 oops 0 methods 0
ciMethodData java/lang/String checkBoundsBeginEnd (III)V 2 24294 orig 80 0 0 0 0 0 0 0 0 0 0 0 0 0 0 0 0 0 0 0 0 0 0 0 0 0 0 0 0 0 0 0 0 0 0 0 0 0 0 0 0 0 0 0 0 0 0 0 0 0 0 0 0 0 0 0 0 0 0 0 0 0 0 0 0 0 0 0 0 0 0 0 0 0 0 0 0 0 0 0 0 data 13 0x60002 0x5ee6 0x0 0x0 0x0 0x0 0x0 0x0 0x9 0x3 0x0 0x0 0x0 oops 0 methods 0
ciMethodData jdk/internal/util/Preconditions checkFromIndexSize (IIILjava/util/function/BiFunction;)I 2 167106 orig 80 0 0 0 0 0 0 0 0 0 0 0 0 0 0 0 0 0 0 0 0 0 0 0 0 0 0 0 0 0 0 0 0 0 0 0 0 0 0 0 0 0 0 0 0 0 0 0 0 0 0 0 0 0 0 0 0 0 0 0 0 0 0 0 0 0 0 0 0 0 0 0 0 0 0 0 0 0 0 0 0 data 22 0x50007 0x0 0x40 0x28cc7 0xc0007 0x28cce 0x30 0x0 0x130002 0x0 0x0 0x0 0x0 0x0 0x0 0x0 0x9 0x4 0x0 0x0 0x0 0x0 oops 0 methods 0
ciMethodData java/lang/String substring (II)Ljava/lang/String; 2 12379 orig 80 1 0 0 0 0 0 0 0 0 0 0 0 0 0 0 0 0 0 0 0 0 0 0 0 0 0 0 0 0 0 0 0 0 0 0 0 0 0 0 1 0 0 0 0 0 0 0 0 0 0 0 0 0 0 0 0 0 0 0 0 0 0 0 0 0 0 0 0 0 0 0 0 0 0 0 0 0 0 0 0 data 44 0x10005 0x17 0x1e333135a98 0x3044 0x0 0x0 0x80002 0x305b 0xc0007 0x1b58 0x40 0x1503 0x110007 0xe4a 0x20 0x6b9 0x1c0005 0x17 0x1e333135a98 0x298b 0x0 0x0 0x80000006001f0007 0x2 0x48 0x29a1 0x290002 0x29a1 0x2c0003 0x29a1 0x28 0x360002 0x2 0x0 0x0 0x0 0x0 0x0 0x0 0x9 0x3 0xffffffffffffffff 0x0 0x0 oops 2 2 java/lang/String 18 java/lang/String methods 0
ciMethodData java/lang/StringLatin1 newString ([BII)Ljava/lang/String; 2 6186 orig 80 0 0 0 0 0 0 0 0 0 0 0 0 0 0 0 0 0 0 0 0 0 0 0 0 0 0 0 0 0 0 0 0 0 0 0 0 0 0 0 0 0 0 0 0 0 0 0 0 0 0 0 0 0 0 0 0 0 0 0 0 0 0 0 0 0 0 0 0 0 0 0 0 0 0 0 0 0 0 0 0 data 19 0x10007 0x16cd 0x20 0x15d 0x100002 0x16cd 0x140002 0x16cd 0x0 0x0 0x0 0x0 0x0 0x0 0x9 0x3 0xffffffffffffffff 0x0 0x0 oops 0 methods 0
ciMethodData java/lang/StringUTF16 newString ([BII)Ljava/lang/String; 1 2 orig 80 0 0 0 0 0 0 0 0 0 0 0 0 0 0 0 0 0 0 0 0 0 0 0 0 0 0 0 0 0 0 0 0 0 0 0 0 0 0 0 0 0 0 0 0 0 0 0 0 0 0 0 0 0 0 0 0 0 0 0 0 0 0 0 0 0 0 0 0 0 0 0 0 0 0 0 0 0 0 0 0 data 29 0x10007 0x2 0x20 0x0 0xb0007 0x0 0x50 0x2 0x110002 0x2 0x170002 0x2 0x230002 0x2 0x360002 0x0 0x3a0002 0x0 0x0 0x0 0x0 0x0 0x0 0x0 0x9 0x3 0xffffffffffffffff 0x0 0x0 oops 0 methods 0
ciMethodData java/util/Objects equals (Ljava/lang/Object;Ljava/lang/Object;)Z 2 33691 orig 80 1 0 0 0 0 0 0 0 0 0 0 0 0 0 0 0 0 0 0 0 0 0 0 0 0 0 0 0 0 0 0 0 0 0 0 0 0 0 0 1 0 0 0 0 0 0 0 0 0 0 0 0 0 0 0 0 0 0 0 0 0 0 0 0 0 0 0 0 0 0 0 0 0 0 0 0 0 0 0 0 data 31 0x20007 0x55f0 0x90 0x2dab 0x8000000600060007 0x172 0x88 0x2c3a 0xb0005 0x3b6 0x1e333135a98 0x1a17 0x1e333137dc0 0xe6b 0xe0007 0xee 0x38 0x2b4c 0x120003 0x813c 0x18 0x0 0x0 0x0 0x0 0x0 0x0 0x9 0x2 0x0 0x0 oops 2 10 java/lang/String 12 java/lang/invoke/MethodType methods 0
ciMethodData java/lang/String equalsIgnoreCase (Ljava/lang/String;)Z 2 6157 orig 80 0 0 0 0 0 0 0 0 0 0 0 0 0 0 0 0 0 0 0 0 0 0 0 0 0 0 0 0 0 0 0 0 0 0 0 0 0 0 0 0 0 0 0 0 0 0 0 0 0 0 0 0 0 0 0 0 0 0 0 0 0 0 0 0 0 0 0 0 0 0 0 0 0 0 0 0 0 0 0 0 data 56 0x20007 0x1408 0x38 0x405 0x60003 0x405 0x150 0xa0007 0x96d 0x138 0xa9b 0xe0005 0x55 0x1e333135a98 0xa46 0x0 0x0 0x120005 0x55 0x1e333135a98 0xa46 0x0 0x0 0x150007 0x7ce 0xb8 0x2cd 0x1e0005 0x14 0x1e333135a98 0x2b9 0x0 0x0 0x210005 0x14 0x1e333135a98 0x2b9 0x0 0x0 0x240007 0x1cf 0x38 0xfe 0x280003 0xfe 0x18 0x0 0x0 0x0 0x0 0x0 0x0 0x9 0x2 0xffffffffffffffff 0xffffffffffffffff oops 4 13 java/lang/String 19 java/lang/String 29 java/lang/String 35 java/lang/String methods 0
ciMethodData java/lang/StringLatin1 replace ([BCC)Ljava/lang/String; 2 1082 orig 80 0 0 0 0 0 0 0 0 0 0 0 0 0 0 0 0 0 0 0 0 0 0 0 0 0 0 0 0 0 0 0 0 0 0 0 0 0 0 0 0 0 0 0 0 0 0 0 0 0 0 0 0 0 0 0 0 0 0 0 0 0 0 0 0 0 0 0 0 0 0 0 0 0 0 0 0 0 0 0 0 data 85 0x10002 0x43a 0x40007 0x0 0x240 0x43a 0x130007 0xd9 0x58 0x4a81 0x1c0007 0x4720 0xffffffffffffffe0 0x361 0x1f0003 0x361 0x18 0x250007 0xd9 0x1c8 0x361 0x290002 0x361 0x2c0007 0x0 0xe8 0x361 0x300002 0x361 0x3c0007 0x361 0x38 0xa15 0x4b0003 0xa15 0xffffffffffffffe0 0x510007 0x361 0x70 0x92dc 0x620007 0x8521 0x38 0xdbb 0x670003 0xdbb 0x18 0x700003 0x92dc 0xffffffffffffffa8 0x7a0002 0x361 0x7f0002 0x0 0x8b0002 0x0 0x910007 0x0 0x80 0x0 0xa60007 0x0 0x38 0x0 0xaa0003 0x0 0x18 0xaf0002 0x0 0xb50003 0x0 0xffffffffffffff98 0xbf0002 0x0 0x0 0x0 0x0 0x0 0x0 0x0 0x9 0x3 0x0 0x0 0x0 oops 0 methods 0
ciMethodData java/lang/StringLatin1 canEncode (C)Z 2 8538 orig 80 0 0 0 0 0 0 0 0 0 0 0 0 0 0 0 0 0 0 0 0 0 0 0 0 0 0 0 0 0 0 0 0 0 0 0 0 0 0 0 0 0 0 0 0 0 0 0 0 0 0 0 0 0 0 0 0 0 0 0 0 0 0 0 0 0 0 0 0 0 0 0 0 0 0 0 0 0 0 0 0 data 11 0x40007 0x0 0x38 0x215a 0x80003 0x215a 0x18 0x0 0x9 0x1 0x0 oops 0 methods 0
ciMethodData java/lang/StringConcatHelper newArray (I)[B 2 20602 orig 80 0 0 0 0 0 0 0 0 0 0 0 0 0 0 0 0 0 0 0 0 0 0 0 0 0 0 0 0 0 0 0 0 0 0 0 0 0 0 0 0 0 0 0 0 0 0 0 0 0 0 0 0 0 0 0 0 0 0 0 0 0 0 0 0 0 0 0 0 0 0 0 0 0 0 0 0 0 0 0 0 data 27 0x10007 0x507b 0x30 0x0 0xa0002 0x0 0x150005 0x23 0x1e3331385d8 0x5057 0x0 0x0 0x180004 0x0 0x1e33314a510 0x507a 0x0 0x0 0x0 0x0 0x0 0x0 0x0 0x0 0x9 0x1 0x0 oops 2 8 jdk/internal/misc/Unsafe 14 [B methods 0
ciMethodData jdk/internal/misc/Unsafe allocateUninitializedArray (Ljava/lang/Class;I)Ljava/lang/Object; 2 5267 orig 80 1 0 0 0 0 0 0 0 0 0 0 0 0 0 0 0 0 0 0 0 4 0 0 0 0 0 0 0 0 0 0 0 0 0 0 0 0 0 0 0 0 0 0 0 0 0 0 0 0 0 0 0 0 0 0 0 0 0 0 0 0 0 0 0 0 0 0 0 0 0 0 0 0 0 0 0 0 0 0 0 data 41 0x10007 0x1493 0x30 0x0 0xb0002 0x0 0x100005 0x115 0x1e333135b20 0x137e 0x0 0x0 0x130007 0x1493 0x30 0x0 0x1d0002 0x0 0x220007 0x1493 0x30 0x0 0x2c0002 0x0 0x8000000400330005 0x1497 0x0 0x0 0x0 0x0 0x0 0x0 0x0 0x0 0x0 0x0 0x9 0x3 0x0 0x0 0x0 oops 1 8 java/lang/Class methods 0
ciMethodData java/util/Arrays copyOf ([BI)[B 2 5135 orig 80 0 0 0 0 0 0 0 0 0 0 0 0 0 0 0 0 0 0 0 0 0 0 0 0 0 0 0 0 0 0 0 0 0 0 0 0 0 0 0 0 0 0 0 0 0 0 0 0 0 0 0 0 0 0 0 0 0 0 0 0 0 0 0 0 0 0 0 0 0 0 0 0 0 0 0 0 0 0 0 0 data 30 0x30007 0x140d 0x80 0x2 0x70005 0x0 0x0 0x0 0x0 0x0 0xa0004 0x0 0x0 0x0 0x0 0x0 0x190002 0x140d 0x1c0002 0x140d 0x0 0x0 0x0 0x0 0x0 0x0 0x9 0x2 0xffffffffffffffff 0x0 oops 0 methods 0
ciMethodData java/lang/ref/ReferenceQueue poll ()Ljava/lang/ref/Reference; 2 11306 orig 80 1 0 0 0 0 0 0 0 0 0 0 0 0 0 0 0 0 0 0 0 0 0 0 0 0 0 0 0 0 0 0 0 0 0 0 0 0 0 0 1 0 0 0 0 0 0 0 0 0 0 0 0 0 0 0 0 0 0 0 0 0 0 0 0 0 0 0 0 0 0 0 0 0 0 0 0 0 0 0 0 data 29 0x8000000600040007 0x60 0x20 0x2bcb 0x90002 0x60 0x140005 0x60 0x0 0x0 0x0 0x0 0x1a0002 0x60 0x260002 0x0 0x0 0x0 0x0 0x0 0x0 0x0 0x9 0x1 0x0 0x1f0001 0x1f0001 0x240001 0x240001 oops 0 methods 0
ciMethodData jdk/internal/vm/ContinuationSupport pinIfSupported ()V 1 603 orig 80 0 0 0 0 0 0 0 0 0 0 0 0 0 0 0 0 0 0 0 0 0 0 0 0 0 0 0 0 0 0 0 0 0 0 0 0 0 0 0 0 0 0 0 0 0 0 0 0 0 0 0 0 0 0 0 0 0 0 0 0 0 0 0 0 0 0 0 0 0 0 0 0 0 0 0 0 0 0 0 0 data 16 0x2 0x25b 0x30007 0x0 0x30 0x25b 0x60002 0x25b 0x0 0x0 0x0 0x0 0x0 0x0 0x9 0x0 oops 0 methods 0
ciMethodData java/lang/ref/ReferenceQueue poll0 ()Ljava/lang/ref/Reference; 2 1102 orig 80 0 0 0 0 0 0 0 0 0 0 0 0 0 0 0 0 0 0 0 0 0 0 0 0 0 0 0 0 0 0 0 0 0 0 0 0 0 0 0 0 0 0 0 0 0 0 0 0 0 0 0 0 0 0 0 0 0 0 0 0 0 0 0 0 0 0 0 0 0 0 0 0 0 0 0 0 0 0 0 0 data 32 0x60007 0x2 0xb8 0x44c 0x180007 0x42d 0x38 0x1f 0x1c0003 0x1f 0x18 0x330004 0x83 0x1e339df5bc8 0x1 0x1e33a16a718 0x3c8 0x360007 0x44b 0x30 0x1 0x3a0002 0x1 0x0 0x0 0x0 0x0 0x0 0x0 0x9 0x1 0xe oops 2 13 jdk/internal/ref/CleanerImpl$PhantomCleanableRef 15 jdk/internal/util/WeakReferenceKey methods 0
ciMethodData jdk/internal/vm/ContinuationSupport unpinIfSupported ()V 1 603 orig 80 0 0 0 0 0 0 0 0 0 0 0 0 0 0 0 0 0 0 0 0 0 0 0 0 0 0 0 0 0 0 0 0 0 0 0 0 0 0 0 0 0 0 0 0 0 0 0 0 0 0 0 0 0 0 0 0 0 0 0 0 0 0 0 0 0 0 0 0 0 0 0 0 0 0 0 0 0 0 0 0 data 16 0x2 0x25b 0x30007 0x0 0x30 0x25b 0x60002 0x25b 0x0 0x0 0x0 0x0 0x0 0x0 0x9 0x0 oops 0 methods 0
ciMethodData java/util/Objects requireNonNull (Ljava/lang/Object;Ljava/lang/String;)Ljava/lang/Object; 2 134188 orig 80 0 0 0 0 0 0 0 0 0 0 0 0 0 0 0 0 0 0 0 0 0 0 0 0 0 0 0 0 0 0 0 0 0 0 0 0 0 0 0 0 0 0 0 0 0 0 0 0 0 0 0 0 0 0 0 0 0 0 0 0 0 0 0 0 0 0 0 0 0 0 0 0 0 0 0 0 0 0 0 0 data 16 0x10007 0x20c29 0x30 0x0 0x90002 0x0 0x0 0x0 0x0 0x0 0x0 0x0 0x9 0x2 0x0 0x0 oops 0 methods 0
ciMethodData java/util/zip/ZipUtils CENSIZ ([BI)J 2 18870 orig 80 0 0 0 0 0 0 0 0 0 0 0 0 0 0 0 0 0 0 0 0 0 0 0 0 0 0 0 0 0 0 0 0 0 0 0 0 0 0 0 0 0 0 0 0 0 0 0 0 0 0 0 0 0 0 0 0 0 0 0 0 0 0 0 0 0 0 0 0 0 0 0 0 0 0 0 0 0 0 0 0 data 12 0x50002 0x49b6 0x0 0x0 0x0 0x0 0x0 0x0 0x9 0x2 0xffffffffffffffff 0x0 oops 0 methods 0
ciMethodData java/util/zip/ZipUtils CENHOW ([BI)I 2 15363 orig 80 0 0 0 0 0 0 0 0 0 0 0 0 0 0 0 0 0 0 0 0 0 0 0 0 0 0 0 0 0 0 0 0 0 0 0 0 0 0 0 0 0 0 0 0 0 0 0 0 0 0 0 0 0 0 0 0 0 0 0 0 0 0 0 0 0 0 0 0 0 0 0 0 0 0 0 0 0 0 0 0 data 12 0x50002 0x3c03 0x0 0x0 0x0 0x0 0x0 0x0 0x9 0x2 0x0 0x0 oops 0 methods 0
ciMethodData java/util/zip/ZipUtils CENLEN ([BI)J 2 15240 orig 80 0 0 0 0 0 0 0 0 0 0 0 0 0 0 0 0 0 0 0 0 0 0 0 0 0 0 0 0 0 0 0 0 0 0 0 0 0 0 0 0 0 0 0 0 0 0 0 0 0 0 0 0 0 0 0 0 0 0 0 0 0 0 0 0 0 0 0 0 0 0 0 0 0 0 0 0 0 0 0 0 data 12 0x50002 0x3b88 0x0 0x0 0x0 0x0 0x0 0x0 0x9 0x2 0x0 0x0 oops 0 methods 0
ciMethodData java/util/zip/ZipUtils CENOFF ([BI)J 2 9162 orig 80 0 0 0 0 0 0 0 0 0 0 0 0 0 0 0 0 0 0 0 0 0 0 0 0 0 0 0 0 0 0 0 0 0 0 0 0 0 0 0 0 0 0 0 0 0 0 0 0 0 0 0 0 0 0 0 0 0 0 0 0 0 0 0 0 0 0 0 0 0 0 0 0 0 0 0 0 0 0 0 0 data 12 0x50002 0x23ca 0x0 0x0 0x0 0x0 0x0 0x0 0x9 0x2 0x0 0x0 oops 0 methods 0
ciMethodData java/lang/ref/Reference reachabilityFence (Ljava/lang/Object;)V 2 153620 orig 80 0 0 0 0 0 0 0 0 0 0 0 0 0 0 0 0 0 0 0 0 0 0 0 0 0 0 0 0 0 0 0 0 0 0 0 0 0 0 0 0 0 0 0 0 0 0 0 0 0 0 0 0 0 0 0 0 0 0 0 0 0 0 0 0 0 0 0 0 0 0 0 0 0 0 0 0 0 0 0 0 data 4 0x0 0x9 0x1 0x0 oops 0 methods 0
ciMethodData java/lang/String lastIndexOf (II)I 2 34136 orig 80 0 0 0 0 0 0 0 0 0 0 0 0 0 0 0 0 0 0 0 0 0 0 0 0 0 0 0 0 0 0 0 0 0 0 0 0 0 0 0 0 0 0 0 0 0 0 0 0 0 0 0 0 0 0 0 0 0 0 0 0 0 0 0 0 0 0 0 0 0 0 0 0 0 0 0 0 0 0 0 0 data 28 0x10005 0x1 0x1e333135a98 0x8557 0x0 0x0 0x40007 0x0 0x48 0x8559 0xd0002 0x8558 0x100003 0x855b 0x28 0x190002 0x0 0x0 0x0 0x0 0x0 0x0 0x0 0x9 0x3 0x0 0x0 0x0 oops 1 2 java/lang/String methods 0
ciMethodData java/lang/ref/Reference <init> (Ljava/lang/Object;Ljava/lang/ref/ReferenceQueue;)V 2 19324 orig 80 0 0 0 0 0 0 0 0 0 0 0 0 0 0 0 0 0 0 0 0 0 0 0 0 0 0 0 0 0 0 0 0 0 0 0 0 0 0 0 0 0 0 0 0 0 0 0 0 0 0 0 0 0 0 0 0 0 0 0 0 0 0 0 0 0 0 0 0 0 0 0 0 0 0 0 0 0 0 0 0 data 20 0x10002 0x4b7c 0xb0007 0x3905 0x38 0x1277 0x110003 0x1277 0x18 0x0 0x0 0x0 0x0 0x0 0x0 0x9 0x3 0x6 0x0 0x0 oops 0 methods 0
ciMethodData jdk/internal/ref/CleanerImpl getCleanerImpl (Ljava/lang/ref/Cleaner;)Ljdk/internal/ref/CleanerImpl; 2 10514 orig 80 0 0 0 0 0 0 0 0 0 0 0 0 0 0 0 0 0 0 0 0 0 0 0 0 0 0 0 0 0 0 0 0 0 0 0 0 0 0 0 0 0 0 0 0 0 0 0 0 0 0 0 0 0 0 0 0 0 0 0 0 0 0 0 0 0 0 0 0 0 0 0 0 0 0 0 0 0 0 0 0 data 21 0x40005 0x0 0x1e33a1f0060 0x2912 0x0 0x0 0x90004 0x0 0x1e33864f8d0 0x2912 0x0 0x0 0x0 0x0 0x0 0x0 0x0 0x0 0x9 0x1 0xffffffffffffffff oops 2 2 java/lang/ref/Cleaner$1 8 jdk/internal/ref/CleanerImpl methods 0
ciMethodData java/lang/ref/Cleaner$1 apply (Ljava/lang/Object;)Ljava/lang/Object; 2 6146 orig 80 0 0 0 0 0 0 0 0 0 0 0 0 0 0 0 0 0 0 0 0 0 0 0 0 0 0 0 0 0 0 0 0 0 0 0 0 0 0 0 0 0 0 0 0 0 0 0 0 0 0 0 0 0 0 0 0 0 0 0 0 0 0 0 0 0 0 0 0 0 0 0 0 0 0 0 0 0 0 0 0 data 22 0x20004 0x0 0x1e339df3970 0x1802 0x0 0x0 0x50005 0x0 0x1e33a1f0060 0x1802 0x0 0x0 0x0 0x0 0x0 0x0 0x0 0x0 0x9 0x2 0x0 0x0 oops 2 2 java/lang/ref/Cleaner 8 java/lang/ref/Cleaner$1 methods 0
ciMethodData java/lang/ref/Cleaner$1 apply (Ljava/lang/ref/Cleaner;)Ljdk/internal/ref/CleanerImpl; 2 6146 orig 80 0 0 0 0 0 0 0 0 0 0 0 0 0 0 0 0 0 0 0 0 0 0 0 0 0 0 0 0 0 0 0 0 0 0 0 0 0 0 0 0 0 0 0 0 0 0 0 0 0 0 0 0 0 0 0 0 0 0 0 0 0 0 0 0 0 0 0 0 0 0 0 0 0 0 0 0 0 0 0 0 data 6 0x0 0x0 0x9 0x2 0x0 0x0 oops 0 methods 0
ciMethodData java/lang/String lastIndexOf (I)I 2 31502 orig 80 0 0 0 0 0 0 0 0 0 0 0 0 0 0 0 0 0 0 0 0 0 0 0 0 0 0 0 0 0 0 0 0 0 0 0 0 0 0 0 0 0 0 0 0 0 0 0 0 0 0 0 0 0 0 0 0 0 0 0 0 0 0 0 0 0 0 0 0 0 0 0 0 0 0 0 0 0 0 0 0 data 22 0x30005 0x0 0x1e333135a98 0x7b0e 0x0 0x0 0x80005 0x0 0x1e333135a98 0x7b0f 0x0 0x0 0x0 0x0 0x0 0x0 0x0 0x0 0x9 0x2 0xffffffffffffffff 0x0 oops 2 2 java/lang/String 8 java/lang/String methods 0
ciMethodData java/io/RandomAccessFile read ([BII)I 2 9180 orig 80 0 0 0 0 0 0 0 0 0 0 0 0 0 0 0 0 0 0 0 0 0 0 0 0 0 0 0 0 0 0 0 0 0 0 0 0 0 0 0 0 0 0 0 0 0 0 0 0 0 0 0 0 0 0 0 0 0 0 0 0 0 0 0 0 0 0 0 0 0 0 0 0 0 0 0 0 0 0 0 0 data 18 0x40005 0x23dc 0x0 0x0 0x0 0x0 0x0 0x0 0x0 0x0 0x0 0x0 0x9 0x4 0x0 0x0 0x0 0x0 oops 0 methods 0
ciMethodData java/io/RandomAccessFile readBytes ([BII)I 2 9180 orig 80 0 0 0 0 0 0 0 0 0 0 0 0 0 0 0 0 0 0 0 0 0 0 0 0 0 0 0 0 0 0 0 0 0 0 0 0 0 0 0 0 0 0 0 0 0 0 0 0 0 0 0 0 0 0 0 0 0 0 0 0 0 0 0 0 0 0 0 0 0 0 0 0 0 0 0 0 0 0 0 0 data 34 0x30007 0x23dc 0x80 0x0 0x60002 0x0 0x90007 0x0 0x50 0x0 0x100005 0x0 0x0 0x0 0x0 0x0 0x180005 0x23dc 0x0 0x0 0x0 0x0 0x0 0x0 0x0 0x0 0x0 0x0 0x9 0x4 0x0 0x0 0x0 0x0 oops 0 methods 0
ciMethodData java/io/RandomAccessFile readFully ([BII)V 2 5558 orig 80 0 0 0 0 0 0 0 0 0 0 0 0 0 0 0 0 0 0 0 0 0 0 0 0 0 0 0 0 0 0 0 0 0 0 0 0 0 0 0 0 0 0 0 0 0 0 0 0 0 0 0 0 0 0 0 0 0 0 0 0 0 0 0 0 0 0 0 0 0 0 0 0 0 0 0 0 0 0 0 0 data 28 0xd0005 0x0 0x1e338e72e08 0x15b6 0x0 0x0 0x140007 0x15b6 0x30 0x0 0x1b0002 0x0 0x290007 0x0 0xffffffffffffffa0 0x15b6 0x0 0x0 0x0 0x0 0x0 0x0 0x9 0x4 0x0 0x0 0x0 0x0 oops 1 2 java/io/RandomAccessFile methods 0
ciMethodData java/io/RandomAccessFile seek (J)V 2 8659 orig 80 0 0 0 0 0 0 0 0 0 0 0 0 0 0 0 0 0 0 0 0 0 0 0 0 0 0 0 0 0 0 0 0 0 0 0 0 0 0 0 0 0 0 0 0 0 0 0 0 0 0 0 0 0 0 0 0 0 0 0 0 0 0 0 0 0 0 0 0 0 0 0 0 0 0 0 0 0 0 0 0 data 23 0x30007 0x21d3 0x30 0x0 0xc0002 0x0 0x120005 0x21d3 0x0 0x0 0x0 0x0 0x0 0x0 0x0 0x0 0x0 0x0 0x9 0x3 0x0 0x0 0x0 oops 0 methods 0
ciMethodData java/util/zip/ZipFile ensureOpen ()V 2 6215 orig 80 0 0 0 0 0 0 0 0 0 0 0 0 0 0 0 0 0 0 0 0 0 0 0 0 0 0 0 0 0 0 0 0 0 0 0 0 0 0 0 0 0 0 0 0 0 0 0 0 0 0 0 0 0 0 0 0 0 0 0 0 0 0 0 0 0 0 0 0 0 0 0 0 0 0 0 0 0 0 0 0 data 21 0x40007 0x1847 0x30 0x0 0xe0002 0x0 0x190007 0x1847 0x30 0x0 0x230002 0x0 0x0 0x0 0x0 0x0 0x0 0x0 0x9 0x1 0x0 oops 0 methods 0
ciMethodData java/lang/ref/Reference refersTo (Ljava/lang/Object;)Z 2 23256 orig 80 0 0 0 0 0 0 0 0 0 0 0 0 0 0 0 0 0 0 0 0 0 0 0 0 0 0 0 0 0 0 0 0 0 0 0 0 0 0 0 0 0 0 0 0 0 0 0 0 0 0 0 0 0 0 0 0 0 0 0 0 0 0 0 0 0 0 0 0 0 0 0 0 0 0 0 0 0 0 0 0 data 16 0x20005 0xae0 0x1e33863da40 0x2a79 0x1e3383761d8 0x2580 0x0 0x0 0x0 0x0 0x0 0x0 0x9 0x2 0xffffffffffffffff 0xffffffffffffffff oops 2 2 java/lang/ThreadLocal$ThreadLocalMap$Entry 4 java/util/WeakHashMap$Entry methods 0
ciMethodData java/lang/ref/Reference refersToImpl (Ljava/lang/Object;)Z 2 14359 orig 80 0 0 0 0 0 0 0 0 0 0 0 0 0 0 0 0 0 0 0 0 0 0 0 0 0 0 0 0 0 0 0 0 0 0 0 0 0 0 0 0 0 0 0 0 0 0 0 0 0 0 0 0 0 0 0 0 0 0 0 0 0 0 0 0 0 0 0 0 0 0 0 0 0 0 0 0 0 0 0 0 data 16 0x20005 0x3817 0x0 0x0 0x0 0x0 0x0 0x0 0x0 0x0 0x0 0x0 0x9 0x2 0xffffffffffffffff 0xffffffffffffffff oops 0 methods 0
ciMethodData java/util/zip/ZipFile$Source getEntryPos (Ljava/lang/String;ZLjava/util/zip/ZipCoder;)Ljava/util/zip/ZipFile$EntryPos; 2 7252 orig 80 0 0 0 0 0 0 0 0 0 0 0 0 0 0 0 0 0 0 0 0 0 0 0 0 0 0 0 0 0 0 0 0 0 0 0 0 0 0 0 0 0 0 0 0 0 0 0 0 0 0 0 0 0 0 0 0 0 0 0 0 0 0 0 0 0 0 0 0 0 0 0 0 0 0 0 0 0 0 0 0 data 99 0x40007 0x1c54 0x20 0x0 0xa0002 0x1c54 0x260007 0x1b19 0x1b0 0x3737 0x2c0005 0x3737 0x0 0x0 0x0 0x0 0x310007 0x35fc 0x118 0x13b 0x370005 0x13b 0x0 0x0 0x0 0x0 0x490002 0x13b 0x550002 0x13b 0x660005 0x0 0x1e339b676f0 0x13b 0x0 0x0 0x690008 0x8 0x0 0x78 0x13b 0x50 0x0 0x60 0x0 0x78 0x8b0002 0x13b 0x930003 0x0 0x18 0x990005 0x35fc 0x0 0x0 0x0 0x0 0x9e0003 0x35fc 0xfffffffffffffe68 0xa40007 0x1b19 0xd0 0x0 0xaf0002 0x0 0xb30005 0x0 0x0 0x0 0x0 0x0 0xb90005 0x0 0x0 0x0 0x0 0x0 0xbc0005 0x0 0x0 0x0 0x0 0x0 0xc10002 0x0 0x0 0x0 0x0 0x0 0x0 0x0 0x0 0x9 0x4 0x0 0x0 0x0 0x0 oops 1 32 java/util/zip/ZipCoder$UTF8ZipCoder methods 0
ciMethodData java/util/ArrayDeque pollFirst ()Ljava/lang/Object; 2 5121 orig 80 0 0 0 0 0 0 0 0 0 0 0 0 0 0 0 0 0 0 0 0 0 0 0 0 0 0 0 0 0 0 0 0 0 0 0 0 0 0 0 0 0 0 0 0 0 0 0 0 0 0 0 0 0 0 0 0 0 0 0 0 0 0 0 0 0 0 0 0 0 0 0 0 0 0 0 0 0 0 0 0 data 23 0xc0002 0x1401 0x110007 0xab5 0x60 0x94c 0x170104 0x0 0x0 0x0 0x0 0x0 0x1c0002 0x94c 0x0 0x0 0x0 0x0 0x0 0x0 0x9 0x1 0x6 oops 0 methods 0
ciMethodData java/lang/String replace (CC)Ljava/lang/String; 2 11319 orig 80 1 0 0 0 0 0 0 0 0 0 0 0 0 0 0 0 0 0 0 0 0 0 0 0 0 0 0 0 0 0 0 0 0 0 0 0 0 0 0 1 0 0 0 0 0 0 0 0 0 0 0 0 0 0 0 0 0 0 0 0 0 0 0 0 0 0 0 0 0 0 0 0 0 0 0 0 0 0 0 0 data 36 0x8000000600020007 0x55 0xc8 0x2be3 0x60005 0x46 0x1e333135a98 0x2b9d 0x0 0x0 0x90007 0x0 0x48 0x2be3 0x120002 0x2be3 0x150003 0x2be3 0x28 0x1e0002 0x0 0x230007 0x6c3 0x20 0x2520 0x0 0x0 0x0 0x0 0x0 0x0 0x9 0x3 0x0 0x0 0x0 oops 1 6 java/lang/String methods 0
ciMethodData java/util/zip/ZipFile$Source readFullyAt ([BIIJ)I 2 4444 orig 80 0 0 0 0 0 0 0 0 0 0 0 0 0 0 0 0 0 0 0 0 0 0 0 0 0 0 0 0 0 0 0 0 0 0 0 0 0 0 0 0 0 0 0 0 0 0 0 0 0 0 0 0 0 0 0 0 0 0 0 0 0 0 0 0 0 0 0 0 0 0 0 0 0 0 0 0 0 0 0 0 data 37 0xe0005 0x0 0x1e338e72e08 0x115c 0x0 0x0 0x160007 0x115c 0x78 0x1510 0x1e0002 0x1510 0x2b0005 0x1 0x1e338e72e08 0x150f 0x0 0x0 0x3a0003 0x1510 0xffffffffffffffa0 0x0 0x0 0x0 0x0 0x0 0x0 0x9 0x6 0x0 0x0 0x0 0x0 0x0 0x0 0x420001 0x420001 oops 2 2 java/io/RandomAccessFile 14 java/io/RandomAccessFile methods 0
ciMethodData java/util/WeakHashMap maskNull (Ljava/lang/Object;)Ljava/lang/Object; 2 18136 orig 80 0 0 0 0 0 0 0 0 0 0 0 0 0 0 0 0 0 0 0 0 0 0 0 0 0 0 0 0 0 0 0 0 0 0 0 0 0 0 0 0 0 0 0 0 0 0 0 0 0 0 0 0 0 0 0 0 0 0 0 0 0 0 0 0 0 0 0 0 0 0 0 0 0 0 0 0 0 0 0 0 data 16 0x10007 0x46d8 0x38 0x0 0x70003 0x0 0x18 0x0 0x0 0x0 0x0 0x0 0x0 0x9 0x1 0x0 oops 0 methods 0
ciMethodData java/util/WeakHashMap hash (Ljava/lang/Object;)I 2 5120 orig 80 0 0 0 0 0 0 0 0 0 0 0 0 0 0 0 0 0 0 0 0 0 0 0 0 0 0 0 0 0 0 0 0 0 0 0 0 0 0 0 0 0 0 0 0 0 0 0 0 0 0 0 0 0 0 0 0 0 0 0 0 0 0 0 0 0 0 0 0 0 0 0 0 0 0 0 0 0 0 0 0 data 16 0x10005 0x6 0x1e339671d38 0xd48 0x1e339671de0 0x6b2 0x0 0x0 0x0 0x0 0x0 0x0 0x9 0x2 0x0 0x0 oops 2 2 java/util/zip/ZipFile$ZipFileInflaterInputStream 4 java/util/zip/ZipFile$ZipFileInputStream methods 0
ciMethodData java/util/WeakHashMap getTable ()[Ljava/util/WeakHashMap$Entry; 2 18096 orig 80 1 0 0 0 0 0 0 0 0 0 0 0 0 0 0 0 0 0 0 0 0 0 0 0 0 0 0 0 0 0 0 0 0 0 0 0 0 0 0 0 0 0 0 0 0 0 0 0 0 0 0 0 0 0 0 0 0 0 0 0 0 0 0 0 0 0 0 0 0 0 0 0 0 0 0 0 0 0 0 0 data 15 0x10005 0x46b0 0x0 0x0 0x0 0x0 0x0 0x0 0x0 0x0 0x0 0x0 0x9 0x1 0x10 oops 0 methods 0
ciMethodData java/util/WeakHashMap expungeStaleEntries ()V 2 7925 orig 80 1 0 0 0 0 0 0 0 0 0 0 0 0 0 0 0 0 0 0 0 0 0 0 0 0 0 0 0 0 0 0 0 0 0 0 0 0 0 0 2 0 0 0 0 0 0 0 0 0 0 0 0 0 0 0 0 0 0 0 0 0 0 0 0 0 0 0 0 0 0 0 0 0 0 0 0 0 0 0 0 data 63 0x40005 0x0 0x1e3395efc10 0x1f01 0x0 0x0 0x8000000600090007 0x1ef7 0x168 0xc 0x140004 0x0 0x1e3383761d8 0xc 0x0 0x0 0x210002 0xc 0x350007 0x0 0xd8 0xc 0x420007 0x0 0xa0 0xc 0x480007 0x0 0x68 0xc 0x530104 0x0 0x1e3383761d8 0x3 0x0 0x0 0x540003 0xc 0x18 0x6d0003 0xc 0x30 0x780003 0x0 0xffffffffffffff40 0x7d0003 0xc 0x18 0x870003 0xc 0xfffffffffffffe80 0x0 0x0 0x0 0x0 0x0 0x0 0x0 0x9 0x1 0x10 0x800001 0x800001 oops 3 2 java/lang/ref/ReferenceQueue 12 java/util/WeakHashMap$Entry 32 java/util/WeakHashMap$Entry methods 0
ciMethodData java/util/WeakHashMap indexFor (II)I 2 18751 orig 80 0 0 0 0 0 0 0 0 0 0 0 0 0 0 0 0 0 0 0 0 0 0 0 0 0 0 0 0 0 0 0 0 0 0 0 0 0 0 0 0 0 0 0 0 0 0 0 0 0 0 0 0 0 0 0 0 0 0 0 0 0 0 0 0 0 0 0 0 0 0 0 0 0 0 0 0 0 0 0 0 data 5 0x0 0x9 0x2 0x0 0x0 oops 0 methods 0
ciMethodData java/lang/ClassLoader checkName (Ljava/lang/String;)Z 2 10251 orig 80 1 0 0 0 0 0 0 0 0 0 0 0 0 0 0 0 0 0 0 0 0 0 0 0 0 0 0 0 0 0 0 0 0 0 0 0 0 0 0 1 0 0 0 0 0 0 0 0 0 0 0 0 0 0 0 0 0 0 0 0 0 0 0 0 0 0 0 0 0 0 0 0 0 0 0 0 0 0 0 0 data 43 0x8000000600010007 0xb7 0x70 0x2755 0x50005 0x89 0x1e333135a98 0x26cc 0x0 0x0 0x80007 0x2755 0x20 0x0 0x100005 0x89 0x1e333135a98 0x26cc 0x0 0x0 0x140007 0x0 0x70 0x2755 0x190005 0x89 0x1e333135a98 0x26cc 0x0 0x0 0x1e0007 0x2755 0x20 0x0 0x0 0x0 0x0 0x0 0x0 0x0 0x9 0x1 0x0 oops 3 6 java/lang/String 16 java/lang/String 26 java/lang/String methods 0
ciMethodData java/util/jar/JarFile getManEntry ()Ljava/util/jar/JarEntry; 1 474 orig 80 0 0 0 0 0 0 0 0 0 0 0 0 0 0 0 0 0 0 0 0 0 0 0 0 0 0 0 0 0 0 0 0 0 0 0 0 0 0 0 0 0 0 0 0 0 0 0 0 0 0 0 0 0 0 0 0 0 0 0 0 0 0 0 0 0 0 0 0 0 0 0 0 0 0 0 0 0 0 0 0 data 31 0x40007 0x39 0xb0 0x1a1 0xc0005 0x0 0x1e33895ce10 0x1a1 0x0 0x0 0x130007 0x7 0x60 0x19a 0x190002 0x19a 0x1c0004 0x0 0x1e339671c90 0x19a 0x0 0x0 0x0 0x0 0x0 0x0 0x0 0x0 0x9 0x1 0xffffffffffffffff oops 2 6 java/util/zip/ZipFile$1 18 java/util/jar/JarFile$JarFileEntry methods 0
ciMethodData java/util/jar/JarFile getBytes (Ljava/util/zip/ZipEntry;)[B 1 410 orig 80 0 0 0 0 0 0 0 0 0 0 0 0 0 0 0 0 0 0 0 0 0 0 0 0 0 0 0 0 0 0 0 0 0 0 0 0 0 0 0 0 0 0 0 0 0 0 0 0 0 0 0 0 0 0 0 0 0 0 0 0 0 0 0 0 0 0 0 0 0 0 0 0 0 0 0 0 0 0 0 0 data 176 0x20002 0x19a 0x70005 0x0 0x1e339671c90 0x19a 0x0 0x0 0x110007 0x19a 0x1f0 0x0 0x1c0002 0x0 0x220005 0x0 0x0 0x0 0x0 0x0 0x260005 0x0 0x0 0x0 0x0 0x0 0x2c0005 0x0 0x0 0x0 0x0 0x0 0x300005 0x0 0x0 0x0 0x0 0x0 0x330005 0x0 0x0 0x0 0x0 0x0 0x390005 0x0 0x0 0x0 0x0 0x0 0x3f0005 0x0 0x0 0x0 0x0 0x0 0x450005 0x0 0x0 0x0 0x0 0x0 0x480005 0x0 0x0 0x0 0x0 0x0 0x4b0002 0x0 0x560007 0x0 0x88 0x19a 0x5e0007 0x2 0x68 0x198 0x6d0005 0x0 0x1e339671d38 0x195 0x1e339671de0 0x3 0x720003 0x198 0x48 0x760005 0x0 0x1e339671d38 0x2 0x0 0x0 0x830007 0x0 0x150 0x19a 0x8a0007 0x19a 0x130 0x0 0x950002 0x0 0x9b0005 0x0 0x0 0x0 0x0 0x0 0xa00005 0x0 0x0 0x0 0x0 0x0 0xa60005 0x0 0x0 0x0 0x0 0x0 0xab0005 0x0 0x0 0x0 0x0 0x0 0xae0005 0x0 0x0 0x0 0x0 0x0 0xb10002 0x0 0xba0007 0x0 0x50 0x19a 0xbe0005 0x0 0x1e339671d38 0x197 0x1e339671de0 0x3 0xc60007 0x0 0x98 0x0 0xca0005 0x0 0x0 0x0 0x0 0x0 0xcd0003 0x0 0x48 0xd50005 0x0 0x0 0x0 0x0 0x0 0x0 0x0 0x0 0x0 0x0 0x0 0x9 0x2 0x0 0x0 0xc40001 0xd00001 oops 6 4 java/util/jar/JarFile$JarFileEntry 80 java/util/zip/ZipFile$ZipFileInflaterInputStream 82 java/util/zip/ZipFile$ZipFileInputStream 89 java/util/zip/ZipFile$ZipFileInflaterInputStream 141 java/util/zip/ZipFile$ZipFileInflaterInputStream 143 java/util/zip/ZipFile$ZipFileInputStream methods 0
ciMethodData java/util/jar/Attributes <init> ()V 1 377 orig 80 0 0 0 0 0 0 0 0 0 0 0 0 0 0 0 0 0 0 0 0 0 0 0 0 0 0 0 0 0 0 0 0 0 0 0 0 0 0 0 0 0 0 0 0 0 0 0 0 0 0 0 0 0 0 0 0 0 0 0 0 0 0 0 0 0 0 0 0 0 0 0 0 0 0 0 0 0 0 0 0 data 7 0x30002 0x179 0x0 0x0 0x9 0x1 0x0 oops 0 methods 0
ciMethodData java/util/jar/Attributes <init> (I)V 1 429 orig 80 0 0 0 0 0 0 0 0 0 0 0 0 0 0 0 0 0 0 0 0 0 0 0 0 0 0 0 0 0 0 0 0 0 0 0 0 0 0 0 0 0 0 0 0 0 0 0 0 0 0 0 0 0 0 0 0 0 0 0 0 0 0 0 0 0 0 0 0 0 0 0 0 0 0 0 0 0 0 0 0 data 14 0x10002 0x1ad 0x60002 0x1ad 0x0 0x0 0x0 0x0 0x0 0x0 0x9 0x2 0x0 0x0 oops 0 methods 0
ciMethodData java/util/LinkedHashMap newLinkedHashMap (I)Ljava/util/LinkedHashMap; 1 609 orig 80 0 0 0 0 0 0 0 0 0 0 0 0 0 0 0 0 0 0 0 0 0 0 0 0 0 0 0 0 0 0 0 0 0 0 0 0 0 0 0 0 0 0 0 0 0 0 0 0 0 0 0 0 0 0 0 0 0 0 0 0 0 0 0 0 0 0 0 0 0 0 0 0 0 0 0 0 0 0 0 0 data 39 0x10007 0x261 0xd0 0x0 0xc0002 0x0 0x110005 0x0 0x0 0x0 0x0 0x0 0x150005 0x0 0x0 0x0 0x0 0x0 0x180005 0x0 0x0 0x0 0x0 0x0 0x1b0002 0x0 0x240002 0x261 0x270002 0x261 0x0 0x0 0x0 0x0 0x0 0x0 0x9 0x1 0x0 oops 0 methods 0
ciMethodData java/io/ByteArrayInputStream <init> ([B)V 1 398 orig 80 0 0 0 0 0 0 0 0 0 0 0 0 0 0 0 0 0 0 0 0 0 0 0 0 0 0 0 0 0 0 0 0 0 0 0 0 0 0 0 0 0 0 0 0 0 0 0 0 0 0 0 0 0 0 0 0 0 0 0 0 0 0 0 0 0 0 0 0 0 0 0 0 0 0 0 0 0 0 0 0 data 10 0x10002 0x18e 0x0 0x0 0x0 0x0 0x9 0x2 0x0 0x0 oops 0 methods 0
ciMethodData java/io/InputStream <init> ()V 2 11225 orig 80 0 0 0 0 0 0 0 0 0 0 0 0 0 0 0 0 0 0 0 0 0 0 0 0 0 0 0 0 0 0 0 0 0 0 0 0 0 0 0 0 0 0 0 0 0 0 0 0 0 0 0 0 0 0 0 0 0 0 0 0 0 0 0 0 0 0 0 0 0 0 0 0 0 0 0 0 0 0 0 0 data 7 0x10002 0x2bd9 0x0 0x0 0x9 0x1 0x0 oops 0 methods 0
ciMethodData java/io/FilterInputStream <init> (Ljava/io/InputStream;)V 2 5966 orig 80 0 0 0 0 0 0 0 0 0 0 0 0 0 0 0 0 0 0 0 0 0 0 0 0 0 0 0 0 0 0 0 0 0 0 0 0 0 0 0 0 0 0 0 0 0 0 0 0 0 0 0 0 0 0 0 0 0 0 0 0 0 0 0 0 0 0 0 0 0 0 0 0 0 0 0 0 0 0 0 0 data 10 0x10002 0x174e 0x0 0x0 0x0 0x0 0x9 0x2 0x6 0x0 oops 0 methods 0
ciMethodData java/util/jar/Attributes getValue (Ljava/util/jar/Attributes$Name;)Ljava/lang/String; 2 4758 orig 80 0 0 0 0 0 0 0 0 0 0 0 0 0 0 0 0 0 0 0 0 0 0 0 0 0 0 0 0 0 0 0 0 0 0 0 0 0 0 0 0 0 0 0 0 0 0 0 0 0 0 0 0 0 0 0 0 0 0 0 0 0 0 0 0 0 0 0 0 0 0 0 0 0 0 0 0 0 0 0 0 data 22 0x20005 0x0 0x1e339feb590 0x1296 0x0 0x0 0x50104 0x0 0x1e333135a98 0x5a3 0x0 0x0 0x0 0x0 0x0 0x0 0x0 0x0 0x9 0x2 0x0 0x0 oops 2 2 java/util/jar/Attributes 8 java/lang/String methods 0
ciMethodData java/util/jar/Attributes get (Ljava/lang/Object;)Ljava/lang/Object; 2 4777 orig 80 0 0 0 0 0 0 0 0 0 0 0 0 0 0 0 0 0 0 0 0 0 0 0 0 0 0 0 0 0 0 0 0 0 0 0 0 0 0 0 0 0 0 0 0 0 0 0 0 0 0 0 0 0 0 0 0 0 0 0 0 0 0 0 0 0 0 0 0 0 0 0 0 0 0 0 0 0 0 0 0 data 16 0x50005 0x0 0x1e339fed088 0x12a9 0x0 0x0 0x0 0x0 0x0 0x0 0x0 0x0 0x9 0x2 0x0 0xffffffffffffffff oops 1 2 java/util/LinkedHashMap methods 0
ciMethodData java/lang/String regionMatches (ZILjava/lang/String;II)Z 2 18457 orig 80 2 0 0 0 0 0 0 0 0 0 0 0 0 0 0 0 0 0 0 0 0 0 0 0 0 0 0 0 0 0 0 0 0 0 0 0 0 0 0 1 0 0 0 0 0 0 0 0 0 0 0 0 0 0 0 0 0 0 0 0 0 0 0 0 0 0 0 0 0 0 0 0 0 0 0 0 0 0 0 0 data 90 0x10007 0x4819 0x50 0x0 0xb0005 0x0 0x0 0x0 0x0 0x0 0x110007 0x0 0xe0 0x481b 0x8000000600150007 0xb 0xc0 0x4811 0x1b0005 0x11e 0x1e333135a98 0x46f7 0x0 0x0 0x240007 0x0 0x70 0x4816 0x2b0005 0x11e 0x1e333135a98 0x46f8 0x0 0x0 0x340007 0x4815 0x20 0x0 0x460005 0x11e 0x1e333135a98 0x46f7 0x0 0x0 0x4e0005 0x11e 0x1e333135a98 0x46f6 0x0 0x0 0x510007 0x0 0x78 0x4815 0x560007 0x0 0x48 0x4815 0x620002 0x4817 0x650003 0x4817 0x28 0x710002 0x0 0x770007 0x0 0x48 0x0 0x830002 0x0 0x860003 0x0 0x28 0x920002 0x0 0x0 0x0 0x0 0x0 0x0 0x0 0x9 0x6 0xffffffffffffffff 0x0 0x0 0xffffffffffffffff 0x0 0x0 oops 4 20 java/lang/String 30 java/lang/String 40 java/lang/String 46 java/lang/String methods 0
ciMethodData java/lang/ClassLoader findLoadedClass (Ljava/lang/String;)Ljava/lang/Class; 2 14894 orig 80 0 0 0 0 0 0 0 0 0 0 0 0 0 0 0 0 0 0 0 0 0 0 0 0 0 0 0 0 0 0 0 0 0 0 0 0 0 0 0 0 0 0 0 0 0 0 0 0 0 0 0 0 0 0 0 0 0 0 0 0 0 0 0 0 0 0 0 0 0 0 0 0 0 0 0 0 0 0 0 0 data 22 0x10002 0x3a2e 0x40007 0x3a2e 0x20 0x0 0xb0005 0x3a2e 0x0 0x0 0x0 0x0 0x0 0x0 0x0 0x0 0x0 0x0 0x9 0x2 0x0 0x0 oops 0 methods 0
ciMethodData java/util/ArrayDeque inc (II)I 2 7432 orig 80 0 0 0 0 0 0 0 0 0 0 0 0 0 0 0 0 0 0 0 0 0 0 0 0 0 0 0 0 0 0 0 0 0 0 0 0 0 0 0 0 0 0 0 0 0 0 0 0 0 0 0 0 0 0 0 0 0 0 0 0 0 0 0 0 0 0 0 0 0 0 0 0 0 0 0 0 0 0 0 0 data 9 0x50007 0x1c15 0x20 0xf3 0x0 0x9 0x2 0x0 0x0 oops 0 methods 0
ciMethodData java/lang/ref/WeakReference <init> (Ljava/lang/Object;Ljava/lang/ref/ReferenceQueue;)V 2 8533 orig 80 0 0 0 0 0 0 0 0 0 0 0 0 0 0 0 0 0 0 0 0 0 0 0 0 0 0 0 0 0 0 0 0 0 0 0 0 0 0 0 0 0 0 0 0 0 0 0 0 0 0 0 0 0 0 0 0 0 0 0 0 0 0 0 0 0 0 0 0 0 0 0 0 0 0 0 0 0 0 0 0 data 9 0x30002 0x2155 0x0 0x0 0x9 0x3 0x6 0x0 0x0 oops 0 methods 0
ciMethod java/lang/AssertionError <init> (Ljava/lang/Object;)V 0 0 1 0 -1
ciMethodData jdk/internal/ref/PhantomCleanable <init> (Ljava/lang/Object;Ljava/lang/ref/Cleaner;)V 2 5129 orig 80 0 0 0 0 0 0 0 0 0 0 0 0 0 0 0 0 0 0 0 0 0 0 0 0 0 0 0 0 0 0 0 0 0 0 0 0 0 0 0 0 0 0 0 0 0 0 0 0 0 0 0 0 0 0 0 0 0 0 0 0 0 0 0 0 0 0 0 0 0 0 0 0 0 0 0 0 0 0 0 0 data 49 0x20002 0x1409 0x60002 0x1409 0xc0002 0x1409 0x160002 0x1409 0x240005 0x0 0x1e33864fef8 0x1409 0x0 0x0 0x2a0007 0x1409 0x50 0x0 0x310007 0x0 0x30 0x0 0x380002 0x0 0x3f0007 0x1409 0x50 0x0 0x460007 0x0 0x30 0x0 0x4d0002 0x0 0x520002 0x1409 0x560002 0x1409 0x0 0x0 0x0 0x0 0x0 0x0 0x9 0x3 0x3e 0x0 0xffffffffffffffff oops 1 10 jdk/internal/ref/CleanerImpl$CleanableList methods 0
ciMethodData java/lang/ref/PhantomReference <init> (Ljava/lang/Object;Ljava/lang/ref/ReferenceQueue;)V 2 5130 orig 80 0 0 0 0 0 0 0 0 0 0 0 0 0 0 0 0 0 0 0 0 0 0 0 0 0 0 0 0 0 0 0 0 0 0 0 0 0 0 0 0 0 0 0 0 0 0 0 0 0 0 0 0 0 0 0 0 0 0 0 0 0 0 0 0 0 0 0 0 0 0 0 0 0 0 0 0 0 0 0 0 data 9 0x30002 0x140a 0x0 0x0 0x9 0x3 0x6 0x0 0x0 oops 0 methods 0
ciMethodData jdk/internal/ref/CleanerImpl$CleanableList insert (Ljdk/internal/ref/PhantomCleanable;)V 2 5128 orig 80 0 0 0 0 0 0 0 0 0 0 0 0 0 0 0 0 0 0 0 0 0 0 0 0 0 0 0 0 0 0 0 0 0 0 0 0 0 0 0 0 0 0 0 0 0 0 0 0 0 0 0 0 0 0 0 0 0 0 0 0 0 0 0 0 0 0 0 0 0 0 0 0 0 0 0 0 0 0 0 0 data 43 0xa0007 0x1408 0x68 0x0 0x110007 0x0 0x38 0x0 0x1e0003 0x0 0x28 0x250002 0x0 0x390007 0x1408 0x50 0x0 0x460007 0x0 0x30 0x0 0x4d0002 0x0 0x6f0004 0x0 0x1e339df5bc8 0xfa2 0x1e3383710b0 0x466 0x0 0x0 0x0 0x0 0x0 0x0 0x0 0x0 0x0 0x0 0x9 0x2 0x6 0x30 oops 2 25 jdk/internal/ref/CleanerImpl$PhantomCleanableRef 27 java/io/FileCleanable methods 0
ciMethodData jdk/internal/ref/CleanerFactory cleaner ()Ljava/lang/ref/Cleaner; 2 11673 orig 80 0 0 0 0 0 0 0 0 0 0 0 0 0 0 0 0 0 0 0 0 0 0 0 0 0 0 0 0 0 0 0 0 0 0 0 0 0 0 0 0 0 0 0 0 0 0 0 0 0 0 0 0 0 0 0 0 0 0 0 0 0 0 0 0 0 0 0 0 0 0 0 0 0 0 0 0 0 0 0 0 data 4 0x0 0x0 0x9 0x0 oops 0 methods 0
ciMethodData java/lang/String concat (Ljava/lang/String;)Ljava/lang/String; 2 13833 orig 80 0 0 0 0 0 0 0 0 0 0 0 0 0 0 0 0 0 0 0 0 0 0 0 0 0 0 0 0 0 0 0 0 0 0 0 0 0 0 0 0 0 0 0 0 0 0 0 0 0 0 0 0 0 0 0 0 0 0 0 0 0 0 0 0 0 0 0 0 0 0 0 0 0 0 0 0 0 0 0 0 data 22 0x10005 0x5 0x1e333135a98 0x3604 0x0 0x0 0x40007 0x3609 0x20 0x0 0xb0002 0x3609 0x0 0x0 0x0 0x0 0x0 0x0 0x9 0x2 0x0 0x0 oops 1 2 java/lang/String methods 0
ciMethodData java/lang/StringConcatHelper doConcat (Ljava/lang/String;Ljava/lang/String;)Ljava/lang/String; 2 13978 orig 80 0 0 0 0 0 0 0 0 0 0 0 0 0 0 0 0 0 0 0 0 0 0 0 0 0 0 0 0 0 0 0 0 0 0 0 0 0 0 0 0 0 0 0 0 0 0 0 0 0 0 0 0 0 0 0 0 0 0 0 0 0 0 0 0 0 0 0 0 0 0 0 0 0 0 0 0 0 0 0 0 data 58 0x10005 0x5 0x1e333135a98 0x3695 0x0 0x0 0x50005 0x5 0x1e333135a98 0x3695 0x0 0x0 0xc0005 0x5 0x1e333135a98 0x3694 0x0 0x0 0x100005 0x5 0x1e333135a98 0x3694 0x0 0x0 0x140002 0x3699 0x1b0002 0x3699 0x250005 0x5 0x1e333135a98 0x3694 0x0 0x0 0x2c0005 0x5 0x1e333135a98 0x3694 0x0 0x0 0x300005 0x5 0x1e333135a98 0x3695 0x0 0x0 0x3a0002 0x369a 0x0 0x0 0x0 0x0 0x0 0x0 0x9 0x2 0x0 0x0 oops 7 2 java/lang/String 8 java/lang/String 14 java/lang/String 20 java/lang/String 30 java/lang/String 36 java/lang/String 42 java/lang/String methods 0
ciMethodData java/lang/StringConcatHelper checkOverflow (I)I 2 13979 orig 80 0 0 0 0 0 0 0 0 0 0 0 0 0 0 0 0 0 0 0 0 0 0 0 0 0 0 0 0 0 0 0 0 0 0 0 0 0 0 0 0 0 0 0 0 0 0 0 0 0 0 0 0 0 0 0 0 0 0 0 0 0 0 0 0 0 0 0 0 0 0 0 0 0 0 0 0 0 0 0 0 data 13 0x10007 0x0 0x20 0x369b 0xc0002 0x0 0x0 0x0 0x0 0x0 0x9 0x1 0x0 oops 0 methods 0
ciMethodData java/lang/ClassLoader getClassLoadingLock (Ljava/lang/String;)Ljava/lang/Object; 2 5120 orig 80 0 0 0 0 0 0 0 0 0 0 0 0 0 0 0 0 0 0 0 0 0 0 0 0 0 0 0 0 0 0 0 0 0 0 0 0 0 0 0 0 0 0 0 0 0 0 0 0 0 0 0 0 0 0 0 0 0 0 0 0 0 0 0 0 0 0 0 0 0 0 0 0 0 0 0 0 0 0 0 0 data 26 0x60007 0x3f 0x80 0x13c1 0xd0002 0x13c1 0x170005 0x0 0x1e333138c58 0x13c1 0x0 0x0 0x1c0007 0x1b 0x20 0x13a6 0x0 0x0 0x0 0x0 0x0 0x0 0x9 0x2 0x0 0xffffffffffffffff oops 1 8 java/util/concurrent/ConcurrentHashMap methods 0
ciMethodData jdk/internal/loader/BuiltinClassLoader loadClassOrNull (Ljava/lang/String;Z)Ljava/lang/Class; 2 5337 orig 80 1 0 0 0 0 0 0 0 0 0 0 0 0 0 0 0 0 0 0 0 0 0 0 0 0 0 0 0 0 0 0 0 0 0 0 0 0 0 0 0 0 0 0 0 0 0 0 0 0 0 0 0 0 0 0 0 0 0 0 0 0 0 0 0 0 0 0 0 0 0 0 0 0 0 0 0 0 0 0 0 data 123 0x20005 0x0 0x1e333138ac0 0xb09 0x1e333138b48 0x9d0 0xa0005 0xc1 0x1e333138ac0 0xa6b 0x1e333138b48 0x9ad 0x110007 0x18 0x2a0 0x14c1 0x160005 0x14c1 0x0 0x0 0x0 0x0 0x1d0007 0x130c 0x130 0x1b5 0x220005 0x0 0x1e338625f60 0x1b5 0x0 0x0 0x2a0007 0x14b 0x98 0x6a 0x2d0002 0x6a 0x300007 0x0 0x98 0x6a 0x370005 0x6a 0x0 0x0 0x0 0x0 0x3c0003 0x6a 0x48 0x420005 0x44 0x1e33a168e18 0x107 0x0 0x0 0x470003 0x1b9 0x138 0x4e0007 0x0 0x50 0x130c 0x560005 0x1c 0x1e333138b48 0x978 0x1e33a168e18 0x978 0x5d0007 0x0 0xd0 0x130c 0x610005 0x0 0x1e333138b48 0x986 0x1e333138ac0 0x986 0x640007 0x986 0x80 0x986 0x670002 0x986 0x6a0007 0x0 0x50 0x986 0x6f0005 0x986 0x0 0x0 0x0 0x0 0x750007 0x14dd 0x70 0x0 0x7a0007 0x0 0x50 0x0 0x800005 0x0 0x0 0x0 0x0 0x0 0x0 0x0 0x0 0x0 0x0 0x0 0x9 0x3 0x0 0xffffffffffffffff 0x0 0x880001 0x880001 oops 10 2 jdk/internal/loader/ClassLoaders$AppClassLoader 4 jdk/internal/loader/ClassLoaders$PlatformClassLoader 8 jdk/internal/loader/ClassLoaders$AppClassLoader 10 jdk/internal/loader/ClassLoaders$PlatformClassLoader 28 jdk/internal/loader/BuiltinClassLoader$LoadedModule 53 jdk/internal/loader/ClassLoaders$BootClassLoader 66 jdk/internal/loader/ClassLoaders$PlatformClassLoader 68 jdk/internal/loader/ClassLoaders$BootClassLoader 76 jdk/internal/loader/ClassLoaders$PlatformClassLoader 78 jdk/internal/loader/ClassLoaders$AppClassLoader methods 0
ciMethodData java/util/WeakHashMap remove (Ljava/lang/Object;)Ljava/lang/Object; 2 7088 orig 80 0 0 0 0 0 0 0 0 0 0 0 0 0 0 0 0 0 0 0 0 0 0 0 0 0 0 0 0 0 0 0 0 0 0 0 0 0 0 0 0 0 0 0 0 0 0 0 0 0 0 0 0 0 0 0 0 0 0 0 0 0 0 0 0 0 0 0 0 0 0 0 0 0 0 0 0 0 0 0 0 data 60 0x10002 0x1bb0 0x70005 0x18 0x1e338374280 0x1b98 0x0 0x0 0xc0005 0x1bb0 0x0 0x0 0x0 0x0 0x150002 0x1bb0 0x270007 0xd8d 0x110 0xefc 0x370007 0xd9 0xd8 0xe23 0x3e0005 0xe23 0x0 0x0 0x0 0x0 0x410007 0x0 0x88 0xe23 0x5c0007 0x0 0x68 0xe23 0x650104 0x0 0x0 0x0 0x0 0x0 0x660003 0xe23 0x18 0x7e0003 0xd9 0xffffffffffffff08 0x0 0x0 0x0 0x0 0x0 0x0 0x9 0x2 0x0 0x0 oops 1 4 java/util/WeakHashMap methods 0
ciMethodData java/util/WeakHashMap matchesKey (Ljava/util/WeakHashMap$Entry;Ljava/lang/Object;)Z 2 9534 orig 80 0 0 0 0 0 0 0 0 0 0 0 0 0 0 0 0 0 0 0 0 0 0 0 0 0 0 0 0 0 0 0 0 0 0 0 0 0 0 0 1 0 0 0 0 0 0 0 0 0 0 0 0 0 0 0 0 0 0 0 0 0 0 0 0 0 0 0 0 0 0 0 0 0 0 0 0 0 0 0 0 data 44 0x20005 0x9 0x1e3383761d8 0x2535 0x0 0x0 0x50007 0x10d 0x20 0x2431 0xb0005 0x0 0x1e3383761d8 0x10d 0x0 0x0 0x100007 0x0 0x88 0x10d 0x150005 0x60 0x1e333135a98 0x43 0x1e33863c658 0x6a 0x8000000600180007 0x2 0x38 0x10c 0x1c0003 0x10c 0x18 0x0 0x0 0x0 0x0 0x0 0x0 0x9 0x3 0x0 0xffffffffffffffff 0xffffffffffffffff oops 4 2 java/util/WeakHashMap$Entry 12 java/util/WeakHashMap$Entry 22 java/lang/String 24 org/eclipse/aether/artifact/DefaultArtifact methods 0
ciMethodData java/util/zip/ZipFile$ZipFileInputStream close ()V 2 7095 orig 80 0 0 0 0 0 0 0 0 0 0 0 0 0 0 0 0 0 0 0 0 0 0 0 0 0 0 0 0 0 0 0 0 0 0 0 0 0 0 0 0 0 0 0 0 0 0 0 0 0 0 0 0 0 0 0 0 0 0 0 0 0 0 0 0 0 0 0 0 0 0 0 0 0 0 0 0 0 0 0 0 data 24 0x40007 0xd99 0x20 0xe1e 0x2a0005 0x0 0x1e338c0c4c8 0xd99 0x0 0x0 0x320003 0xd99 0x18 0x0 0x0 0x0 0x0 0x0 0x0 0x9 0x1 0x0 0x350001 0x350001 oops 1 6 java/util/Collections$SetFromMap methods 0
ciMethodData java/util/Collections$SetFromMap remove (Ljava/lang/Object;)Z 2 7088 orig 80 0 0 0 0 0 0 0 0 0 0 0 0 0 0 0 0 0 0 0 0 0 0 0 0 0 0 0 0 0 0 0 0 0 0 0 0 0 0 0 0 0 0 0 0 0 0 0 0 0 0 0 0 0 0 0 0 0 0 0 0 0 0 0 0 0 0 0 0 0 0 0 0 0 0 0 0 0 0 0 0 data 23 0x50005 0x0 0x1e338374280 0x1bb0 0x0 0x0 0xa0007 0xd8d 0x38 0xe23 0xe0003 0xe23 0x18 0x0 0x0 0x0 0x0 0x0 0x0 0x9 0x2 0x0 0x0 oops 1 2 java/util/WeakHashMap methods 0
ciMethodData java/util/jar/JarFile maybeInstantiateVerifier ()V 2 5120 orig 80 0 0 0 0 0 0 0 0 0 0 0 0 0 0 0 0 0 0 0 0 0 0 0 0 0 0 0 0 0 0 0 0 0 0 0 0 0 0 0 0 0 0 0 0 0 0 0 0 0 0 0 0 0 0 0 0 0 0 0 0 0 0 0 0 0 0 0 0 0 0 0 0 0 0 0 0 0 0 0 0 data 33 0x40007 0x1400 0x20 0x0 0xc0007 0x1341 0xa0 0xbf 0x140005 0x0 0x1e33895ce10 0xbf 0x0 0x0 0x1b0007 0xbf 0x50 0x0 0x1f0005 0x0 0x0 0x0 0x0 0x0 0x0 0x0 0x0 0x0 0x0 0x0 0x9 0x1 0x0 oops 1 10 java/util/zip/ZipFile$1 methods 0
ciMethodData java/util/zip/ZipFile$1 getManifestName (Ljava/util/jar/JarFile;Z)Ljava/lang/String; 1 608 orig 80 0 0 0 0 0 0 0 0 0 0 0 0 0 0 0 0 0 0 0 0 0 0 0 0 0 0 0 0 0 0 0 0 0 0 0 0 0 0 0 0 0 0 0 0 0 0 0 0 0 0 0 0 0 0 0 0 0 0 0 0 0 0 0 0 0 0 0 0 0 0 0 0 0 0 0 0 0 0 0 0 data 17 0x20005 0x260 0x0 0x0 0x0 0x0 0x0 0x0 0x0 0x0 0x0 0x0 0x9 0x3 0x0 0x0 0x0 oops 0 methods 0
ciMethodData java/util/zip/ZipFile getManifestName (Z)Ljava/lang/String; 1 648 orig 80 0 0 0 0 0 0 0 0 0 0 0 0 0 0 0 0 0 0 0 0 0 0 0 0 0 0 0 0 0 0 0 0 0 0 0 0 0 0 0 0 0 0 0 0 0 0 0 0 0 0 0 0 0 0 0 0 0 0 0 0 0 0 0 0 0 0 0 0 0 0 0 0 0 0 0 0 0 0 0 0 data 40 0x50005 0x288 0x0 0x0 0x0 0x0 0x180007 0x9 0x90 0x27f 0x1c0007 0x19a 0x40 0xe5 0x230007 0xe5 0x50 0x0 0x290005 0x19a 0x0 0x0 0x0 0x0 0x310003 0xee 0x18 0x0 0x0 0x0 0x0 0x0 0x0 0x9 0x2 0x0 0x0 0x340001 0x340001 0x340001 oops 0 methods 0
ciMethodData java/util/jar/JarFile getManifest ()Ljava/util/jar/Manifest; 2 2803 orig 80 0 0 0 0 0 0 0 0 0 0 0 0 0 0 0 0 0 0 0 0 0 0 0 0 0 0 0 0 0 0 0 0 0 0 0 0 0 0 0 0 0 0 0 0 0 0 0 0 0 0 0 0 0 0 0 0 0 0 0 0 0 0 0 0 0 0 0 0 0 0 0 0 0 0 0 0 0 0 0 0 data 15 0x10005 0xaf3 0x0 0x0 0x0 0x0 0x0 0x0 0x0 0x0 0x0 0x0 0x9 0x1 0x0 oops 0 methods 0
ciMethodData java/util/jar/JarFile getManifestFromReference ()Ljava/util/jar/Manifest; 2 2803 orig 80 0 0 0 0 0 0 0 0 0 0 0 0 0 0 0 0 0 0 0 0 0 0 0 0 0 0 0 0 0 0 0 0 0 0 0 0 0 0 0 0 0 0 0 0 0 0 0 0 0 0 0 0 0 0 0 0 0 0 0 0 0 0 0 0 0 0 0 0 0 0 0 0 0 0 0 0 0 0 0 0 data 149 0x40007 0xe4 0x98 0xa0f 0xb0005 0x0 0x1e333136888 0xa0f 0x0 0x0 0xe0004 0x0 0x1e333138928 0xa0f 0x0 0x0 0x110003 0xa0f 0x18 0x170007 0xa0f 0x3a0 0xe4 0x1b0005 0xe4 0x0 0x0 0x0 0x0 0x200007 0x6 0x350 0xde 0x270007 0x35 0x1d0 0xa9 0x2c0005 0xa9 0x0 0x0 0x0 0x0 0x340007 0x0 0x118 0xa9 0x3b0005 0x0 0x1e33895ce10 0xa9 0x0 0x0 0x410007 0x0 0x78 0xa9 0x4a0005 0x0 0x1e339671c90 0xa9 0x0 0x0 0x4e0002 0xa9 0x540003 0xa9 0x68 0x5a0007 0x0 0x50 0x0 0x620005 0x0 0x0 0x0 0x0 0x0 0x720002 0xa9 0x760005 0x0 0x1e33885b430 0xa9 0x0 0x0 0x790002 0xa9 0x7d0003 0xa9 0x168 0x820002 0x35 0x8c0005 0x0 0x1e33885b430 0x35 0x0 0x0 0x8f0002 0x35 0x940007 0x0 0x100 0x35 0x980005 0x0 0x1e339671d38 0x34 0x1e339671de0 0x1 0x9b0003 0x35 0xb0 0xa10007 0x0 0x98 0x0 0xa50005 0x0 0x0 0x0 0x0 0x0 0xa80003 0x0 0x48 0xb10005 0x0 0x0 0x0 0x0 0x0 0xbd0002 0xde 0x0 0x0 0x0 0x0 0x0 0x0 0x0 0x0 0x0 0x9 0x1 0x0 0x9e0001 0xab0001 oops 8 6 java/lang/ref/SoftReference 12 java/util/jar/Manifest 49 java/util/zip/ZipFile$1 59 java/util/jar/JarFile$JarFileEntry 82 java/util/jar/JarFile 95 java/util/jar/JarFile 107 java/util/zip/ZipFile$ZipFileInflaterInputStream 109 java/util/zip/ZipFile$ZipFileInputStream methods 0
ciMethodData java/util/zip/InflaterInputStream read ([BII)I 2 12266 orig 80 2 0 0 0 0 0 0 0 0 0 0 0 0 0 0 0 0 0 0 0 4 0 0 0 0 0 0 0 0 0 0 0 0 0 0 0 0 0 0 1 0 0 0 0 0 0 0 0 0 0 0 0 0 0 0 0 0 0 0 0 0 0 0 0 0 0 0 0 0 0 0 0 0 0 0 0 0 0 0 0 data 103 0x10005 0x2fea 0x0 0x0 0x0 0x0 0x50007 0x2fea 0x30 0x0 0xc0002 0x0 0x140002 0x2fea 0x190007 0x2fe1 0x20 0x9 0x220005 0x0 0x1e339d5ade0 0x2fe9 0x0 0x0 0x250007 0x408 0x70 0x2be1 0x2c0005 0x0 0x1e339d5ade0 0x2be1 0x0 0x0 0x2f0007 0x2be1 0x20 0x0 0x3d0005 0x0 0x1e339d5ade0 0x2be1 0x0 0x0 0x400007 0x17b7 0xa0 0x142a 0x470005 0x0 0x1e339d5ade0 0x142a 0x0 0x0 0x4a0007 0xe 0x50 0x141c 0x80000004004e0005 0x8f3 0x1e339671d38 0xb19 0x1e3388ff790 0x14 0x580005 0x0 0x1e339d5ade0 0x2be5 0x0 0x0 0x80000006005e0007 0x8 0xfffffffffffffe60 0x2bde 0x680005 0x0 0x0 0x0 0x0 0x0 0x730007 0x0 0x38 0x0 0x780003 0x0 0x18 0x7d0002 0x0 0x0 0x0 0x0 0x0 0x0 0x0 0x9 0x4 0xffffffffffffffff 0xffffffffffffffff 0x0 0x0 0x640001 0x640001 oops 7 20 java/util/zip/Inflater 30 java/util/zip/Inflater 40 java/util/zip/Inflater 50 java/util/zip/Inflater 60 java/util/zip/ZipFile$ZipFileInflaterInputStream 62 java/util/zip/GZIPInputStream 66 java/util/zip/Inflater methods 0
ciMethodData java/util/zip/InflaterInputStream ensureOpen ()V 2 17415 orig 80 0 0 0 0 0 0 0 0 0 0 0 0 0 0 0 0 0 0 0 0 0 0 0 0 0 0 0 0 0 0 0 0 0 0 0 0 0 0 0 0 0 0 0 0 0 0 0 0 0 0 0 0 0 0 0 0 0 0 0 0 0 0 0 0 0 0 0 0 0 0 0 0 0 0 0 0 0 0 0 0 data 13 0x40007 0x4407 0x30 0x0 0xd0002 0x0 0x0 0x0 0x0 0x0 0x9 0x1 0x0 oops 0 methods 0
ciMethodData java/util/zip/Inflater inflate ([BII)I 2 5174 orig 80 0 0 0 0 0 0 0 0 0 0 0 0 0 0 0 0 0 0 0 0 0 0 0 0 0 0 0 0 0 0 0 0 0 0 0 0 0 0 0 0 0 0 0 0 0 0 0 0 0 0 0 0 0 0 0 0 0 0 0 0 0 0 0 0 0 0 0 0 0 0 0 0 0 0 0 0 0 0 0 0 data 192 0x70002 0x1436 0x140005 0x1436 0x0 0x0 0x0 0x0 0x1f0007 0x0 0x98 0x1436 0x2d0005 0x0 0x1e339df1858 0x1436 0x0 0x0 0x400005 0x1436 0x0 0x0 0x0 0x0 0x450003 0x1436 0x2f0 0x5a0005 0x0 0x0 0x0 0x0 0x0 0x610005 0x0 0x0 0x0 0x0 0x0 0x680002 0x0 0x6f0005 0x0 0x0 0x0 0x0 0x0 0x720007 0x0 0x170 0x0 0x7a0005 0x0 0x0 0x0 0x0 0x0 0x840005 0x0 0x0 0x0 0x0 0x0 0x900005 0x0 0x0 0x0 0x0 0x0 0x9e0005 0x0 0x0 0x0 0x0 0x0 0xa80005 0x0 0x0 0x0 0x0 0x0 0xad0003 0x0 0x48 0xb70005 0x0 0x0 0x0 0x0 0x0 0xbf0003 0x0 0x98 0xc40002 0x0 0xcb0002 0x0 0xd50005 0x0 0x0 0x0 0x0 0x0 0xe40005 0x0 0x0 0x0 0x0 0x0 0xe90003 0x0 0x48 0xf70005 0x0 0x0 0x0 0x0 0x0 0xfe0003 0x1436 0x18 0x14e0007 0xa51 0x20 0x9e5 0x1590007 0x46 0x58 0x13f0 0x1600007 0x9a8 0x38 0xa48 0x1680003 0xa48 0x18 0x1790007 0x1436 0x20 0x0 0x1830007 0x1436 0x88 0x0 0x1880007 0x0 0x68 0x0 0x1920005 0x0 0x0 0x0 0x0 0x0 0x1960003 0x0 0x18 0x0 0x0 0x0 0x0 0x0 0x0 0x0 0x0 0x0 0x0 0x0 0x0 0x0 0x0 0x0 0x0 0x0 0x0 0x0 0x0 0x0 0x0 0x9 0x4 0x0 0x0 0x0 0x0 0x480001 0xb00001 0xb00001 0xec0001 0x1010001 0x1c00001 0x1c00001 oops 1 14 java/util/zip/Inflater$InflaterZStreamRef methods 0
ciMethodData java/util/LinkedHashMap get (Ljava/lang/Object;)Ljava/lang/Object; 2 49332 orig 80 1 0 0 0 0 0 0 0 0 0 0 0 0 0 0 0 0 0 0 0 0 0 0 0 0 0 0 0 0 0 0 0 0 0 0 0 0 0 0 1 0 0 0 0 0 0 0 0 0 0 0 0 0 0 0 0 0 0 0 0 0 0 0 0 0 0 0 0 0 0 0 0 0 0 0 0 0 0 0 0 data 30 0x20005 0x19 0x1e339fed088 0xc09b 0x0 0x0 0x70007 0x7f90 0x20 0x4124 0x8000000600100007 0x7f8f 0x50 0x2 0x150005 0x0 0x1e339fed088 0x2 0x0 0x0 0x0 0x0 0x0 0x0 0x0 0x0 0x9 0x2 0xffffffffffffffff 0xffffffffffffffff oops 2 2 java/util/LinkedHashMap 16 java/util/LinkedHashMap methods 0
ciMethodData java/util/LinkedHashMap afterNodeAccess (Ljava/util/HashMap$Node;)V 2 1497 orig 80 0 0 0 0 0 0 0 0 0 0 0 0 0 0 0 0 0 0 0 0 0 0 0 0 0 0 0 0 0 0 0 0 0 0 0 0 0 0 0 0 0 0 0 0 0 0 0 0 0 0 0 0 0 0 0 0 0 0 0 0 0 0 0 0 0 0 0 0 0 0 0 0 0 0 0 0 0 0 0 0 data 98 0x50007 0x0 0x60 0x5d9 0xc0007 0x0 0x150 0x5d9 0x130007 0x5c4 0x130 0x15 0x1d0007 0x11 0x110 0x4 0x210004 0x0 0x1e339d8b830 0x4 0x0 0x0 0x3c0007 0x4 0x38 0x0 0x450003 0x0 0x18 0x510007 0x0 0x38 0x4 0x5b0003 0x4 0x18 0x620007 0x4 0x38 0x0 0x6b0003 0x0 0x18 0x8a0003 0x4 0x130 0x920007 0x5d5 0x118 0x0 0x9c0007 0x0 0xf8 0x0 0xa00004 0x0 0x0 0x0 0x0 0x0 0xbb0007 0x0 0x38 0x0 0xc40003 0x0 0x18 0xd00007 0x0 0x38 0x0 0xda0003 0x0 0x18 0xe10007 0x0 0x38 0x0 0xea0003 0x0 0x18 0x0 0x0 0x0 0x0 0x0 0x0 0x0 0x0 0x0 0x0 0x0 0x0 0x0 0x9 0x2 0x0 0x0 oops 1 18 java/util/LinkedHashMap$Entry methods 0
ciMethodData java/util/ArrayDeque elementAt ([Ljava/lang/Object;I)Ljava/lang/Object; 2 59761 orig 80 0 0 0 0 0 0 0 0 0 0 0 0 0 0 0 0 0 0 0 0 0 0 0 0 0 0 0 0 0 0 0 0 0 0 0 0 0 0 0 0 0 0 0 0 0 0 0 0 0 0 0 0 0 0 0 0 0 0 0 0 0 0 0 0 0 0 0 0 0 0 0 0 0 0 0 0 0 0 0 0 data 7 0x0 0x0 0x0 0x9 0x2 0x0 0x0 oops 0 methods 0
ciMethodData java/lang/ref/Cleaner register (Ljava/lang/Object;Ljava/lang/Runnable;)Ljava/lang/ref/Cleaner$Cleanable; 2 5124 orig 80 0 0 0 0 0 0 0 0 0 0 0 0 0 0 0 0 0 0 0 0 0 0 0 0 0 0 0 0 0 0 0 0 0 0 0 0 0 0 0 0 0 0 0 0 0 0 0 0 0 0 0 0 0 0 0 0 0 0 0 0 0 0 0 0 0 0 0 0 0 0 0 0 0 0 0 0 0 0 0 0 data 17 0x30002 0x1404 0xa0002 0x1404 0x150002 0x1404 0x0 0x0 0x0 0x0 0x0 0x0 0x9 0x3 0xffffffffffffffff 0x0 0x0 oops 0 methods 0
ciMethodData jdk/internal/ref/CleanerImpl$PhantomCleanableRef <init> (Ljava/lang/Object;Ljava/lang/ref/Cleaner;Ljava/lang/Runnable;)V 2 5124 orig 80 0 0 0 0 0 0 0 0 0 0 0 0 0 0 0 0 0 0 0 0 0 0 0 0 0 0 0 0 0 0 0 0 0 0 0 0 0 0 0 0 0 0 0 0 0 0 0 0 0 0 0 0 0 0 0 0 0 0 0 0 0 0 0 0 0 0 0 0 0 0 0 0 0 0 0 0 0 0 0 0 data 12 0x30002 0x1404 0x0 0x0 0x0 0x0 0x9 0x4 0x3e 0x0 0xffffffffffffffff 0x0 oops 0 methods 0
ciMethodData jdk/internal/loader/URLClassPath getResource (Ljava/lang/String;)Ljdk/internal/loader/Resource; 2 1821 orig 80 0 0 0 0 0 0 0 0 0 0 0 0 0 0 0 0 0 0 0 0 0 0 0 0 0 0 0 0 0 0 0 0 0 0 0 0 0 0 0 0 0 0 0 0 0 0 0 0 0 0 0 0 0 0 0 0 0 0 0 0 0 0 0 0 0 0 0 0 0 0 0 0 0 0 0 0 0 0 0 0 data 69 0x30007 0x71d 0x120 0x0 0xd0002 0x0 0x120005 0x0 0x0 0x0 0x0 0x0 0x160005 0x0 0x0 0x0 0x0 0x0 0x1b0005 0x0 0x0 0x0 0x0 0x0 0x1e0005 0x0 0x0 0x0 0x0 0x0 0x210005 0x0 0x0 0x0 0x0 0x0 0x280005 0x4a53 0x0 0x0 0x0 0x0 0x2d0007 0x3f4 0x88 0x465f 0x320005 0x0 0x1e339d11350 0x4335 0x1e339d113f8 0x32a 0x390007 0x4336 0x20 0x329 0x420003 0x4336 0xffffffffffffff60 0x0 0x0 0x0 0x0 0x0 0x0 0x9 0x2 0xffffffffffffffff 0xffffffffffffffff oops 2 48 jdk/internal/loader/URLClassPath$JarLoader 50 jdk/internal/loader/URLClassPath$FileLoader methods 0
ciMethodData jdk/internal/access/SharedSecrets javaUtilJarAccess ()Ljdk/internal/access/JavaUtilJarAccess; 2 5257 orig 80 0 0 0 0 0 0 0 0 0 0 0 0 0 0 0 0 0 0 0 0 0 0 0 0 0 0 0 0 0 0 0 0 0 0 0 0 0 0 0 0 0 0 0 0 0 0 0 0 0 0 0 0 0 0 0 0 0 0 0 0 0 0 0 0 0 0 0 0 0 0 0 0 0 0 0 0 0 0 0 0 data 14 0x50007 0x1489 0x30 0x0 0xa0002 0x0 0x0 0x0 0x0 0x0 0x0 0x0 0x9 0x0 oops 0 methods 0
ciMethodData jdk/internal/loader/BuiltinClassLoader loadClass (Ljava/lang/String;Z)Ljava/lang/Class; 2 4604 orig 80 0 0 0 0 0 0 0 0 0 0 0 0 0 0 0 0 0 0 0 0 0 0 0 0 0 0 0 0 0 0 0 0 0 0 0 0 0 0 0 0 0 0 0 0 0 0 0 0 0 0 0 0 0 0 0 0 0 0 0 0 0 0 0 0 0 0 0 0 0 0 0 0 0 0 0 0 0 0 0 0 data 23 0x30005 0x0 0x1e333138ac0 0x1127 0x1e333138b48 0xd5 0x80007 0x814 0x30 0x9e8 0x100002 0x9e8 0x0 0x0 0x0 0x0 0x0 0x0 0x9 0x3 0x0 0x0 0x0 oops 2 2 jdk/internal/loader/ClassLoaders$AppClassLoader 4 jdk/internal/loader/ClassLoaders$PlatformClassLoader methods 0
ciMethodData java/lang/ClassNotFoundException <init> (Ljava/lang/String;)V 2 6148 orig 80 0 0 0 0 0 0 0 0 0 0 0 0 0 0 0 0 0 0 0 0 0 0 0 0 0 0 0 0 0 0 0 0 0 0 0 0 0 0 0 0 0 0 0 0 0 0 0 0 0 0 0 0 0 0 0 0 0 0 0 0 0 0 0 0 0 0 0 0 0 0 0 0 0 0 0 0 0 0 0 0 data 8 0x30002 0x1804 0x0 0x0 0x9 0x2 0x1c 0x0 oops 0 methods 0
ciMethodData jdk/internal/loader/Resource cachedInputStream ()Ljava/io/InputStream; 2 5190 orig 80 0 0 0 0 0 0 0 0 0 0 0 0 0 0 0 0 0 0 0 0 0 0 0 0 0 0 0 0 0 0 0 0 0 0 0 0 0 0 0 0 0 0 0 0 0 0 0 0 0 0 0 0 0 0 0 0 0 0 0 0 0 0 0 0 0 0 0 0 0 0 0 0 0 0 0 0 0 0 0 0 data 19 0x40007 0xa23 0x50 0xa23 0x90005 0x0 0x1e339d15df0 0xa23 0x0 0x0 0x0 0x0 0x0 0x0 0x0 0x0 0x9 0x1 0x0 oops 1 6 jdk/internal/loader/URLClassPath$JarLoader$1 methods 0
ciMethodData java/util/ArrayList <init> ()V 2 89698 orig 80 0 0 0 0 0 0 0 0 0 0 0 0 0 0 0 0 0 0 0 0 0 0 0 0 0 0 0 0 0 0 0 0 0 0 0 0 0 0 0 0 0 0 0 0 0 0 0 0 0 0 0 0 0 0 0 0 0 0 0 0 0 0 0 0 0 0 0 0 0 0 0 0 0 0 0 0 0 0 0 0 data 9 0x10002 0x15e62 0x0 0x0 0x0 0x0 0x9 0x1 0x0 oops 0 methods 0
ciMethodData java/util/AbstractList <init> ()V 2 108177 orig 80 0 0 0 0 0 0 0 0 0 0 0 0 0 0 0 0 0 0 0 0 0 0 0 0 0 0 0 0 0 0 0 0 0 0 0 0 0 0 0 0 0 0 0 0 0 0 0 0 0 0 0 0 0 0 0 0 0 0 0 0 0 0 0 0 0 0 0 0 0 0 0 0 0 0 0 0 0 0 0 0 data 9 0x10002 0x1a691 0x0 0x0 0x0 0x0 0x9 0x1 0x6 oops 0 methods 0
ciMethodData java/lang/ClassLoader findBootstrapClassOrNull (Ljava/lang/String;)Ljava/lang/Class; 2 3925 orig 80 0 0 0 0 0 0 0 0 0 0 0 0 0 0 0 0 0 0 0 0 0 0 0 0 0 0 0 0 0 0 0 0 0 0 0 0 0 0 0 0 0 0 0 0 0 0 0 0 0 0 0 0 0 0 0 0 0 0 0 0 0 0 0 0 0 0 0 0 0 0 0 0 0 0 0 0 0 0 0 0 data 17 0x10002 0xf55 0x40007 0xf55 0x20 0x0 0xa0002 0xf55 0x0 0x0 0x0 0x0 0x0 0x0 0x9 0x1 0x0 oops 0 methods 0
ciMethodData java/util/zip/ZipUtils LOCSIG ([B)J 2 3619 orig 80 0 0 0 0 0 0 0 0 0 0 0 0 0 0 0 0 0 0 0 0 0 0 0 0 0 0 0 0 0 0 0 0 0 0 0 0 0 0 0 0 0 0 0 0 0 0 0 0 0 0 0 0 0 0 0 0 0 0 0 0 0 0 0 0 0 0 0 0 0 0 0 0 0 0 0 0 0 0 0 0 data 11 0x20002 0xe23 0x0 0x0 0x0 0x0 0x0 0x0 0x9 0x1 0x0 oops 0 methods 0
ciMethodData java/lang/ReflectiveOperationException <init> (Ljava/lang/String;Ljava/lang/Throwable;)V 2 6080 orig 80 0 0 0 0 0 0 0 0 0 0 0 0 0 0 0 0 0 0 0 0 0 0 0 0 0 0 0 0 0 0 0 0 0 0 0 0 0 0 0 0 0 0 0 0 0 0 0 0 0 0 0 0 0 0 0 0 0 0 0 0 0 0 0 0 0 0 0 0 0 0 0 0 0 0 0 0 0 0 0 0 data 9 0x30002 0x17c0 0x0 0x0 0x9 0x3 0x1c 0x0 0x0 oops 0 methods 0
ciMethodData java/lang/Exception <init> (Ljava/lang/String;Ljava/lang/Throwable;)V 2 6080 orig 80 0 0 0 0 0 0 0 0 0 0 0 0 0 0 0 0 0 0 0 0 0 0 0 0 0 0 0 0 0 0 0 0 0 0 0 0 0 0 0 0 0 0 0 0 0 0 0 0 0 0 0 0 0 0 0 0 0 0 0 0 0 0 0 0 0 0 0 0 0 0 0 0 0 0 0 0 0 0 0 0 data 9 0x30002 0x17c0 0x0 0x0 0x9 0x3 0x1c 0x0 0x0 oops 0 methods 0
ciMethodData java/lang/Throwable <init> (Ljava/lang/String;Ljava/lang/Throwable;)V 2 5129 orig 80 0 0 0 0 0 0 0 0 0 0 0 0 0 0 0 0 0 0 0 0 0 0 0 0 0 0 0 0 0 0 0 0 0 0 0 0 0 0 0 0 0 0 0 0 0 0 0 0 0 0 0 0 0 0 0 0 0 0 0 0 0 0 0 0 0 0 0 0 0 0 0 0 0 0 0 0 0 0 0 0 data 31 0x10002 0x1409 0x180005 0x0 0x1e3331360f8 0x1407 0x1e33aaf0e98 0x2 0x290007 0x1409 0x60 0x0 0x2d0005 0x0 0x0 0x0 0x0 0x0 0x310002 0x0 0x0 0x0 0x0 0x0 0x0 0x0 0x9 0x3 0x1c 0x0 0x0 oops 2 4 java/lang/ClassNotFoundException 6 java/lang/ExceptionInInitializerError methods 0
ciMethodData java/lang/ClassLoader loadClass (Ljava/lang/String;Z)Ljava/lang/Class; 2 5120 orig 80 0 0 0 0 0 0 0 0 0 0 0 0 0 0 0 0 0 0 0 0 0 0 0 0 0 0 0 0 0 0 0 0 0 0 0 0 0 0 0 0 0 0 0 0 0 0 0 0 0 0 0 0 0 0 0 0 0 0 0 0 0 0 0 0 0 0 0 0 0 0 0 0 0 0 0 0 0 0 0 0 data 96 0x20005 0x2c4 0x1e338d06790 0x10fa 0x1e338d06838 0x41 0xa0005 0x2c9 0x1e338d06790 0x10f5 0x1e338d06838 0x41 0x110007 0x217 0x1e0 0x11e8 0x140002 0x11e8 0x1d0007 0x506 0x68 0xce2 0x260005 0x0 0x1e333138ac0 0xbbe 0x1e338d068e0 0x124 0x2b0003 0x330 0x28 0x2f0002 0x506 0x340003 0x836 0x18 0x3b0007 0x3f6 0x120 0xdf2 0x3e0002 0xdf2 0x450005 0x17 0x1e338d06790 0xdc7 0x1e338d06838 0x14 0x4a0002 0x21 0x520005 0x0 0x1e338d06988 0x21 0x0 0x0 0x550002 0x21 0x5a0005 0x0 0x1e338d06988 0x21 0x0 0x0 0x5d0002 0x21 0x600005 0x0 0x1e338d06988 0x21 0x0 0x0 0x640007 0x62e 0x50 0x0 0x6a0005 0x0 0x0 0x0 0x0 0x0 0x0 0x0 0x0 0x0 0x0 0x0 0x9 0x3 0x0 0x0 0x0 0x370201 0x720201 0x720001 oops 11 2 org/codehaus/plexus/classworlds/realm/ClassRealm 4 org/eclipse/sisu/space/CloningClassSpace$CloningClassLoader 8 org/codehaus/plexus/classworlds/realm/ClassRealm 10 org/eclipse/sisu/space/CloningClassSpace$CloningClassLoader 24 jdk/internal/loader/ClassLoaders$AppClassLoader 26 java/net/URLClassLoader 44 org/codehaus/plexus/classworlds/realm/ClassRealm 46 org/eclipse/sisu/space/CloningClassSpace$CloningClassLoader 52 jdk/internal/perf/PerfCounter 60 jdk/internal/perf/PerfCounter 68 jdk/internal/perf/PerfCounter methods 0
ciMethodData jdk/internal/perf/PerfCounter getParentDelegationTime ()Ljdk/internal/perf/PerfCounter; 1 33 orig 80 0 0 0 0 0 0 0 0 0 0 0 0 0 0 0 0 0 0 0 0 0 0 0 0 0 0 0 0 0 0 0 0 0 0 0 0 0 0 0 0 0 0 0 0 0 0 0 0 0 0 0 0 0 0 0 0 0 0 0 0 0 0 0 0 0 0 0 0 0 0 0 0 0 0 0 0 0 0 0 0 data 4 0x0 0x0 0x9 0x0 oops 0 methods 0
ciMethodData jdk/internal/perf/PerfCounter addTime (J)V 1 33 orig 80 0 0 0 0 0 0 0 0 0 0 0 0 0 0 0 0 0 0 0 0 0 0 0 0 0 0 0 0 0 0 0 0 0 0 0 0 0 0 0 0 0 0 0 0 0 0 0 0 0 0 0 0 0 0 0 0 0 0 0 0 0 0 0 0 0 0 0 0 0 0 0 0 0 0 0 0 0 0 0 0 data 17 0x20005 0x0 0x1e338d06988 0x21 0x0 0x0 0x0 0x0 0x0 0x0 0x0 0x0 0x9 0x3 0x0 0x0 0x0 oops 1 2 jdk/internal/perf/PerfCounter methods 0
ciMethodData jdk/internal/perf/PerfCounter add (J)V 2 3479 orig 80 0 0 0 0 0 0 0 0 0 0 0 0 0 0 0 0 0 0 0 0 0 0 0 0 0 0 0 0 0 0 0 0 0 0 0 0 0 0 0 0 0 0 0 0 0 0 0 0 0 0 0 0 0 0 0 0 0 0 0 0 0 0 0 0 0 0 0 0 0 0 0 0 0 0 0 0 0 0 0 0 data 23 0x10005 0x0 0x1e338d06988 0xd97 0x0 0x0 0xd0005 0x0 0x1e33a16d328 0xd97 0x0 0x0 0x0 0x0 0x0 0x0 0x0 0x0 0x9 0x3 0x0 0x0 0x0 oops 2 2 jdk/internal/perf/PerfCounter 8 java/nio/DirectLongBufferU methods 0
ciMethodData jdk/internal/perf/PerfCounter getFindClassTime ()Ljdk/internal/perf/PerfCounter; 1 33 orig 80 0 0 0 0 0 0 0 0 0 0 0 0 0 0 0 0 0 0 0 0 0 0 0 0 0 0 0 0 0 0 0 0 0 0 0 0 0 0 0 0 0 0 0 0 0 0 0 0 0 0 0 0 0 0 0 0 0 0 0 0 0 0 0 0 0 0 0 0 0 0 0 0 0 0 0 0 0 0 0 0 data 4 0x0 0x0 0x9 0x0 oops 0 methods 0
ciMethodData jdk/internal/perf/PerfCounter addElapsedTimeFrom (J)V 2 3007 orig 80 0 0 0 0 0 0 0 0 0 0 0 0 0 0 0 0 0 0 0 0 0 0 0 0 0 0 0 0 0 0 0 0 0 0 0 0 0 0 0 0 0 0 0 0 0 0 0 0 0 0 0 0 0 0 0 0 0 0 0 0 0 0 0 0 0 0 0 0 0 0 0 0 0 0 0 0 0 0 0 0 data 19 0x10002 0xbbf 0x60005 0x0 0x1e338d06988 0xbbf 0x0 0x0 0x0 0x0 0x0 0x0 0x0 0x0 0x9 0x3 0x0 0x0 0x0 oops 1 4 jdk/internal/perf/PerfCounter methods 0
ciMethodData jdk/internal/perf/PerfCounter getFindClasses ()Ljdk/internal/perf/PerfCounter; 1 33 orig 80 0 0 0 0 0 0 0 0 0 0 0 0 0 0 0 0 0 0 0 0 0 0 0 0 0 0 0 0 0 0 0 0 0 0 0 0 0 0 0 0 0 0 0 0 0 0 0 0 0 0 0 0 0 0 0 0 0 0 0 0 0 0 0 0 0 0 0 0 0 0 0 0 0 0 0 0 0 0 0 0 data 4 0x0 0x0 0x9 0x0 oops 0 methods 0
ciMethodData jdk/internal/perf/PerfCounter increment ()V 1 439 orig 80 0 0 0 0 0 0 0 0 0 0 0 0 0 0 0 0 0 0 0 0 0 0 0 0 0 0 0 0 0 0 0 0 0 0 0 0 0 0 0 0 0 0 0 0 0 0 0 0 0 0 0 0 0 0 0 0 0 0 0 0 0 0 0 0 0 0 0 0 0 0 0 0 0 0 0 0 0 0 0 0 data 15 0x20005 0x0 0x1e338d06988 0x1b7 0x0 0x0 0x0 0x0 0x0 0x0 0x0 0x0 0x9 0x1 0x0 oops 1 2 jdk/internal/perf/PerfCounter methods 0
ciMethodData jdk/internal/perf/PerfCounter get ()J 2 3469 orig 80 0 0 0 0 0 0 0 0 0 0 0 0 0 0 0 0 0 0 0 0 0 0 0 0 0 0 0 0 0 0 0 0 0 0 0 0 0 0 0 0 0 0 0 0 0 0 0 0 0 0 0 0 0 0 0 0 0 0 0 0 0 0 0 0 0 0 0 0 0 0 0 0 0 0 0 0 0 0 0 0 data 15 0x50005 0x0 0x1e33a16d328 0xd8d 0x0 0x0 0x0 0x0 0x0 0x0 0x0 0x0 0x9 0x1 0x0 oops 1 2 java/nio/DirectLongBufferU methods 0
ciMethodData java/util/Collections$SetFromMap add (Ljava/lang/Object;)Z 2 3556 orig 80 0 0 0 0 0 0 0 0 0 0 0 0 0 0 0 0 0 0 0 0 0 0 0 0 0 0 0 0 0 0 0 0 0 0 0 0 0 0 0 0 0 0 0 0 0 0 0 0 0 0 0 0 0 0 0 0 0 0 0 0 0 0 0 0 0 0 0 0 0 0 0 0 0 0 0 0 0 0 0 0 data 23 0x80005 0x0 0x1e338374280 0xdaf 0x1e338374328 0x35 0xd0007 0x1d 0x38 0xdc7 0x110003 0xdc7 0x18 0x0 0x0 0x0 0x0 0x0 0x0 0x9 0x2 0x0 0xffffffffffffffff oops 2 2 java/util/WeakHashMap 4 java/util/IdentityHashMap methods 0
ciMethodData java/util/WeakHashMap put (Ljava/lang/Object;Ljava/lang/Object;)Ljava/lang/Object; 2 4585 orig 80 0 0 0 0 0 0 0 0 0 0 0 0 0 0 0 0 0 0 0 0 0 0 0 0 0 0 0 0 0 0 0 0 0 0 0 0 0 0 0 0 0 0 0 0 0 0 0 0 0 0 0 0 0 0 0 0 0 0 0 0 0 0 0 0 0 0 0 0 0 0 0 0 0 0 0 0 0 0 0 0 data 71 0x10002 0x11e9 0x70005 0x82 0x1e338374280 0x109a 0x1e3383785c0 0xcd 0xd0005 0x11e9 0x0 0x0 0x0 0x0 0x170002 0x11e9 0x250007 0x11c3 0xc8 0xbf 0x2f0007 0x98 0x90 0x27 0x360005 0x27 0x0 0x0 0x0 0x0 0x390007 0x1 0x40 0x26 0x460007 0x0 0x20 0x26 0x590003 0x99 0xffffffffffffff50 0x7f0002 0x11c3 0x820004 0x0 0x1e3383761d8 0x11c3 0x0 0x0 0x920007 0x11bd 0x50 0x6 0x9b0005 0x0 0x1e338374280 0x6 0x0 0x0 0x0 0x0 0x0 0x0 0x0 0x0 0x0 0x9 0x3 0x0 0x0 0x0 oops 4 4 java/util/WeakHashMap 6 java/lang/ClassValue$ClassValueMap 45 java/util/WeakHashMap$Entry 55 java/util/WeakHashMap methods 0
ciMethodData java/util/WeakHashMap$Entry <init> (Ljava/lang/Object;Ljava/lang/Object;Ljava/lang/ref/ReferenceQueue;ILjava/util/WeakHashMap$Entry;)V 2 4547 orig 80 0 0 0 0 0 0 0 0 0 0 0 0 0 0 0 0 0 0 0 0 0 0 0 0 0 0 0 0 0 0 0 0 0 0 0 0 0 0 0 0 0 0 0 0 0 0 0 0 0 0 0 0 0 0 0 0 0 0 0 0 0 0 0 0 0 0 0 0 0 0 0 0 0 0 0 0 0 0 0 0 data 14 0x30002 0x11c3 0x0 0x0 0x0 0x0 0x9 0x6 0x3e 0x0 0x0 0x0 0x0 0x0 oops 0 methods 0
ciMethodData java/util/WeakHashMap resize (I)V 1 6 orig 80 0 0 0 0 0 0 0 0 0 0 0 0 0 0 0 0 0 0 0 0 0 0 0 0 0 0 0 0 0 0 0 0 0 0 0 0 0 0 0 0 0 0 0 0 0 0 0 0 0 0 0 0 0 0 0 0 0 0 0 0 0 0 0 0 0 0 0 0 0 0 0 0 0 0 0 0 0 0 0 0 data 52 0x10005 0x6 0x0 0x0 0x0 0x0 0xb0007 0x6 0x20 0x0 0x170005 0x6 0x0 0x0 0x0 0x0 0x200005 0x6 0x0 0x0 0x0 0x0 0x330007 0x0 0x38 0x6 0x420003 0x6 0x78 0x460005 0x0 0x0 0x0 0x0 0x0 0x4d0005 0x0 0x0 0x0 0x0 0x0 0x0 0x0 0x0 0x0 0x0 0x0 0x0 0x9 0x2 0x3c 0x0 oops 0 methods 0
ciMethodData jdk/internal/ref/CleanerImpl$CleanableList remove (Ljdk/internal/ref/PhantomCleanable;)Z 2 5130 orig 80 0 0 0 0 0 0 0 0 0 0 0 0 0 0 0 0 0 0 0 0 0 0 0 0 0 0 0 0 0 0 0 0 0 0 0 0 0 0 0 0 0 0 0 0 0 0 0 0 0 0 0 0 0 0 0 0 0 0 0 0 0 0 0 0 0 0 0 0 0 0 0 0 0 0 0 0 0 0 0 0 data 77 0x40007 0x140a 0x20 0x0 0xc0007 0x140a 0x50 0x0 0x1c0007 0x0 0x30 0x0 0x230002 0x0 0x340007 0x140a 0x50 0x0 0x380007 0x0 0x30 0x0 0x3f0002 0x0 0x4b0007 0x0 0x40 0x140a 0x530007 0x129d 0x50 0x16d 0x7c0004 0x0 0x1e339df5bc8 0x166 0x1e3383710b0 0x7 0x8b0104 0x0 0x0 0x0 0x0 0x0 0xa00007 0x140a 0x60 0x0 0xaa0007 0x0 0x40 0x0 0xb90007 0x0 0x20 0x0 0x0 0x0 0x0 0x0 0x0 0x0 0x0 0x0 0x0 0x0 0x0 0x0 0x0 0x0 0x0 0x0 0x0 0x9 0x2 0x0 0x0 oops 2 34 jdk/internal/ref/CleanerImpl$PhantomCleanableRef 36 java/io/FileCleanable methods 0
ciMethodData java/lang/ref/Reference clear ()V 2 11862 orig 80 0 0 0 0 0 0 0 0 0 0 0 0 0 0 0 0 0 0 0 0 0 0 0 0 0 0 0 0 0 0 0 0 0 0 0 0 0 0 0 0 0 0 0 0 0 0 0 0 0 0 0 0 0 0 0 0 0 0 0 0 0 0 0 0 0 0 0 0 0 0 0 0 0 0 0 0 0 0 0 0 data 15 0x10005 0x2ce 0x1e339df5bc8 0x1c48 0x1e3383710b0 0xf40 0x0 0x0 0x0 0x0 0x0 0x0 0x9 0x1 0x0 oops 2 2 jdk/internal/ref/CleanerImpl$PhantomCleanableRef 4 java/io/FileCleanable methods 0
ciMethodData java/lang/ref/PhantomReference clearImpl ()V 2 9831 orig 80 0 0 0 0 0 0 0 0 0 0 0 0 0 0 0 0 0 0 0 0 0 0 0 0 0 0 0 0 0 0 0 0 0 0 0 0 0 0 0 0 0 0 0 0 0 0 0 0 0 0 0 0 0 0 0 0 0 0 0 0 0 0 0 0 0 0 0 0 0 0 0 0 0 0 0 0 0 0 0 0 data 15 0x10005 0x2667 0x0 0x0 0x0 0x0 0x0 0x0 0x0 0x0 0x0 0x0 0x9 0x1 0x0 oops 0 methods 0
ciMethodData java/lang/ref/SoftReference get ()Ljava/lang/Object; 2 11283 orig 80 1 0 0 0 0 0 0 0 0 0 0 0 0 0 0 0 0 0 0 0 0 0 0 0 0 0 0 0 0 0 0 0 0 0 0 0 0 0 0 1 0 0 0 0 0 0 0 0 0 0 0 0 0 0 0 0 0 0 0 0 0 0 0 0 0 0 0 0 0 0 0 0 0 0 0 0 0 0 0 0 data 19 0x10002 0x2c15 0x8000000600060007 0x6 0x40 0x2c14 0x110007 0x2ae7 0x20 0x12e 0x0 0x0 0x0 0x0 0x0 0x0 0x9 0x1 0x30 oops 0 methods 0
ciMethodData java/lang/Object equals (Ljava/lang/Object;)Z 2 8673 orig 80 0 0 0 0 0 0 0 0 0 0 0 0 0 0 0 0 0 0 0 0 0 0 0 0 0 0 0 0 0 0 0 0 0 0 0 0 0 0 0 0 0 0 0 0 0 0 0 0 0 0 0 0 0 0 0 0 0 0 0 0 0 0 0 0 0 0 0 0 0 0 0 0 0 0 0 0 0 0 0 0 data 17 0x20007 0x163a 0x38 0xba7 0x60003 0xba7 0x18 0x0 0x0 0x0 0x0 0x0 0x0 0x9 0x2 0x0 0x0 oops 0 methods 0
ciMethodData java/util/zip/ZipFile$ZipFileInflaterInputStream <init> (Ljava/util/zip/ZipFile;Ljava/util/zip/ZipFile$ZipFileInputStream;Ljava/util/zip/ZipFile$CleanableResource;I)V 2 3480 orig 80 0 0 0 0 0 0 0 0 0 0 0 0 0 0 0 0 0 0 0 0 0 0 0 0 0 0 0 0 0 0 0 0 0 0 0 0 0 0 0 0 0 0 0 0 0 0 0 0 0 0 0 0 0 0 0 0 0 0 0 0 0 0 0 0 0 0 0 0 0 0 0 0 0 0 0 0 0 0 0 0 data 21 0x50005 0x0 0x1e3389600d8 0xd98 0x0 0x0 0xa0002 0xd98 0x0 0x0 0x0 0x0 0x0 0x0 0x9 0x5 0x0 0x0 0x0 0x0 0x0 oops 1 2 java/util/zip/ZipFile$CleanableResource methods 0
ciMethodData java/util/zip/ZipFile getInputStream (Ljava/util/zip/ZipEntry;)Ljava/io/InputStream; 2 3492 orig 80 0 0 0 0 0 0 0 0 0 0 0 0 0 0 0 0 0 0 0 0 0 0 0 0 0 0 0 0 0 0 0 0 0 0 0 0 0 0 0 0 0 0 0 0 0 0 0 0 0 0 0 0 0 0 0 0 0 0 0 0 0 0 0 0 0 0 0 0 0 0 0 0 0 0 0 0 0 0 0 0 data 104 0x30002 0xda4 0x1f0005 0xda4 0x0 0x0 0x0 0x0 0x2a0002 0xda4 0x2d0007 0x32 0x38 0xd72 0x350003 0xd72 0x80 0x430005 0x32 0x0 0x0 0x0 0x0 0x4a0007 0x0 0x38 0x32 0x530003 0x32 0x18 0x5a0007 0xda4 0x20 0x0 0x6d0002 0xda4 0x770002 0xda4 0x7a0008 0x6 0x0 0x130 0xc 0x40 0xd98 0x88 0x9d0005 0x0 0x1e338c0c4c8 0xc 0x0 0x0 0xa60003 0xc 0x18 0xbc0002 0xd98 0xc70007 0x1 0x40 0xd97 0xce0007 0xd97 0x20 0x0 0xe30002 0xd98 0xf20005 0x0 0x1e338c0c4c8 0xd98 0x0 0x0 0xfb0003 0xd98 0x18 0x1120002 0x0 0x0 0x0 0x0 0x0 0x0 0x0 0x0 0x0 0x0 0x0 0x0 0x0 0x0 0x0 0x9 0x2 0x0 0x0 0xa90001 0xa90001 0xfe0001 0xfe0001 0x1160001 0x1160001 0x1160001 0x1160001 oops 2 48 java/util/Collections$SetFromMap 69 java/util/Collections$SetFromMap methods 0
ciMethodData java/util/zip/ZipFile$ZipFileInputStream <init> (Ljava/util/zip/ZipFile;[BI)V 2 3492 orig 80 0 0 0 0 0 0 0 0 0 0 0 0 0 0 0 0 0 0 0 0 0 0 0 0 0 0 0 0 0 0 0 0 0 0 0 0 0 0 0 0 0 0 0 0 0 0 0 0 0 0 0 0 0 0 0 0 0 0 0 0 0 0 0 0 0 0 0 0 0 0 0 0 0 0 0 0 0 0 0 0 data 42 0x30002 0xda4 0xb0002 0xda4 0x110002 0xda4 0x1a0002 0xda4 0x230002 0xda4 0x310007 0x0 0x60 0xda4 0x3c0007 0x0 0x40 0xda4 0x470007 0xda4 0x50 0x0 0x4d0005 0x0 0x0 0x0 0x0 0x0 0x0 0x0 0x0 0x0 0x0 0x0 0x0 0x0 0x9 0x4 0xffffffffffffffff 0x0 0xffffffffffffffff 0x0 oops 0 methods 0
ciMethodData java/util/zip/ZipFile$ZipFileInputStream checkZIP64 ([BI)V 1 0 orig 80 0 0 0 0 0 0 0 0 0 0 0 0 0 0 0 0 0 0 0 0 0 0 0 0 0 0 0 0 0 0 0 0 0 0 0 0 0 0 0 0 0 0 0 0 0 0 0 0 0 0 0 0 0 0 0 0 0 0 0 0 0 0 0 0 0 0 0 0 0 0 0 0 0 0 0 0 0 0 0 0 data 91 0x60002 0x0 0xe0002 0x0 0x190007 0x0 0x260 0x0 0x1e0002 0x0 0x270002 0x0 0x350007 0x0 0x38 0x0 0x380003 0x0 0x200 0x3e0007 0x0 0x1d0 0x0 0x490007 0x0 0x88 0x0 0x500007 0x0 0x1a8 0x0 0x590007 0x0 0x38 0x0 0x5c0003 0x0 0x168 0x620002 0x0 0x760007 0x0 0x88 0x0 0x7d0007 0x0 0x120 0x0 0x860007 0x0 0x38 0x0 0x890003 0x0 0xe0 0x8f0002 0x0 0xa30007 0x0 0xb8 0x0 0xaa0007 0x0 0x98 0x0 0xb30007 0x0 0x38 0x0 0xb60003 0x0 0x58 0xbc0002 0x0 0xc80003 0x0 0x30 0xd00003 0x0 0xfffffffffffffdb8 0x0 0x0 0x0 0x0 0x0 0x0 0x9 0x3 0x0 0x0 0x0 oops 0 methods 0
ciMethodData java/util/zip/InflaterInputStream close ()V 2 3678 orig 80 0 0 0 0 0 0 0 0 0 0 0 0 0 0 0 0 0 0 0 0 0 0 0 0 0 0 0 0 0 0 0 0 0 0 0 0 0 0 0 0 0 0 0 0 0 0 0 0 0 0 0 0 0 0 0 0 0 0 0 0 0 0 0 0 0 0 0 0 0 0 0 0 0 0 0 0 0 0 0 0 data 29 0x40007 0x0 0xa0 0xe5e 0xb0007 0xd96 0x50 0xc8 0x120005 0x0 0x1e339d5ade0 0xc8 0x0 0x0 0x190005 0x1 0x1e339671de0 0xd96 0x1e33988b318 0xc7 0x0 0x0 0x0 0x0 0x0 0x0 0x9 0x1 0x10 oops 3 10 java/util/zip/Inflater 16 java/util/zip/ZipFile$ZipFileInputStream 18 org/apache/http/conn/EofSensorInputStream methods 0
ciMethodData java/util/zip/Inflater end ()V 1 633 orig 80 0 0 0 0 0 0 0 0 0 0 0 0 0 0 0 0 0 0 0 0 0 0 0 0 0 0 0 0 0 0 0 0 0 0 0 0 0 0 0 0 0 0 0 0 0 0 0 0 0 0 0 0 0 0 0 0 0 0 0 0 0 0 0 0 0 0 0 0 0 0 0 0 0 0 0 0 0 0 0 0 data 31 0xb0005 0x0 0x1e339df1858 0x279 0x0 0x0 0x100007 0x279 0x20 0x0 0x1a0005 0x0 0x1e339df1858 0x279 0x0 0x0 0x2b0003 0x279 0x18 0x0 0x0 0x0 0x0 0x0 0x0 0x9 0x1 0xc0 0x2e0001 0x2e0001 0x2e0001 oops 2 2 java/util/zip/Inflater$InflaterZStreamRef 12 java/util/zip/Inflater$InflaterZStreamRef methods 0
ciMethodData java/util/zip/ZipFile$CleanableResource getInflater ()Ljava/util/zip/Inflater; 2 3477 orig 80 0 0 0 0 0 0 0 0 0 0 0 0 0 0 0 0 0 0 0 0 0 0 0 0 0 0 0 0 0 0 0 0 0 0 0 0 0 0 0 0 0 0 0 0 0 0 0 0 0 0 0 0 0 0 0 0 0 0 0 0 0 0 0 0 0 0 0 0 0 0 0 0 0 0 0 0 0 0 0 0 data 33 0xb0005 0x0 0x1e339d5d238 0xd95 0x0 0x0 0x100104 0x0 0x1e339d5ade0 0xc04 0x0 0x0 0x150007 0x191 0x20 0xc04 0x1e0003 0x191 0x18 0x2b0002 0x191 0x0 0x0 0x0 0x0 0x0 0x0 0x9 0x1 0x0 0x210001 0x210001 0x210001 oops 2 2 java/util/ArrayDeque 8 java/util/zip/Inflater methods 0
ciMethodData java/util/zip/ZipFile$ZipFileInflaterInputStream <init> (Ljava/util/zip/ZipFile;Ljava/util/zip/ZipFile$ZipFileInputStream;Ljava/util/zip/ZipFile$CleanableResource;Ljava/util/zip/Inflater;I)V 2 3477 orig 80 0 0 0 0 0 0 0 0 0 0 0 0 0 0 0 0 0 0 0 0 0 0 0 0 0 0 0 0 0 0 0 0 0 0 0 0 0 0 0 0 0 0 0 0 0 0 0 0 0 0 0 0 0 0 0 0 0 0 0 0 0 0 0 0 0 0 0 0 0 0 0 0 0 0 0 0 0 0 0 0 data 28 0x30002 0xd95 0x100002 0xd95 0x190002 0xd95 0x240002 0xd95 0x270005 0x1 0x1e339df3970 0xd94 0x0 0x0 0x0 0x0 0x0 0x0 0x0 0x0 0x9 0x6 0x7e 0x0 0x0 0x0 0x0 0x0 oops 1 10 java/lang/ref/Cleaner methods 0
ciMethodData java/util/zip/Inflater <init> (Z)V 1 753 orig 80 0 0 0 0 0 0 0 0 0 0 0 0 0 0 0 0 0 0 0 0 0 0 0 0 0 0 0 0 0 0 0 0 0 0 0 0 0 0 0 0 0 0 0 0 0 0 0 0 0 0 0 0 0 0 0 0 0 0 0 0 0 0 0 0 0 0 0 0 0 0 0 0 0 0 0 0 0 0 0 0 data 16 0x10002 0x2f1 0x120002 0x2f1 0x150002 0x2f1 0x0 0x0 0x0 0x0 0x0 0x0 0x9 0x2 0xc0 0x0 oops 0 methods 0
ciMethodData java/util/ArrayDeque poll ()Ljava/lang/Object; 2 5121 orig 80 0 0 0 0 0 0 0 0 0 0 0 0 0 0 0 0 0 0 0 0 0 0 0 0 0 0 0 0 0 0 0 0 0 0 0 0 0 0 0 0 0 0 0 0 0 0 0 0 0 0 0 0 0 0 0 0 0 0 0 0 0 0 0 0 0 0 0 0 0 0 0 0 0 0 0 0 0 0 0 0 data 15 0x10005 0x0 0x1e339d5d238 0x1401 0x0 0x0 0x0 0x0 0x0 0x0 0x0 0x0 0x9 0x1 0x0 oops 1 2 java/util/ArrayDeque methods 0
ciMethodData java/util/zip/InflaterInputStream <init> (Ljava/io/InputStream;Ljava/util/zip/Inflater;I)V 2 4014 orig 80 0 0 0 0 0 0 0 0 0 0 0 0 0 0 0 0 0 0 0 0 0 0 0 0 0 0 0 0 0 0 0 0 0 0 0 0 0 0 0 0 0 0 0 0 0 0 0 0 0 0 0 0 0 0 0 0 0 0 0 0 0 0 0 0 0 0 0 0 0 0 0 0 0 0 0 0 0 0 0 0 data 30 0x20002 0xfae 0x1c0007 0x0 0x40 0xfae 0x200007 0xfae 0x30 0x0 0x270002 0x0 0x2c0007 0xfae 0x30 0x0 0x350002 0x0 0x0 0x0 0x0 0x0 0x0 0x0 0x9 0x4 0x3e 0x0 0x0 0x0 oops 0 methods 0
ciMethodData java/util/zip/ZipFile$InflaterCleanupAction <init> (Ljava/util/zip/Inflater;Ljava/util/zip/ZipFile$CleanableResource;)V 2 3477 orig 80 0 0 0 0 0 0 0 0 0 0 0 0 0 0 0 0 0 0 0 0 0 0 0 0 0 0 0 0 0 0 0 0 0 0 0 0 0 0 0 0 0 0 0 0 0 0 0 0 0 0 0 0 0 0 0 0 0 0 0 0 0 0 0 0 0 0 0 0 0 0 0 0 0 0 0 0 0 0 0 0 data 11 0x10002 0xd95 0x0 0x0 0x0 0x0 0x9 0x3 0x6 0x0 0x0 oops 0 methods 0
ciMethodData java/util/zip/ZipUtils LOCNAM ([B)I 2 3345 orig 80 0 0 0 0 0 0 0 0 0 0 0 0 0 0 0 0 0 0 0 0 0 0 0 0 0 0 0 0 0 0 0 0 0 0 0 0 0 0 0 0 0 0 0 0 0 0 0 0 0 0 0 0 0 0 0 0 0 0 0 0 0 0 0 0 0 0 0 0 0 0 0 0 0 0 0 0 0 0 0 0 data 11 0x30002 0xd11 0x0 0x0 0x0 0x0 0x0 0x0 0x9 0x1 0x0 oops 0 methods 0
ciMethodData java/util/zip/ZipFile$ZipFileInflaterInputStream close ()V 2 3481 orig 80 0 0 0 0 0 0 0 0 0 0 0 0 0 0 0 0 0 0 0 0 0 0 0 0 0 0 0 0 0 0 0 0 0 0 0 0 0 0 0 0 0 0 0 0 0 0 0 0 0 0 0 0 0 0 0 0 0 0 0 0 0 0 0 0 0 0 0 0 0 0 0 0 0 0 0 0 0 0 0 0 data 32 0x40007 0xd94 0x20 0x5 0xe0002 0xd94 0x290005 0x0 0x1e338c0c4c8 0xd94 0x0 0x0 0x310003 0xd94 0x18 0x3d0005 0x0 0x1e339df5bc8 0xd94 0x0 0x0 0x0 0x0 0x0 0x0 0x0 0x0 0x9 0x1 0xffffffffffffffff 0x340001 0x340001 oops 2 8 java/util/Collections$SetFromMap 17 jdk/internal/ref/CleanerImpl$PhantomCleanableRef methods 0
ciMethodData jdk/internal/ref/PhantomCleanable clean ()V 2 7232 orig 80 0 0 0 0 0 0 0 0 0 0 0 0 0 0 0 0 0 0 0 0 0 0 0 0 0 0 0 0 0 0 0 0 0 0 0 0 0 0 0 0 0 0 0 0 0 0 0 0 0 0 0 0 0 0 0 0 0 0 0 0 0 0 0 0 0 0 0 0 0 0 0 0 0 0 0 0 0 0 0 0 data 27 0x50005 0x0 0x1e33864fef8 0x1c40 0x0 0x0 0x80007 0x0 0x60 0x1c40 0xc0002 0x1c40 0x100005 0x0 0x1e339df5bc8 0x1c40 0x0 0x0 0x0 0x0 0x0 0x0 0x0 0x0 0x9 0x1 0x0 oops 2 2 jdk/internal/ref/CleanerImpl$CleanableList 14 jdk/internal/ref/CleanerImpl$PhantomCleanableRef methods 0
ciMethodData jdk/internal/ref/CleanerImpl$PhantomCleanableRef performCleanup ()V 2 5121 orig 80 0 0 0 0 0 0 0 0 0 0 0 0 0 0 0 0 0 0 0 0 0 0 0 0 0 0 0 0 0 0 0 0 0 0 0 0 0 0 0 0 0 0 0 0 0 0 0 0 0 0 0 0 0 0 0 0 0 0 0 0 0 0 0 0 0 0 0 0 0 0 0 0 0 0 0 0 0 0 0 0 data 15 0x40005 0x907 0x1e338648fa0 0xa5c 0x1e3389600d8 0x9e 0x0 0x0 0x0 0x0 0x0 0x0 0x9 0x1 0x0 oops 2 2 java/util/zip/ZipFile$InflaterCleanupAction 4 java/util/zip/ZipFile$CleanableResource methods 0
ciMethodData java/util/zip/ZipFile$ZipFileInputStream read ([BII)I 2 3362 orig 80 0 0 0 0 0 0 0 0 0 0 0 0 0 0 0 0 0 0 0 0 0 0 0 0 0 0 0 0 0 0 0 0 0 0 0 0 0 0 0 0 0 0 0 0 0 0 0 0 0 0 0 0 0 0 0 0 0 0 0 0 0 0 0 0 0 0 0 0 0 0 0 0 0 0 0 0 0 0 0 0 data 67 0xc0005 0xd22 0x0 0x0 0x0 0x0 0x100005 0xd22 0x0 0x0 0x0 0x0 0x1a0007 0xd1f 0x20 0x3 0x290007 0xd1c 0x20 0x3 0x330007 0xd1f 0x20 0x0 0x4c0005 0xd1f 0x0 0x0 0x0 0x0 0x510007 0x0 0x20 0xd1f 0x6d0003 0xd1f 0x18 0x7e0007 0x11 0x50 0xd0e 0x820005 0x0 0x1e339671de0 0xd0e 0x0 0x0 0x0 0x0 0x0 0x0 0x0 0x0 0x0 0x0 0x0 0x0 0x9 0x4 0x0 0x0 0x0 0x0 0x700001 0x700001 0x700001 0x700001 oops 1 43 java/util/zip/ZipFile$ZipFileInputStream methods 0
ciMethodData java/util/zip/ZipFile ensureOpenOrZipException ()V 2 3362 orig 80 0 0 0 0 0 0 0 0 0 0 0 0 0 0 0 0 0 0 0 0 0 0 0 0 0 0 0 0 0 0 0 0 0 0 0 0 0 0 0 0 0 0 0 0 0 0 0 0 0 0 0 0 0 0 0 0 0 0 0 0 0 0 0 0 0 0 0 0 0 0 0 0 0 0 0 0 0 0 0 0 data 13 0x40007 0xd22 0x30 0x0 0xe0002 0x0 0x0 0x0 0x0 0x0 0x9 0x1 0x0 oops 0 methods 0
ciMethodData java/util/zip/ZipFile$ZipFileInputStream initDataOffset ()J 2 3362 orig 80 0 0 0 0 0 0 0 0 0 0 0 0 0 0 0 0 0 0 0 0 0 0 0 0 0 0 0 0 0 0 0 0 0 0 0 0 0 0 0 0 0 0 0 0 0 0 0 0 0 0 0 0 0 0 0 0 0 0 0 0 0 0 0 0 0 0 0 0 0 0 0 0 0 0 0 0 0 0 0 0 data 40 0x60007 0x14 0xe0 0xd0e 0x290005 0xd0e 0x0 0x0 0x0 0x0 0x300007 0xd0e 0x30 0x0 0x390002 0x0 0x3e0002 0xd0e 0x450007 0xd0e 0x30 0x0 0x4e0002 0x0 0x5a0002 0xd0e 0x5f0002 0xd0e 0x0 0x0 0x0 0x0 0x0 0x0 0x0 0x0 0x0 0x9 0x1 0x0 oops 0 methods 0
ciMethodData java/util/zip/ZipFile$Source readAt ([BIIJ)I 2 3360 orig 80 0 0 0 0 0 0 0 0 0 0 0 0 0 0 0 0 0 0 0 0 0 0 0 0 0 0 0 0 0 0 0 0 0 0 0 0 0 0 0 0 0 0 0 0 0 0 0 0 0 0 0 0 0 0 0 0 0 0 0 0 0 0 0 0 0 0 0 0 0 0 0 0 0 0 0 0 0 0 0 0 data 28 0xe0005 0x0 0x1e338e72e08 0xd20 0x0 0x0 0x180005 0x0 0x1e338e72e08 0xd20 0x0 0x0 0x0 0x0 0x0 0x0 0x0 0x0 0x9 0x6 0x0 0x0 0x0 0x0 0x0 0x0 0x1f0001 0x1f0001 oops 2 2 java/io/RandomAccessFile 8 java/io/RandomAccessFile methods 0
ciMethodData java/util/zip/ZipUtils LOCEXT ([B)I 2 3343 orig 80 0 0 0 0 0 0 0 0 0 0 0 0 0 0 0 0 0 0 0 0 0 0 0 0 0 0 0 0 0 0 0 0 0 0 0 0 0 0 0 0 0 0 0 0 0 0 0 0 0 0 0 0 0 0 0 0 0 0 0 0 0 0 0 0 0 0 0 0 0 0 0 0 0 0 0 0 0 0 0 0 data 11 0x30002 0xd0f 0x0 0x0 0x0 0x0 0x0 0x0 0x9 0x1 0x0 oops 0 methods 0
ciMethodData java/util/zip/ZipFile$1 getManifestNum (Ljava/util/jar/JarFile;)I 1 169 orig 80 0 0 0 0 0 0 0 0 0 0 0 0 0 0 0 0 0 0 0 0 0 0 0 0 0 0 0 0 0 0 0 0 0 0 0 0 0 0 0 0 0 0 0 0 0 0 0 0 0 0 0 0 0 0 0 0 0 0 0 0 0 0 0 0 0 0 0 0 0 0 0 0 0 0 0 0 0 0 0 0 data 16 0x10005 0xa9 0x0 0x0 0x0 0x0 0x0 0x0 0x0 0x0 0x0 0x0 0x9 0x2 0x0 0x0 oops 0 methods 0
ciMethodData java/util/zip/ZipFile getManifestNum ()I 1 169 orig 80 0 0 0 0 0 0 0 0 0 0 0 0 0 0 0 0 0 0 0 0 0 0 0 0 0 0 0 0 0 0 0 0 0 0 0 0 0 0 0 0 0 0 0 0 0 0 0 0 0 0 0 0 0 0 0 0 0 0 0 0 0 0 0 0 0 0 0 0 0 0 0 0 0 0 0 0 0 0 0 0 data 17 0x50005 0xa9 0x0 0x0 0x0 0x0 0x0 0x0 0x0 0x0 0x0 0x0 0x9 0x1 0x0 0x150001 0x150001 oops 0 methods 0
ciMethodData java/util/jar/Manifest <init> (Ljava/util/jar/JarVerifier;Ljava/io/InputStream;Ljava/lang/String;)V 1 367 orig 80 0 0 0 0 0 0 0 0 0 0 0 0 0 0 0 0 0 0 0 0 0 0 0 0 0 0 0 0 0 0 0 0 0 0 0 0 0 0 0 0 0 0 0 0 0 0 0 0 0 0 0 0 0 0 0 0 0 0 0 0 0 0 0 0 0 0 0 0 0 0 0 0 0 0 0 0 0 0 0 0 data 24 0x10002 0x16f 0x90002 0x16f 0x140002 0x16f 0x1d0005 0x16f 0x0 0x0 0x0 0x0 0x0 0x0 0x0 0x0 0x0 0x0 0x9 0x4 0xffffffffffffffff 0x0 0xffffffffffffffff 0xffffffffffffffff oops 0 methods 0
ciMethodData java/util/jar/Manifest <init> (Ljava/io/InputStream;Ljava/lang/String;)V 1 48 orig 80 0 0 0 0 0 0 0 0 0 0 0 0 0 0 0 0 0 0 0 0 0 0 0 0 0 0 0 0 0 0 0 0 0 0 0 0 0 0 0 0 0 0 0 0 0 0 0 0 0 0 0 0 0 0 0 0 0 0 0 0 0 0 0 0 0 0 0 0 0 0 0 0 0 0 0 0 0 0 0 0 data 9 0x40002 0x30 0x0 0x0 0x9 0x3 0x0 0x0 0x0 oops 0 methods 0
ciMethodData java/lang/ref/SoftReference <init> (Ljava/lang/Object;)V 2 1391 orig 80 0 0 0 0 0 0 0 0 0 0 0 0 0 0 0 0 0 0 0 0 0 0 0 0 0 0 0 0 0 0 0 0 0 0 0 0 0 0 0 0 0 0 0 0 0 0 0 0 0 0 0 0 0 0 0 0 0 0 0 0 0 0 0 0 0 0 0 0 0 0 0 0 0 0 0 0 0 0 0 0 data 10 0x20002 0x56f 0x0 0x0 0x0 0x0 0x9 0x2 0x0 0x0 oops 0 methods 0
ciMethodData java/lang/ref/Reference <init> (Ljava/lang/Object;)V 2 9059 orig 80 0 0 0 0 0 0 0 0 0 0 0 0 0 0 0 0 0 0 0 0 0 0 0 0 0 0 0 0 0 0 0 0 0 0 0 0 0 0 0 0 0 0 0 0 0 0 0 0 0 0 0 0 0 0 0 0 0 0 0 0 0 0 0 0 0 0 0 0 0 0 0 0 0 0 0 0 0 0 0 0 data 8 0x30002 0x2363 0x0 0x0 0x9 0x2 0x0 0x0 oops 0 methods 0
ciMethodData java/util/zip/Checksum update ([B)V 2 2488 orig 80 0 0 0 0 0 0 0 0 0 0 0 0 0 0 0 0 0 0 0 0 0 0 0 0 0 0 0 0 0 0 0 0 0 0 0 0 0 0 0 0 0 0 0 0 0 0 0 0 0 0 0 0 0 0 0 0 0 0 0 0 0 0 0 0 0 0 0 0 0 0 0 0 0 0 0 0 0 0 0 0 data 16 0x50005 0x0 0x1e33aa2ff70 0x9b8 0x0 0x0 0x0 0x0 0x0 0x0 0x0 0x0 0x9 0x2 0x0 0x0 oops 1 2 java/util/zip/CRC32 methods 0
ciMethodData java/util/zip/CRC32 update ([BII)V 2 5274 orig 80 0 0 0 0 0 0 0 0 0 0 0 0 0 0 0 0 0 0 0 0 0 0 0 0 0 0 0 0 0 0 0 0 0 0 0 0 0 0 0 0 0 0 0 0 0 0 0 0 0 0 0 0 0 0 0 0 0 0 0 0 0 0 0 0 0 0 0 0 0 0 0 0 0 0 0 0 0 0 0 0 data 22 0x10007 0x149a 0x30 0x0 0x80002 0x0 0x130002 0x149a 0x1f0002 0x149a 0x0 0x0 0x0 0x0 0x0 0x0 0x9 0x4 0x0 0x0 0x0 0x0 oops 0 methods 0
ciMethodData java/util/zip/CRC32 updateBytes (I[BII)I 2 5274 orig 80 0 0 0 0 0 0 0 0 0 0 0 0 0 0 0 0 0 0 0 0 0 0 0 0 0 0 0 0 0 0 0 0 0 0 0 0 0 0 0 0 0 0 0 0 0 0 0 0 0 0 0 0 0 0 0 0 0 0 0 0 0 0 0 0 0 0 0 0 0 0 0 0 0 0 0 0 0 0 0 0 data 16 0x30002 0x149a 0xa0002 0x149a 0x0 0x0 0x0 0x0 0x0 0x0 0x9 0x4 0x0 0x0 0x0 0x0 oops 0 methods 0
ciMethodData java/util/zip/CRC32 updateBytesCheck ([BII)V 2 5274 orig 80 0 0 0 0 0 0 0 0 0 0 0 0 0 0 0 0 0 0 0 0 0 0 0 0 0 0 0 0 0 0 0 0 0 0 0 0 0 0 0 0 0 0 0 0 0 0 0 0 0 0 0 0 0 0 0 0 0 0 0 0 0 0 0 0 0 0 0 0 0 0 0 0 0 0 0 0 0 0 0 0 data 21 0x10007 0x149a 0x20 0x0 0x60002 0x149a 0x100002 0x149a 0x1e0002 0x149a 0x0 0x0 0x0 0x0 0x0 0x0 0x9 0x3 0x0 0x0 0x0 oops 0 methods 0
ciMethodData jdk/internal/loader/Resource getBytes ()[B 2 2467 orig 80 0 0 0 0 0 0 0 0 0 0 0 0 0 0 0 0 0 0 0 0 0 0 0 0 0 0 0 0 0 0 0 0 0 0 0 0 0 0 0 0 0 0 0 0 0 0 0 0 0 0 0 0 0 0 0 0 0 0 0 0 0 0 0 0 0 0 0 0 0 0 0 0 0 0 0 0 0 0 0 0 data 97 0x10005 0x9a3 0x0 0x0 0x0 0x0 0x60005 0x0 0x1e339d15df0 0x9a3 0x0 0x0 0x100007 0x9a3 0x20 0x0 0x1c0007 0x9a3 0x178 0x1573 0x230007 0x0 0x78 0x1573 0x300002 0x1573 0x370007 0x1573 0x20 0x0 0x460002 0x1573 0x4a0003 0x1573 0x18 0x5a0005 0x0 0x1e339671d38 0x1565 0x1e339671de0 0xe 0x610007 0x1573 0x98 0x0 0x670007 0x0 0x30 0x0 0x700002 0x0 0x780007 0x0 0x60 0x0 0x7e0002 0x0 0x820003 0x0 0x30 0x8c0003 0x1573 0xfffffffffffffea0 0x900005 0x0 0x1e339671d38 0x99d 0x1e339671de0 0x6 0x930003 0x9a3 0x78 0x970003 0x0 0x60 0x9d0005 0x0 0x0 0x0 0x0 0x0 0xa00003 0x0 0x18 0x0 0x0 0x0 0x0 0x0 0x0 0x9 0x1 0x0 0x960001 0x9a0001 0xa30001 0x9a0001 oops 5 8 jdk/internal/loader/URLClassPath$JarLoader$1 37 java/util/zip/ZipFile$ZipFileInflaterInputStream 39 java/util/zip/ZipFile$ZipFileInputStream 65 java/util/zip/ZipFile$ZipFileInflaterInputStream 67 java/util/zip/ZipFile$ZipFileInputStream methods 0
ciMethodData java/util/jar/JarFile getInputStream (Ljava/util/zip/ZipEntry;)Ljava/io/InputStream; 2 2965 orig 80 0 0 0 0 0 0 0 0 0 0 0 0 0 0 0 0 0 0 0 0 0 0 0 0 0 0 0 0 0 0 0 0 0 0 0 0 0 0 0 0 0 0 0 0 0 0 0 0 0 0 0 0 0 0 0 0 0 0 0 0 0 0 0 0 0 0 0 0 0 0 0 0 0 0 0 0 0 0 0 0 data 60 0x40002 0xb95 0x90005 0xb95 0x0 0x0 0x0 0x0 0x100007 0x0 0x30 0xb95 0x150002 0xb95 0x1d0007 0x0 0x80 0x0 0x210005 0x0 0x0 0x0 0x0 0x0 0x2d0007 0x0 0x30 0x0 0x320002 0x0 0x380005 0x0 0x0 0x0 0x0 0x0 0x3d0007 0x0 0x20 0x0 0x470005 0x0 0x0 0x0 0x0 0x0 0x4d0002 0x0 0x540002 0x0 0x0 0x0 0x0 0x0 0x0 0x0 0x9 0x2 0x0 0x0 oops 0 methods 0
ciMethodData java/util/zip/CRC32 <init> ()V 2 2664 orig 80 0 0 0 0 0 0 0 0 0 0 0 0 0 0 0 0 0 0 0 0 0 0 0 0 0 0 0 0 0 0 0 0 0 0 0 0 0 0 0 0 0 0 0 0 0 0 0 0 0 0 0 0 0 0 0 0 0 0 0 0 0 0 0 0 0 0 0 0 0 0 0 0 0 0 0 0 0 0 0 0 data 7 0x10002 0xa68 0x0 0x0 0x9 0x1 0x0 oops 0 methods 0
ciMethodData java/util/zip/CRC32 getValue ()J 2 3666 orig 80 0 0 0 0 0 0 0 0 0 0 0 0 0 0 0 0 0 0 0 0 0 0 0 0 0 0 0 0 0 0 0 0 0 0 0 0 0 0 0 0 0 0 0 0 0 0 0 0 0 0 0 0 0 0 0 0 0 0 0 0 0 0 0 0 0 0 0 0 0 0 0 0 0 0 0 0 0 0 0 0 data 7 0x0 0x0 0x0 0x0 0x9 0x1 0x0 oops 0 methods 0
ciMethodData java/security/CodeSource <init> (Ljava/net/URL;[Ljava/security/CodeSigner;)V 2 3701 orig 80 0 0 0 0 0 0 0 0 0 0 0 0 0 0 0 0 0 0 0 0 0 0 0 0 0 0 0 0 0 0 0 0 0 0 0 0 0 0 0 0 0 0 0 0 0 0 0 0 0 0 0 0 0 0 0 0 0 0 0 0 0 0 0 0 0 0 0 0 0 0 0 0 0 0 0 0 0 0 0 0 data 35 0x10002 0xe75 0x190007 0x0 0x30 0xe75 0x1e0002 0xe75 0x250007 0xe75 0x80 0x0 0x2a0005 0x0 0x0 0x0 0x0 0x0 0x2d0004 0x0 0x0 0x0 0x0 0x0 0x0 0x0 0x0 0x0 0x0 0x0 0x9 0x3 0x1e 0x0 0xffffffffffffffff oops 0 methods 0
ciMethodData jdk/internal/loader/Resource getByteBuffer ()Ljava/nio/ByteBuffer; 2 2456 orig 80 0 0 0 0 0 0 0 0 0 0 0 0 0 0 0 0 0 0 0 0 0 0 0 0 0 0 0 0 0 0 0 0 0 0 0 0 0 0 0 0 0 0 0 0 0 0 0 0 0 0 0 0 0 0 0 0 0 0 0 0 0 0 0 0 0 0 0 0 0 0 0 0 0 0 0 0 0 0 0 0 data 37 0x10005 0x998 0x0 0x0 0x0 0x0 0x60004 0x0 0x1e339671d38 0x992 0x1e339671de0 0x6 0x90007 0x998 0x80 0x0 0xd0004 0x0 0x0 0x0 0x0 0x0 0x100005 0x0 0x0 0x0 0x0 0x0 0x0 0x0 0x0 0x0 0x0 0x0 0x9 0x1 0x0 oops 2 8 java/util/zip/ZipFile$ZipFileInflaterInputStream 10 java/util/zip/ZipFile$ZipFileInputStream methods 0
ciMethodData jdk/internal/loader/URLClassPath$JarLoader$1 getInputStream ()Ljava/io/InputStream; 2 2456 orig 80 0 0 0 0 0 0 0 0 0 0 0 0 0 0 0 0 0 0 0 0 0 0 0 0 0 0 0 0 0 0 0 0 0 0 0 0 0 0 0 0 0 0 0 0 0 0 0 0 0 0 0 0 0 0 0 0 0 0 0 0 0 0 0 0 0 0 0 0 0 0 0 0 0 0 0 0 0 0 0 0 data 15 0xb0005 0x0 0x1e33885b430 0x998 0x0 0x0 0x0 0x0 0x0 0x0 0x0 0x0 0x9 0x1 0x0 oops 1 2 java/util/jar/JarFile methods 0
ciMethodData jdk/internal/loader/URLClassPath$JarLoader$1 getBytes ()[B 2 2456 orig 80 0 0 0 0 0 0 0 0 0 0 0 0 0 0 0 0 0 0 0 0 0 0 0 0 0 0 0 0 0 0 0 0 0 0 0 0 0 0 0 0 0 0 0 0 0 0 0 0 0 0 0 0 0 0 0 0 0 0 0 0 0 0 0 0 0 0 0 0 0 0 0 0 0 0 0 0 0 0 0 0 data 37 0x10002 0x998 0x90002 0x998 0xf0005 0x0 0x1e33aa2ff70 0x998 0x0 0x0 0x130005 0x0 0x1e33aa2ff70 0x998 0x0 0x0 0x1a0005 0x0 0x1e339671c90 0x998 0x0 0x0 0x1e0007 0x998 0x30 0x0 0x280002 0x0 0x0 0x0 0x0 0x0 0x0 0x0 0x9 0x1 0x0 oops 3 6 java/util/zip/CRC32 12 java/util/zip/CRC32 18 java/util/jar/JarFile$JarFileEntry methods 0
ciMethodData java/lang/Module isNamed ()Z 2 7651 orig 80 0 0 0 0 0 0 0 0 0 0 0 0 0 0 0 0 0 0 0 0 0 0 0 0 0 0 0 0 0 0 0 0 0 0 0 0 0 0 0 0 0 0 0 0 0 0 0 0 0 0 0 0 0 0 0 0 0 0 0 0 0 0 0 0 0 0 0 0 0 0 0 0 0 0 0 0 0 0 0 0 data 16 0x40007 0x1825 0x38 0x5be 0x80003 0x5be 0x18 0x0 0x0 0x0 0x0 0x0 0x0 0x9 0x1 0x0 oops 0 methods 0
ciMethodData jdk/internal/loader/URLClassPath$JarLoader$1 getCodeSourceURL ()Ljava/net/URL; 2 1030 orig 80 0 0 0 0 0 0 0 0 0 0 0 0 0 0 0 0 0 0 0 0 0 0 0 0 0 0 0 0 0 0 0 0 0 0 0 0 0 0 0 0 0 0 0 0 0 0 0 0 0 0 0 0 0 0 0 0 0 0 0 0 0 0 0 0 0 0 0 0 0 0 0 0 0 0 0 0 0 0 0 0 data 7 0x0 0x0 0x0 0x0 0x9 0x1 0x0 oops 0 methods 0
ciMethodData jdk/internal/loader/URLClassPath$JarLoader$1 getManifest ()Ljava/util/jar/Manifest; 2 2451 orig 80 0 0 0 0 0 0 0 0 0 0 0 0 0 0 0 0 0 0 0 0 0 0 0 0 0 0 0 0 0 0 0 0 0 0 0 0 0 0 0 0 0 0 0 0 0 0 0 0 0 0 0 0 0 0 0 0 0 0 0 0 0 0 0 0 0 0 0 0 0 0 0 0 0 0 0 0 0 0 0 0 data 23 0x2 0x993 0xa0005 0x0 0x1e33885b9b8 0x993 0x0 0x0 0x160005 0x0 0x1e33885b430 0x993 0x0 0x0 0x0 0x0 0x0 0x0 0x0 0x0 0x9 0x1 0x0 oops 2 4 java/util/jar/JavaUtilJarAccessImpl 10 java/util/jar/JarFile methods 0
ciMethodData java/util/jar/JavaUtilJarAccessImpl ensureInitialization (Ljava/util/jar/JarFile;)V 2 2451 orig 80 0 0 0 0 0 0 0 0 0 0 0 0 0 0 0 0 0 0 0 0 0 0 0 0 0 0 0 0 0 0 0 0 0 0 0 0 0 0 0 0 0 0 0 0 0 0 0 0 0 0 0 0 0 0 0 0 0 0 0 0 0 0 0 0 0 0 0 0 0 0 0 0 0 0 0 0 0 0 0 0 data 16 0x10005 0x0 0x1e33885b430 0x993 0x0 0x0 0x0 0x0 0x0 0x0 0x0 0x0 0x9 0x2 0x0 0x0 oops 1 2 java/util/jar/JarFile methods 0
ciMethodData java/util/jar/JarFile ensureInitialization ()V 2 2451 orig 80 0 0 0 0 0 0 0 0 0 0 0 0 0 0 0 0 0 0 0 0 0 0 0 0 0 0 0 0 0 0 0 0 0 0 0 0 0 0 0 0 0 0 0 0 0 0 0 0 0 0 0 0 0 0 0 0 0 0 0 0 0 0 0 0 0 0 0 0 0 0 0 0 0 0 0 0 0 0 0 0 data 45 0x10005 0x993 0x0 0x0 0x0 0x0 0x40003 0x993 0x28 0xd0002 0x0 0x150007 0x993 0xb8 0x0 0x1c0007 0x0 0x98 0x0 0x1f0002 0x0 0x240005 0x0 0x0 0x0 0x0 0x0 0x2d0002 0x0 0x300003 0x0 0x28 0x350002 0x0 0x0 0x0 0x0 0x0 0x0 0x0 0x9 0x1 0x0 0x70001 0x330001 oops 0 methods 0
ciMethodData java/security/SecureClassLoader defineClass (Ljava/lang/String;[BIILjava/security/CodeSource;)Ljava/lang/Class; 2 2450 orig 80 0 0 0 0 0 0 0 0 0 0 0 0 0 0 0 0 0 0 0 0 0 0 0 0 0 0 0 0 0 0 0 0 0 0 0 0 0 0 0 0 0 0 0 0 0 0 0 0 0 0 0 0 0 0 0 0 0 0 0 0 0 0 0 0 0 0 0 0 0 0 0 0 0 0 0 0 0 0 0 0 data 26 0x90005 0x992 0x0 0x0 0x0 0x0 0xc0005 0xd 0x1e338d06790 0x982 0x1e333138ac0 0x3 0x0 0x0 0x0 0x0 0x0 0x0 0x9 0x6 0xffffffffffffffff 0xffffffffffffffff 0xffffffffffffffff 0x0 0x0 0x0 oops 2 8 org/codehaus/plexus/classworlds/realm/ClassRealm 10 jdk/internal/loader/ClassLoaders$AppClassLoader methods 0
ciMethodData java/lang/ClassLoader getDefinedPackage (Ljava/lang/String;)Ljava/lang/Package; 2 2448 orig 80 0 0 0 0 0 0 0 0 0 0 0 0 0 0 0 0 0 0 0 0 0 0 0 0 0 0 0 0 0 0 0 0 0 0 0 0 0 0 0 0 0 0 0 0 0 0 0 0 0 0 0 0 0 0 0 0 0 0 0 0 0 0 0 0 0 0 0 0 0 0 0 0 0 0 0 0 0 0 0 0 data 40 0x40002 0x990 0xd0005 0x0 0x1e333138c58 0x990 0x0 0x0 0x100104 0x0 0x1e339d14680 0x895 0x0 0x0 0x150007 0x895 0x20 0xfb 0x1d0005 0x0 0x1e339d14680 0x895 0x0 0x0 0x200005 0xb 0x1e338d06790 0x888 0x1e333138ac0 0x2 0x0 0x0 0x0 0x0 0x0 0x0 0x9 0x2 0x0 0x0 oops 5 4 java/util/concurrent/ConcurrentHashMap 10 java/lang/Package 20 java/lang/Package 26 org/codehaus/plexus/classworlds/realm/ClassRealm 28 jdk/internal/loader/ClassLoaders$AppClassLoader methods 0
ciMethodData java/lang/ClassLoader definePackage (Ljava/lang/String;Ljava/lang/Module;)Ljava/lang/Package; 2 2220 orig 80 0 0 0 0 0 0 0 0 0 0 0 0 0 0 0 0 0 0 0 0 0 0 0 0 0 0 0 0 0 0 0 0 0 0 0 0 0 0 0 0 0 0 0 0 0 0 0 0 0 0 0 0 0 0 0 0 0 0 0 0 0 0 0 0 0 0 0 0 0 0 0 0 0 0 0 0 0 0 0 0 data 101 0x10005 0x84 0x1e333135a98 0x828 0x0 0x0 0x40007 0x8ac 0x120 0x0 0x80005 0x0 0x0 0x0 0x0 0x0 0xb0007 0x0 0xd0 0x0 0x160002 0x0 0x1c0005 0x0 0x0 0x0 0x0 0x0 0x200005 0x0 0x0 0x0 0x0 0x0 0x230005 0x0 0x0 0x0 0x0 0x0 0x260002 0x0 0x2f0005 0x0 0x1e333138c58 0x8ac 0x0 0x0 0x320004 0x0 0x1e339d14680 0x8ac 0x0 0x0 0x370004 0x0 0x1e339d14680 0x8ac 0x0 0x0 0x3a0007 0x0 0x50 0x8ac 0x3e0004 0x0 0x1e339d14680 0x8ac 0x0 0x0 0x49000a 0x0 0x5 0x0 0x0 0x1 0x0 0x0 0x4e0005 0x0 0x0 0x0 0x0 0x0 0x510004 0x0 0x0 0x0 0x0 0x0 0x0 0x0 0x0 0x0 0x0 0x0 0x9 0x3 0x0 0x0 0x0 oops 5 2 java/lang/String 44 java/util/concurrent/ConcurrentHashMap 50 java/lang/Package 56 java/lang/Package 66 java/lang/Package methods 0
ciMethodData jdk/internal/loader/URLClassPath$JarLoader$1 getContentLength ()I 2 2448 orig 80 0 0 0 0 0 0 0 0 0 0 0 0 0 0 0 0 0 0 0 0 0 0 0 0 0 0 0 0 0 0 0 0 0 0 0 0 0 0 0 0 0 0 0 0 0 0 0 0 0 0 0 0 0 0 0 0 0 0 0 0 0 0 0 0 0 0 0 0 0 0 0 0 0 0 0 0 0 0 0 0 data 15 0x40005 0x0 0x1e339671c90 0x990 0x0 0x0 0x0 0x0 0x0 0x0 0x0 0x0 0x9 0x1 0x0 oops 1 2 java/util/jar/JarFile$JarFileEntry methods 0
ciMethodData jdk/internal/loader/URLClassPath$JarLoader$1 getCodeSigners ()[Ljava/security/CodeSigner; 2 2449 orig 80 0 0 0 0 0 0 0 0 0 0 0 0 0 0 0 0 0 0 0 0 0 0 0 0 0 0 0 0 0 0 0 0 0 0 0 0 0 0 0 0 0 0 0 0 0 0 0 0 0 0 0 0 0 0 0 0 0 0 0 0 0 0 0 0 0 0 0 0 0 0 0 0 0 0 0 0 0 0 0 0 data 15 0x40005 0x0 0x1e339671c90 0x991 0x0 0x0 0x0 0x0 0x0 0x0 0x0 0x0 0x9 0x1 0x0 oops 1 2 java/util/jar/JarFile$JarFileEntry methods 0
ciMethodData java/util/jar/JavaUtilJarAccessImpl getTrustedAttributes (Ljava/util/jar/Manifest;Ljava/lang/String;)Ljava/util/jar/Attributes; 2 2443 orig 80 0 0 0 0 0 0 0 0 0 0 0 0 0 0 0 0 0 0 0 0 0 0 0 0 0 0 0 0 0 0 0 0 0 0 0 0 0 0 0 0 0 0 0 0 0 0 0 0 0 0 0 0 0 0 0 0 0 0 0 0 0 0 0 0 0 0 0 0 0 0 0 0 0 0 0 0 0 0 0 0 data 17 0x20005 0x0 0x1e333138928 0x98b 0x0 0x0 0x0 0x0 0x0 0x0 0x0 0x0 0x9 0x3 0x0 0x0 0x0 oops 1 2 java/util/jar/Manifest methods 0
ciMethodData java/util/jar/Manifest getTrustedAttributes (Ljava/lang/String;)Ljava/util/jar/Attributes; 2 2443 orig 80 0 0 0 0 0 0 0 0 0 0 0 0 0 0 0 0 0 0 0 0 0 0 0 0 0 0 0 0 0 0 0 0 0 0 0 0 0 0 0 0 0 0 0 0 0 0 0 0 0 0 0 0 0 0 0 0 0 0 0 0 0 0 0 0 0 0 0 0 0 0 0 0 0 0 0 0 0 0 0 0 data 56 0x20005 0x0 0x1e333138928 0x98b 0x0 0x0 0x70007 0x98b 0x140 0x0 0xe0007 0x0 0x120 0x0 0x160005 0x0 0x0 0x0 0x0 0x0 0x190007 0x0 0xd0 0x0 0x240002 0x0 0x290005 0x0 0x0 0x0 0x0 0x0 0x2d0005 0x0 0x0 0x0 0x0 0x0 0x300005 0x0 0x0 0x0 0x0 0x0 0x330002 0x0 0x0 0x0 0x0 0x0 0x0 0x0 0x9 0x2 0x0 0x0 oops 1 2 java/util/jar/Manifest methods 0
ciMethodData java/util/jar/Manifest getAttributes (Ljava/lang/String;)Ljava/util/jar/Attributes; 2 2495 orig 80 0 0 0 0 0 0 0 0 0 0 0 0 0 0 0 0 0 0 0 0 0 0 0 0 0 0 0 0 0 0 0 0 0 0 0 0 0 0 0 0 0 0 0 0 0 0 0 0 0 0 0 0 0 0 0 0 0 0 0 0 0 0 0 0 0 0 0 0 0 0 0 0 0 0 0 0 0 0 0 0 data 28 0x10005 0x0 0x1e333138928 0x9bf 0x0 0x0 0x50005 0x0 0x1e33a8bc930 0x9bf 0x0 0x0 0xa0104 0x0 0x0 0x0 0x0 0x0 0x0 0x0 0x0 0x0 0x0 0x0 0x9 0x2 0x0 0x0 oops 2 2 java/util/jar/Manifest 8 java/util/HashMap methods 0
ciMethodData jdk/internal/perf/PerfCounter getReadClassBytesTime ()Ljdk/internal/perf/PerfCounter; 2 2444 orig 80 0 0 0 0 0 0 0 0 0 0 0 0 0 0 0 0 0 0 0 0 0 0 0 0 0 0 0 0 0 0 0 0 0 0 0 0 0 0 0 0 0 0 0 0 0 0 0 0 0 0 0 0 0 0 0 0 0 0 0 0 0 0 0 0 0 0 0 0 0 0 0 0 0 0 0 0 0 0 0 0 data 4 0x0 0x0 0x9 0x0 oops 0 methods 0
ciMethodData java/net/URLClassLoader findClass (Ljava/lang/String;)Ljava/lang/Class; 2 3309 orig 80 0 0 0 0 0 0 0 0 0 0 0 0 0 0 0 0 0 0 0 0 0 0 0 0 0 0 0 0 0 0 0 0 0 0 0 0 0 0 0 0 0 0 0 0 0 0 0 0 0 0 0 0 0 0 0 0 0 0 0 0 0 0 0 0 0 0 0 0 0 0 0 0 0 0 0 0 0 0 0 0 data 66 0x50005 0x0 0x1e333135a98 0xced 0x0 0x0 0xa0005 0x0 0x1e333135a98 0xced 0x0 0x0 0x130005 0x0 0x1e33866cf48 0xced 0x0 0x0 0x180007 0x361 0x110 0x98c 0x1e0005 0x98c 0x0 0x0 0x0 0x0 0x2b0002 0x0 0x320005 0x0 0x0 0x0 0x0 0x0 0x350007 0x0 0x80 0x0 0x3b0005 0x0 0x0 0x0 0x0 0x0 0x3e0005 0x0 0x0 0x0 0x0 0x0 0x490002 0x361 0x0 0x0 0x0 0x0 0x0 0x0 0x9 0x2 0x0 0x0 0x220001 0x2f0001 oops 3 2 java/lang/String 8 java/lang/String 14 jdk/internal/loader/URLClassPath methods 0
ciMethodData java/net/URLClassLoader defineClass (Ljava/lang/String;Ljdk/internal/loader/Resource;)Ljava/lang/Class; 2 2444 orig 80 0 0 0 0 0 0 0 0 0 0 0 0 0 0 0 0 0 0 0 0 0 0 0 0 0 0 0 0 0 0 0 0 0 0 0 0 0 0 0 0 0 0 0 0 0 0 0 0 0 0 0 0 0 0 0 0 0 0 0 0 0 0 0 0 0 0 0 0 0 0 0 0 0 0 0 0 0 0 0 0 data 166 0x2 0x98c 0x70005 0x0 0x1e333135a98 0x98c 0x0 0x0 0xd0005 0x0 0x1e339d15df0 0x98c 0x0 0x0 0x150007 0x0 0x280 0x98c 0x1c0005 0x0 0x1e333135a98 0x98c 0x0 0x0 0x220005 0x0 0x1e339d15df0 0x98c 0x0 0x0 0x2e0005 0x98c 0x0 0x0 0x0 0x0 0x310007 0x892 0x1d0 0xfa 0x360007 0x0 0x68 0xfa 0x400005 0x0 0x1e338d06790 0xf8 0x1e338d068e0 0x2 0x440003 0xfa 0x48 0x510005 0x0 0x0 0x0 0x0 0x0 0x550003 0xfa 0x118 0x610005 0x0 0x0 0x0 0x0 0x0 0x640007 0x0 0xd0 0x0 0x6f0002 0x0 0x740005 0x0 0x0 0x0 0x0 0x0 0x790005 0x0 0x0 0x0 0x0 0x0 0x7c0005 0x0 0x0 0x0 0x0 0x0 0x7f0002 0x0 0x840005 0x0 0x1e339d15df0 0x98c 0x0 0x0 0x8b0007 0x98c 0xd0 0x0 0x8f0005 0x0 0x0 0x0 0x0 0x0 0x9c0002 0x0 0xa10002 0x0 0xa50005 0x0 0x0 0x0 0x0 0x0 0xae0005 0x0 0x0 0x0 0x0 0x0 0xb30005 0x0 0x1e339d15df0 0x98c 0x0 0x0 0xb90005 0x0 0x1e339d15df0 0x98c 0x0 0x0 0xc60002 0x98c 0xcb0002 0x98c 0xcf0005 0x0 0x1e338d06988 0x98c 0x0 0x0 0xdc0005 0x0 0x1e338d06790 0x97f 0x1e338d068e0 0xd 0x0 0x0 0x0 0x0 0x0 0x0 0x9 0x3 0x0 0x0 0x0 0x580001 oops 12 4 java/lang/String 10 jdk/internal/loader/URLClassPath$JarLoader$1 20 java/lang/String 26 jdk/internal/loader/URLClassPath$JarLoader$1 46 org/codehaus/plexus/classworlds/realm/ClassRealm 48 java/net/URLClassLoader 96 jdk/internal/loader/URLClassPath$JarLoader$1 128 jdk/internal/loader/URLClassPath$JarLoader$1 134 jdk/internal/loader/URLClassPath$JarLoader$1 144 jdk/internal/perf/PerfCounter 150 org/codehaus/plexus/classworlds/realm/ClassRealm 152 java/net/URLClassLoader methods 0
ciMethodData java/net/URLClassLoader getAndVerifyPackage (Ljava/lang/String;Ljava/util/jar/Manifest;Ljava/net/URL;)Ljava/lang/Package; 2 2444 orig 80 0 0 0 0 0 0 0 0 0 0 0 0 0 0 0 0 0 0 0 0 0 0 0 0 0 0 0 0 0 0 0 0 0 0 0 0 0 0 0 0 0 0 0 0 0 0 0 0 0 0 0 0 0 0 0 0 0 0 0 0 0 0 0 0 0 0 0 0 0 0 0 0 0 0 0 0 0 0 0 0 data 112 0x20005 0x0 0x1e338d06790 0x97f 0x1e338d068e0 0xd 0x90007 0xfa 0x2f0 0x892 0xe0005 0x0 0x1e339d14680 0x892 0x0 0x0 0x110007 0x892 0x150 0x0 0x170005 0x0 0x0 0x0 0x0 0x0 0x1a0007 0x0 0x250 0x0 0x250002 0x0 0x2a0005 0x0 0x0 0x0 0x0 0x0 0x2e0005 0x0 0x0 0x0 0x0 0x0 0x330005 0x0 0x0 0x0 0x0 0x0 0x360005 0x0 0x0 0x0 0x0 0x0 0x390002 0x0 0x3e0007 0x5 0x150 0x88d 0x440005 0x88d 0x0 0x0 0x0 0x0 0x470007 0x88d 0x100 0x0 0x520002 0x0 0x570005 0x0 0x0 0x0 0x0 0x0 0x5b0005 0x0 0x0 0x0 0x0 0x0 0x600005 0x0 0x0 0x0 0x0 0x0 0x630005 0x0 0x0 0x0 0x0 0x0 0x660002 0x0 0x0 0x0 0x0 0x0 0x0 0x0 0x9 0x4 0x0 0x0 0x0 0x0 oops 3 2 org/codehaus/plexus/classworlds/realm/ClassRealm 4 java/net/URLClassLoader 12 java/lang/Package methods 0
ciMethodData java/net/URLClassLoader definePackage (Ljava/lang/String;Ljava/util/jar/Manifest;Ljava/net/URL;)Ljava/lang/Package; 1 250 orig 80 0 0 0 0 0 0 0 0 0 0 0 0 0 0 0 0 0 0 0 0 0 0 0 0 0 0 0 0 0 0 0 0 0 0 0 0 0 0 0 0 0 0 0 0 0 0 0 0 0 0 0 0 0 0 0 0 0 0 0 0 0 0 0 0 0 0 0 0 0 0 0 0 0 0 0 0 0 0 0 0 data 174 0x180002 0xfa 0x210005 0xfa 0x0 0x0 0x0 0x0 0x270005 0xfa 0x0 0x0 0x0 0x0 0x2a0005 0x0 0x1e33885b9b8 0xfa 0x0 0x0 0x330007 0xfa 0x170 0x0 0x3b0005 0x0 0x0 0x0 0x0 0x0 0x450005 0x0 0x0 0x0 0x0 0x0 0x4f0005 0x0 0x0 0x0 0x0 0x0 0x590005 0x0 0x0 0x0 0x0 0x0 0x630005 0x0 0x0 0x0 0x0 0x0 0x6d0005 0x0 0x0 0x0 0x0 0x0 0x770005 0x0 0x0 0x0 0x0 0x0 0x7d0005 0x0 0x1e333138928 0xfa 0x0 0x0 0x840007 0x0 0x250 0xfa 0x890007 0x0 0x50 0xfa 0x910005 0x0 0x1e339feb590 0xfa 0x0 0x0 0x980007 0x0 0x50 0xfa 0xa00005 0x0 0x1e339feb590 0xfa 0x0 0x0 0xa70007 0x0 0x50 0xfa 0xaf0005 0x0 0x1e339feb590 0xfa 0x0 0x0 0xb60007 0x0 0x50 0xfa 0xbe0005 0x0 0x1e339feb590 0xfa 0x0 0x0 0xc50007 0x0 0x50 0xfa 0xcd0005 0x0 0x1e339feb590 0xfa 0x0 0x0 0xd40007 0x0 0x50 0xfa 0xdc0005 0x0 0x1e339feb590 0xfa 0x0 0x0 0xe30007 0x0 0x50 0xfa 0xeb0005 0x0 0x1e339feb590 0xfa 0x0 0x0 0xf50005 0xfa 0x0 0x0 0x0 0x0 0xf80007 0xfa 0x20 0x0 0x10e0005 0x0 0x1e338d06790 0xf8 0x1e338d068e0 0x2 0x0 0x0 0x0 0x0 0x0 0x0 0x9 0x4 0x0 0x0 0x0 0x0 oops 11 16 java/util/jar/JavaUtilJarAccessImpl 68 java/util/jar/Manifest 82 java/util/jar/Attributes 92 java/util/jar/Attributes 102 java/util/jar/Attributes 112 java/util/jar/Attributes 122 java/util/jar/Attributes 132 java/util/jar/Attributes 142 java/util/jar/Attributes 158 org/codehaus/plexus/classworlds/realm/ClassRealm 160 java/net/URLClassLoader methods 0
ciMethodData java/lang/Package isSealed ()Z 2 2196 orig 80 0 0 0 0 0 0 0 0 0 0 0 0 0 0 0 0 0 0 0 0 0 0 0 0 0 0 0 0 0 0 0 0 0 0 0 0 0 0 0 0 0 0 0 0 0 0 0 0 0 0 0 0 0 0 0 0 0 0 0 0 0 0 0 0 0 0 0 0 0 0 0 0 0 0 0 0 0 0 0 0 data 32 0x10005 0x0 0x1e339d14680 0x894 0x0 0x0 0x40005 0x2 0x1e3331370c0 0x892 0x0 0x0 0x70007 0x0 0x40 0x894 0x110007 0x894 0x38 0x0 0x150003 0x0 0x18 0x0 0x0 0x0 0x0 0x0 0x0 0x9 0x1 0x0 oops 2 2 java/lang/Package 8 java/lang/Module methods 0
ciMethodData java/net/URLClassLoader isSealed (Ljava/lang/String;Ljava/util/jar/Manifest;)Z 2 2189 orig 80 0 0 0 0 0 0 0 0 0 0 0 0 0 0 0 0 0 0 0 0 0 0 0 0 0 0 0 0 0 0 0 0 0 0 0 0 0 0 0 0 0 0 0 0 0 0 0 0 0 0 0 0 0 0 0 0 0 0 0 0 0 0 0 0 0 0 0 0 0 0 0 0 0 0 0 0 0 0 0 0 data 67 0x2 0x88d 0x90005 0x85 0x1e333135a98 0x808 0x0 0x0 0xf0005 0x85 0x1e333135a98 0x808 0x0 0x0 0x120005 0x0 0x1e33885b9b8 0x88d 0x0 0x0 0x1c0007 0x88d 0x50 0x0 0x230005 0x0 0x0 0x0 0x0 0x0 0x2a0007 0x0 0xa0 0x88d 0x2e0005 0x0 0x1e333138928 0x88d 0x0 0x0 0x330007 0x0 0x50 0x88d 0x3a0005 0x0 0x1e339feb590 0x88d 0x0 0x0 0x440005 0x85 0x1e333135a98 0x808 0x0 0x0 0x0 0x0 0x0 0x0 0x0 0x0 0x9 0x3 0x0 0x0 0x0 oops 6 4 java/lang/String 10 java/lang/String 16 java/util/jar/JavaUtilJarAccessImpl 36 java/util/jar/Manifest 46 java/util/jar/Attributes 52 java/lang/String methods 0
ciMethodData java/lang/Float isNaN (F)Z 2 8939 orig 80 0 0 0 0 0 0 0 0 0 0 0 0 0 0 0 0 0 0 0 0 0 0 0 0 0 0 0 0 0 0 0 0 0 0 0 0 0 0 0 0 0 0 0 0 0 0 0 0 0 0 0 0 0 0 0 0 0 0 0 0 0 0 0 0 0 0 0 0 0 0 0 0 0 0 0 0 0 0 0 0 data 11 0x30007 0x22eb 0x38 0x0 0x70003 0x0 0x18 0x0 0x9 0x1 0x0 oops 0 methods 0
ciMethodData java/util/zip/ZipFile getEntryName (I)Ljava/lang/String; 2 2430 orig 80 0 0 0 0 0 0 0 0 0 0 0 0 0 0 0 0 0 0 0 0 0 0 0 0 0 0 0 0 0 0 0 0 0 0 0 0 0 0 0 0 0 0 0 0 0 0 0 0 0 0 0 0 0 0 0 0 0 0 0 0 0 0 0 0 0 0 0 0 0 0 0 0 0 0 0 0 0 0 0 0 data 20 0xd0002 0x97e 0x170002 0x97e 0x240005 0x0 0x1e339b676f0 0x97e 0x0 0x0 0x0 0x0 0x0 0x0 0x0 0x0 0x9 0x2 0x0 0x0 oops 1 6 java/util/zip/ZipCoder$UTF8ZipCoder methods 0
ciMethodData java/util/IdentityHashMap hash (Ljava/lang/Object;I)I 2 30144 orig 80 0 0 0 0 0 0 0 0 0 0 0 0 0 0 0 0 0 0 0 0 0 0 0 0 0 0 0 0 0 0 0 0 0 0 0 0 0 0 0 0 0 0 0 0 0 0 0 0 0 0 0 0 0 0 0 0 0 0 0 0 0 0 0 0 0 0 0 0 0 0 0 0 0 0 0 0 0 0 0 0 data 12 0x10002 0x75c0 0x0 0x0 0x0 0x0 0x0 0x0 0x9 0x2 0x0 0x0 oops 0 methods 0
ciMethodData java/util/IdentityHashMap nextKeyIndex (II)I 2 12548 orig 80 0 0 0 0 0 0 0 0 0 0 0 0 0 0 0 0 0 0 0 0 0 0 0 0 0 0 0 0 0 0 0 0 0 0 0 0 0 0 0 0 0 0 0 0 0 0 0 0 0 0 0 0 0 0 0 0 0 0 0 0 0 0 0 0 0 0 0 0 0 0 0 0 0 0 0 0 0 0 0 0 data 12 0x40007 0x8 0x38 0x30fc 0xa0003 0x30fc 0x18 0x0 0x9 0x2 0x0 0x0 oops 0 methods 0
ciMethodData java/util/IdentityHashMap maskNull (Ljava/lang/Object;)Ljava/lang/Object; 2 29384 orig 80 0 0 0 0 0 0 0 0 0 0 0 0 0 0 0 0 0 0 0 0 0 0 0 0 0 0 0 0 0 0 0 0 0 0 0 0 0 0 0 0 0 0 0 0 0 0 0 0 0 0 0 0 0 0 0 0 0 0 0 0 0 0 0 0 0 0 0 0 0 0 0 0 0 0 0 0 0 0 0 0 data 16 0x10007 0x72c8 0x38 0x0 0x70003 0x0 0x18 0x0 0x0 0x0 0x0 0x0 0x0 0x9 0x1 0x0 oops 0 methods 0
ciMethodData java/util/IdentityHashMap put (Ljava/lang/Object;Ljava/lang/Object;)Ljava/lang/Object; 2 10749 orig 80 0 0 0 0 0 0 0 0 0 0 0 0 0 0 0 0 0 0 0 0 0 0 0 0 0 0 0 0 0 0 0 0 0 0 0 0 0 0 0 0 0 0 0 0 0 0 0 0 0 0 0 0 0 0 0 0 0 0 0 0 0 0 0 0 0 0 0 0 0 0 0 0 0 0 0 0 0 0 0 0 data 63 0x10002 0x29fd 0x130002 0x2a03 0x200007 0x28a9 0x98 0xad5 0x260007 0x97b 0x50 0x15a 0x390004 0x0 0x1e3331393a0 0x15a 0x0 0x0 0x410002 0x97b 0x460003 0x97b 0xffffffffffffff80 0x5a0007 0x28a3 0x88 0x6 0x600005 0x6 0x0 0x0 0x0 0x0 0x630007 0x0 0x38 0x6 0x660003 0x6 0xfffffffffffffee8 0x780004 0x2760 0x1e338e53f68 0xa4 0x1e338e54010 0x9f 0x800104 0x1334 0x1e338e540b8 0x144 0x1e3331393a0 0x142a 0x0 0x0 0x0 0x0 0x0 0x0 0x9 0x3 0x0 0x0 0x0 oops 5 14 java/lang/Boolean 42 com/google/inject/internal/ConstructorInjector 44 com/google/inject/internal/InternalFactoryToInitializableAdapter 48 com/google/inject/internal/ConstructionContext 50 java/lang/Boolean methods 0
ciMethodData java/util/IdentityHashMap resize (I)Z 1 58 orig 80 0 0 0 0 0 0 0 0 0 0 0 0 0 0 0 0 0 0 0 0 0 0 0 0 0 0 0 0 0 0 0 0 0 0 0 0 0 0 0 0 0 0 0 0 0 0 0 0 0 0 0 0 0 0 0 0 0 0 0 0 0 0 0 0 0 0 0 0 0 0 0 0 0 0 0 0 0 0 0 0 data 70 0x110007 0x3a 0x50 0x0 0x1a0007 0x0 0x30 0x0 0x230002 0x0 0x2c0007 0x3a 0x20 0x0 0x3e0007 0x3a 0x170 0x8f0 0x490007 0x30f 0x138 0x5e1 0x580104 0x0 0x0 0x0 0x0 0x0 0x5f0104 0x0 0x0 0x0 0x0 0x0 0x630002 0x5e1 0x6d0007 0x5e1 0x48 0x17d 0x730002 0x17d 0x780003 0x17d 0xffffffffffffffd0 0x810004 0x4a3 0x1e338e53f68 0x9b 0x1e338e54010 0xa3 0x8a0004 0x499 0x1e338e540b8 0x13e 0x1e33984a288 0xa 0x8e0003 0x8f0 0xfffffffffffffea8 0x0 0x0 0x0 0x0 0x0 0x0 0x9 0x2 0x0 0x0 oops 4 47 com/google/inject/internal/ConstructorInjector 49 com/google/inject/internal/InternalFactoryToInitializableAdapter 53 com/google/inject/internal/ConstructionContext 55 org/eclipse/sisu/inject/LazyBeanEntry methods 0
ciMethodData java/io/OutputStream <init> ()V 2 6640 orig 80 0 0 0 0 0 0 0 0 0 0 0 0 0 0 0 0 0 0 0 0 0 0 0 0 0 0 0 0 0 0 0 0 0 0 0 0 0 0 0 0 0 0 0 0 0 0 0 0 0 0 0 0 0 0 0 0 0 0 0 0 0 0 0 0 0 0 0 0 0 0 0 0 0 0 0 0 0 0 0 0 data 7 0x10002 0x19f0 0x0 0x0 0x9 0x1 0x0 oops 0 methods 0
ciMethod org/codehaus/plexus/classworlds/realm/ClassRealm findClass (Ljava/lang/String;)Ljava/lang/Class; 520 0 3662 260 0
ciMethodData org/codehaus/plexus/classworlds/realm/ClassRealm findClass (Ljava/lang/String;)Ljava/lang/Class; 2 3402 orig 80 0 0 0 0 0 0 0 0 0 0 0 0 0 0 0 0 0 0 0 0 0 0 0 0 0 0 0 0 0 0 0 0 0 0 0 0 0 0 0 0 0 0 0 0 0 0 0 0 0 0 0 0 0 0 0 0 0 0 0 0 0 0 0 0 0 0 0 0 0 0 0 0 0 0 0 0 0 0 0 0 data 8 0x50002 0xd4a 0x0 0x0 0x9 0x2 0x0 0x0 oops 0 methods 0
ciMethodData java/io/ByteArrayOutputStream <init> (I)V 2 5121 orig 80 0 0 0 0 0 0 0 0 0 0 0 0 0 0 0 0 0 0 0 0 0 0 0 0 0 0 0 0 0 0 0 0 0 0 0 0 0 0 0 0 0 0 0 0 0 0 0 0 0 0 0 0 0 0 0 0 0 0 0 0 0 0 0 0 0 0 0 0 0 0 0 0 0 0 0 0 0 0 0 0 data 38 0x10002 0x1400 0x50007 0x1400 0xd0 0x0 0x100002 0x0 0x150005 0x0 0x0 0x0 0x0 0x0 0x190005 0x0 0x0 0x0 0x0 0x0 0x1c0005 0x0 0x0 0x0 0x0 0x0 0x1f0002 0x0 0x0 0x0 0x0 0x0 0x0 0x0 0x9 0x2 0x0 0x0 oops 0 methods 0
ciMethodData java/io/ByteArrayOutputStream <init> ()V 2 3726 orig 80 0 0 0 0 0 0 0 0 0 0 0 0 0 0 0 0 0 0 0 0 0 0 0 0 0 0 0 0 0 0 0 0 0 0 0 0 0 0 0 0 0 0 0 0 0 0 0 0 0 0 0 0 0 0 0 0 0 0 0 0 0 0 0 0 0 0 0 0 0 0 0 0 0 0 0 0 0 0 0 0 data 7 0x30002 0xe8e 0x0 0x0 0x9 0x1 0x0 oops 0 methods 0
ciMethod java/util/concurrent/ConcurrentHashMap$TreeBin putTreeVal (ILjava/lang/Object;Ljava/lang/Object;)Ljava/util/concurrent/ConcurrentHashMap$TreeNode; 0 0 1 0 -1
ciMethodData java/util/Dictionary <init> ()V 2 3078 orig 80 0 0 0 0 0 0 0 0 0 0 0 0 0 0 0 0 0 0 0 0 0 0 0 0 0 0 0 0 0 0 0 0 0 0 0 0 0 0 0 0 0 0 0 0 0 0 0 0 0 0 0 0 0 0 0 0 0 0 0 0 0 0 0 0 0 0 0 0 0 0 0 0 0 0 0 0 0 0 0 0 data 7 0x10002 0xc06 0x0 0x0 0x9 0x1 0x0 oops 0 methods 0
ciMethodData java/util/zip/Inflater$InflaterZStreamRef <init> (Ljava/util/zip/Inflater;J)V 1 552 orig 80 0 0 0 0 0 0 0 0 0 0 0 0 0 0 0 0 0 0 0 0 0 0 0 0 0 0 0 0 0 0 0 0 0 0 0 0 0 0 0 0 0 0 0 0 0 0 0 0 0 0 0 0 0 0 0 0 0 0 0 0 0 0 0 0 0 0 0 0 0 0 0 0 0 0 0 0 0 0 0 0 data 39 0x10002 0x228 0x70007 0x228 0x50 0x0 0xd0007 0x0 0x30 0x0 0x160002 0x0 0x1c0007 0x0 0x78 0x228 0x1f0002 0x228 0x240005 0x0 0x1e339df3970 0x228 0x0 0x0 0x270003 0x228 0x18 0x0 0x0 0x0 0x0 0x0 0x0 0x9 0x4 0xe 0x0 0x0 0x0 oops 1 20 java/lang/ref/Cleaner methods 0
ciMethod java/util/zip/ZipException <init> (Ljava/lang/String;)V 0 0 1 0 -1
ciMethodData java/util/Hashtable <init> (IF)V 1 352 orig 80 0 0 0 0 0 0 0 0 0 0 0 0 0 0 0 0 0 0 0 0 0 0 0 0 0 0 0 0 0 0 0 0 0 0 0 0 0 0 0 0 0 0 0 0 0 0 0 0 0 0 0 0 0 0 0 0 0 0 0 0 0 0 0 0 0 0 0 0 0 0 0 0 0 0 0 0 0 0 0 0 data 77 0x10002 0x160 0xa0007 0x160 0xd0 0x0 0x150002 0x0 0x1a0005 0x0 0x0 0x0 0x0 0x0 0x1e0005 0x0 0x0 0x0 0x0 0x0 0x210005 0x0 0x0 0x0 0x0 0x0 0x240002 0x0 0x2b0007 0x0 0x50 0x160 0x2f0002 0x160 0x320007 0x160 0xd0 0x0 0x3d0002 0x0 0x420005 0x0 0x0 0x0 0x0 0x0 0x460005 0x0 0x0 0x0 0x0 0x0 0x490005 0x0 0x0 0x0 0x0 0x0 0x4c0002 0x0 0x510007 0x160 0x20 0x0 0x6a0002 0x160 0x0 0x0 0x0 0x0 0x0 0x0 0x9 0x3 0x0 0x0 0x0 oops 0 methods 0
ciMethodData java/util/Hashtable <init> ()V 1 182 orig 80 0 0 0 0 0 0 0 0 0 0 0 0 0 0 0 0 0 0 0 0 0 0 0 0 0 0 0 0 0 0 0 0 0 0 0 0 0 0 0 0 0 0 0 0 0 0 0 0 0 0 0 0 0 0 0 0 0 0 0 0 0 0 0 0 0 0 0 0 0 0 0 0 0 0 0 0 0 0 0 0 data 8 0x50002 0xb6 0x0 0x0 0x0 0x9 0x1 0x0 oops 0 methods 0
ciMethodData java/util/jar/Manifest read (Ljava/io/InputStream;Ljava/lang/String;)V 1 128 orig 80 0 0 0 0 0 0 0 0 0 0 0 0 0 0 0 0 0 0 0 0 0 0 0 0 0 0 0 0 0 0 0 0 0 0 0 0 0 0 0 0 0 0 0 0 0 0 0 0 0 0 0 0 0 0 0 0 0 0 0 0 0 0 0 0 0 0 0 0 0 0 0 0 0 0 0 0 0 0 0 0 data 202 0x50002 0x80 0x190005 0x0 0x1e339feb590 0x80 0x0 0x0 0x330005 0x0 0x1e33a8fd888 0x8d 0x0 0x0 0x3a0007 0x80 0x570 0xd 0x4e0007 0xd 0x130 0x0 0x550007 0x0 0x110 0x0 0x600002 0x0 0x650005 0x0 0x0 0x0 0x0 0x0 0x6b0002 0x0 0x6e0005 0x0 0x0 0x0 0x0 0x0 0x730005 0x0 0x0 0x0 0x0 0x0 0x760005 0x0 0x0 0x0 0x0 0x0 0x790002 0x0 0x7f0007 0x0 0x40 0xd 0x8b0007 0x0 0x20 0xd 0x930007 0xd 0x58 0x0 0x980007 0x0 0x38 0x0 0x9b0003 0x0 0xfffffffffffffe00 0xa30007 0x0 0x1d8 0xd 0xab0005 0xd 0x0 0x0 0x0 0x0 0xb20007 0xd 0x110 0x0 0xbd0002 0x0 0xc20005 0x0 0x0 0x0 0x0 0x0 0xc80002 0x0 0xcb0005 0x0 0x0 0x0 0x0 0x0 0xd00005 0x0 0x0 0x0 0x0 0x0 0xd30005 0x0 0x0 0x0 0x0 0x0 0xd60002 0x0 0xdb0005 0x0 0x1e33a8fd888 0xd 0x0 0x0 0xe00007 0xd 0xe0 0x0 0xf80002 0x0 0xfb0003 0x0 0xfffffffffffffc28 0x1130002 0x0 0x1220002 0x0 0x1260005 0x0 0x0 0x0 0x0 0x0 0x12b0007 0x0 0x38 0x0 0x1320003 0x0 0xfffffffffffffba0 0x13e0002 0x0 0x1490005 0x0 0x1e333138928 0xd 0x0 0x0 0x1500007 0x0 0x60 0xd 0x1590002 0xd 0x1660005 0x0 0x1e33a8bc930 0xd 0x0 0x0 0x1740005 0x0 0x1e339feb590 0xd 0x0 0x0 0x1800005 0x0 0x1e339feb590 0xd 0x0 0x0 0x18c0002 0xd 0x1970003 0xd 0xfffffffffffffa78 0x0 0x0 0x0 0x0 0x0 0x0 0x0 0x0 0x0 0x9 0x3 0x0 0x0 0x0 oops 7 4 java/util/jar/Attributes 10 java/util/jar/Manifest$FastInputStream 121 java/util/jar/Manifest$FastInputStream 155 java/util/jar/Manifest 167 java/util/HashMap 173 java/util/jar/Attributes 179 java/util/jar/Attributes methods 0
compile java/lang/ClassLoader loadClass (Ljava/lang/String;Z)Ljava/lang/Class; -1 4 inline 559 0 -1 0 java/lang/ClassLoader loadClass (Ljava/lang/String;Z)Ljava/lang/Class; 1 10 0 java/lang/ClassLoader findLoadedClass (Ljava/lang/String;)Ljava/lang/Class; 2 1 0 java/lang/ClassLoader checkName (Ljava/lang/String;)Z 3 5 0 java/lang/String isEmpty ()Z 3 16 0 java/lang/String indexOf (I)I 4 1 0 java/lang/String isLatin1 ()Z 4 18 0 java/lang/StringLatin1 indexOf ([BIII)I 5 1 0 java/lang/StringLatin1 canEncode (I)Z 3 25 0 java/lang/String charAt (I)C 4 1 0 java/lang/String isLatin1 ()Z 4 12 0 java/lang/StringLatin1 charAt ([BI)C 5 3 0 java/lang/String checkIndex (II)V 1 38 0 jdk/internal/loader/BuiltinClassLoader loadClass (Ljava/lang/String;Z)Ljava/lang/Class; 1 38 0 java/lang/ClassLoader loadClass (Ljava/lang/String;Z)Ljava/lang/Class; 2 2 0 java/lang/ClassLoader getClassLoadingLock (Ljava/lang/String;)Ljava/lang/Object; 3 13 0 java/lang/Object <init> ()V 3 23 0 java/util/concurrent/ConcurrentHashMap putIfAbsent (Ljava/lang/Object;Ljava/lang/Object;)Ljava/lang/Object; 2 10 0 java/lang/ClassLoader findLoadedClass (Ljava/lang/String;)Ljava/lang/Class; 3 1 0 java/lang/ClassLoader checkName (Ljava/lang/String;)Z 4 5 0 java/lang/String isEmpty ()Z 4 16 0 java/lang/String indexOf (I)I 5 1 0 java/lang/String isLatin1 ()Z 5 18 0 java/lang/StringLatin1 indexOf ([BIII)I 6 1 0 java/lang/StringLatin1 canEncode (I)Z 4 25 0 java/lang/String charAt (I)C 5 1 0 java/lang/String isLatin1 ()Z 5 12 0 java/lang/StringLatin1 charAt ([BI)C 6 3 0 java/lang/String checkIndex (II)V 2 38 0 jdk/internal/loader/BuiltinClassLoader loadClass (Ljava/lang/String;Z)Ljava/lang/Class; 2 47 0 java/lang/ClassLoader findBootstrapClassOrNull (Ljava/lang/String;)Ljava/lang/Class; 3 1 0 java/lang/ClassLoader checkName (Ljava/lang/String;)Z 4 5 0 java/lang/String isEmpty ()Z 4 16 0 java/lang/String indexOf (I)I 5 1 0 java/lang/String isLatin1 ()Z 5 18 0 java/lang/StringLatin1 indexOf ([BIII)I 6 1 0 java/lang/StringLatin1 canEncode (I)Z 4 25 0 java/lang/String charAt (I)C 5 1 0 java/lang/String isLatin1 ()Z 5 12 0 java/lang/StringLatin1 charAt ([BI)C 6 3 0 java/lang/String checkIndex (II)V 2 69 0 org/codehaus/plexus/classworlds/realm/ClassRealm findClass (Ljava/lang/String;)Ljava/lang/Class; 2 74 0 jdk/internal/perf/PerfCounter getParentDelegationTime ()Ljdk/internal/perf/PerfCounter; 2 82 0 jdk/internal/perf/PerfCounter addTime (J)V 2 85 0 jdk/internal/perf/PerfCounter getFindClassTime ()Ljdk/internal/perf/PerfCounter; 2 93 0 jdk/internal/perf/PerfCounter getFindClasses ()Ljdk/internal/perf/PerfCounter; 2 96 0 jdk/internal/perf/PerfCounter increment ()V 2 69 0 java/net/URLClassLoader findClass (Ljava/lang/String;)Ljava/lang/Class; 3 5 0 java/lang/String replace (CC)Ljava/lang/String; 4 6 0 java/lang/String isLatin1 ()Z 4 18 0 java/lang/StringLatin1 replace ([BCC)Ljava/lang/String; 5 1 0 java/lang/StringLatin1 canEncode (C)Z 5 41 0 java/lang/StringLatin1 canEncode (C)Z 5 48 0 java/lang/StringConcatHelper newArray (I)[B 6 21 0 jdk/internal/misc/Unsafe allocateUninitializedArray (Ljava/lang/Class;I)Ljava/lang/Object; 7 16 0 java/lang/Class isPrimitive ()Z 5 122 0 java/lang/String <init> ([BB)V 6 1 0 java/lang/Object <init> ()V 3 10 0 java/lang/String concat (Ljava/lang/String;)Ljava/lang/String; 4 1 0 java/lang/String isEmpty ()Z 4 11 0 java/lang/StringConcatHelper doConcat (Ljava/lang/String;Ljava/lang/String;)Ljava/lang/String; 5 1 0 java/lang/String coder ()B 5 5 0 java/lang/String coder ()B 5 12 0 java/lang/String length ()I 6 6 0 java/lang/String coder ()B 5 16 0 java/lang/String length ()I 6 6 0 java/lang/String coder ()B 5 20 0 java/lang/StringConcatHelper checkOverflow (I)I 5 27 0 java/lang/StringConcatHelper newArray (I)[B 6 21 0 jdk/internal/misc/Unsafe allocateUninitializedArray (Ljava/lang/Class;I)Ljava/lang/Object; 7 16 0 java/lang/Class isPrimitive ()Z 5 37 0 java/lang/String getBytes ([BIB)V 6 1 0 java/lang/String coder ()B 5 44 0 java/lang/String length ()I 6 6 0 java/lang/String coder ()B 5 48 0 java/lang/String getBytes ([BIB)V 6 1 0 java/lang/String coder ()B 5 58 0 java/lang/String <init> ([BB)V 6 1 0 java/lang/Object <init> ()V 3 30 0 java/net/URLClassLoader defineClass (Ljava/lang/String;Ljdk/internal/loader/Resource;)Ljava/lang/Class; 4 7 0 java/lang/String lastIndexOf (I)I 5 3 0 java/lang/String length ()I 6 6 0 java/lang/String coder ()B 5 8 0 java/lang/String lastIndexOf (II)I 6 1 0 java/lang/String isLatin1 ()Z 6 13 0 java/lang/StringLatin1 lastIndexOf ([BII)I 7 1 0 java/lang/StringLatin1 canEncode (I)Z 4 13 0 jdk/internal/loader/URLClassPath$JarLoader$1 getCodeSourceURL ()Ljava/net/URL; 4 28 0 java/lang/String substring (II)Ljava/lang/String; 5 1 0 java/lang/String length ()I 6 6 0 java/lang/String coder ()B 5 8 0 java/lang/String checkBoundsBeginEnd (III)V 6 6 0 jdk/internal/util/Preconditions checkFromToIndex (IIILjava/util/function/BiFunction;)I 5 28 0 java/lang/String isLatin1 ()Z 5 41 0 java/lang/StringLatin1 newString ([BII)Ljava/lang/String; 6 16 0 java/util/Arrays copyOfRange ([BII)[B 6 20 0 java/lang/String <init> ([BB)V 7 1 0 java/lang/Object <init> ()V 4 34 0 jdk/internal/loader/URLClassPath$JarLoader$1 getManifest ()Ljava/util/jar/Manifest; 5 0 0 jdk/internal/access/SharedSecrets javaUtilJarAccess ()Ljdk/internal/access/JavaUtilJarAccess; 5 10 0 java/util/jar/JavaUtilJarAccessImpl ensureInitialization (Ljava/util/jar/JarFile;)V 6 1 0 java/util/jar/JarFile ensureInitialization ()V 7 1 0 java/util/jar/JarFile maybeInstantiateVerifier ()V 8 20 0 java/util/zip/ZipFile$1 getManifestName (Ljava/util/jar/JarFile;Z)Ljava/lang/String; 5 22 0 java/util/jar/JarFile getManifest ()Ljava/util/jar/Manifest; 6 1 0 java/util/jar/JarFile getManifestFromReference ()Ljava/util/jar/Manifest; 7 11 0 java/lang/ref/SoftReference get ()Ljava/lang/Object; 7 59 0 java/util/zip/ZipFile$1 getManifestNum (Ljava/util/jar/JarFile;)I 7 74 0 java/util/jar/JarFile$JarFileEntry getName ()Ljava/lang/String; 7 78 0 java/util/jar/JarVerifier <init> (Ljava/lang/String;[B)V 8 1 0 java/lang/Object <init> ()V 8 39 0 java/util/Hashtable <init> ()V 9 5 0 java/util/Hashtable <init> (IF)V 10 1 0 java/util/Dictionary <init> ()V 11 1 0 java/lang/Object <init> ()V 8 50 0 java/util/Hashtable <init> ()V 9 5 0 java/util/Hashtable <init> (IF)V 10 1 0 java/util/Dictionary <init> ()V 11 1 0 java/lang/Object <init> ()V 8 63 0 java/util/Hashtable <init> (I)V 9 4 0 java/util/Hashtable <init> (IF)V 10 1 0 java/util/Dictionary <init> ()V 11 1 0 java/lang/Object <init> ()V 8 74 0 java/util/ArrayList <init> ()V 9 1 0 java/util/AbstractList <init> ()V 10 1 0 java/util/AbstractCollection <init> ()V 11 1 0 java/lang/Object <init> ()V 8 85 0 java/io/ByteArrayOutputStream <init> ()V 9 3 0 java/io/ByteArrayOutputStream <init> (I)V 10 1 0 java/io/OutputStream <init> ()V 11 1 0 java/lang/Object <init> ()V 8 96 0 java/util/ArrayList <init> ()V 9 1 0 java/util/AbstractList <init> ()V 10 1 0 java/util/AbstractCollection <init> ()V 11 1 0 java/lang/Object <init> ()V 8 107 0 java/util/HashMap <init> ()V 9 1 0 java/util/AbstractMap <init> ()V 10 1 0 java/lang/Object <init> ()V 7 114 0 java/io/ByteArrayInputStream <init> ([B)V 8 1 0 java/io/InputStream <init> ()V 9 1 0 java/lang/Object <init> ()V 7 118 0 java/util/zip/ZipFile getName ()Ljava/lang/String; 7 121 0 java/util/jar/Manifest <init> (Ljava/util/jar/JarVerifier;Ljava/io/InputStream;Ljava/lang/String;)V 8 1 0 java/lang/Object <init> ()V 8 9 0 java/util/jar/Attributes <init> ()V 9 3 0 java/util/jar/Attributes <init> (I)V 10 1 0 java/lang/Object <init> ()V 8 20 0 java/util/HashMap <init> ()V 9 1 0 java/util/AbstractMap <init> ()V 10 1 0 java/lang/Object <init> ()V 7 140 0 java/util/zip/ZipFile getName ()Ljava/lang/String; 7 143 0 java/util/jar/Manifest <init> (Ljava/io/InputStream;Ljava/lang/String;)V 8 4 0 java/util/jar/Manifest <init> (Ljava/util/jar/JarVerifier;Ljava/io/InputStream;Ljava/lang/String;)V 9 1 0 java/lang/Object <init> ()V 9 9 0 java/util/jar/Attributes <init> ()V 10 3 0 java/util/jar/Attributes <init> (I)V 11 1 0 java/lang/Object <init> ()V 9 20 0 java/util/HashMap <init> ()V 10 1 0 java/util/AbstractMap <init> ()V 11 1 0 java/lang/Object <init> ()V 7 189 0 java/lang/ref/SoftReference <init> (Ljava/lang/Object;)V 8 2 0 java/lang/ref/Reference <init> (Ljava/lang/Object;)V 9 3 0 java/lang/ref/Reference <init> (Ljava/lang/Object;Ljava/lang/ref/ReferenceQueue;)V 10 1 0 java/lang/Object <init> ()V 4 46 0 java/net/URLClassLoader getAndVerifyPackage (Ljava/lang/String;Ljava/util/jar/Manifest;Ljava/net/URL;)Ljava/lang/Package; 5 2 0 java/lang/ClassLoader getDefinedPackage (Ljava/lang/String;)Ljava/lang/Package; 6 4 0 java/util/Objects requireNonNull (Ljava/lang/Object;Ljava/lang/String;)Ljava/lang/Object; 6 13 0 java/util/concurrent/ConcurrentHashMap get (Ljava/lang/Object;)Ljava/lang/Object; 7 1 0 java/lang/String hashCode ()I 8 17 0 java/lang/String isLatin1 ()Z 8 27 0 java/lang/StringLatin1 hashCode ([B)I 9 5 0 jdk/internal/util/ArraysSupport hashCodeOfUnsigned ([BIII)I 10 39 0 java/lang/Byte toUnsignedInt (B)I 8 37 0 java/lang/StringUTF16 hashCode ([B)I 7 4 0 java/util/concurrent/ConcurrentHashMap spread (I)I 7 34 0 java/util/concurrent/ConcurrentHashMap tabAt ([Ljava/util/concurrent/ConcurrentHashMap$Node;I)Ljava/util/concurrent/ConcurrentHashMap$Node; 6 29 0 java/lang/NamedPackage module ()Ljava/lang/Module; 6 32 0 java/lang/ClassLoader definePackage (Ljava/lang/String;Ljava/lang/Module;)Ljava/lang/Package; 7 1 0 java/lang/String isEmpty ()Z 7 47 0 java/util/concurrent/ConcurrentHashMap get (Ljava/lang/Object;)Ljava/lang/Object; 8 1 0 java/lang/String hashCode ()I 9 17 0 java/lang/String isLatin1 ()Z 9 27 0 java/lang/StringLatin1 hashCode ([B)I 10 5 0 jdk/internal/util/ArraysSupport hashCodeOfUnsigned ([BIII)I 11 39 0 java/lang/Byte toUnsignedInt (B)I 9 37 0 java/lang/StringUTF16 hashCode ([B)I 8 4 0 java/util/concurrent/ConcurrentHashMap spread (I)I 8 34 0 java/util/concurrent/ConcurrentHashMap tabAt ([Ljava/util/concurrent/ConcurrentHashMap$Node;I)Ljava/util/concurrent/ConcurrentHashMap$Node; 5 14 0 java/lang/Package isSealed ()Z 6 1 0 java/lang/NamedPackage module ()Ljava/lang/Module; 6 4 0 java/lang/Module isNamed ()Z 5 68 0 java/net/URLClassLoader isSealed (Ljava/lang/String;Ljava/util/jar/Manifest;)Z 6 0 0 jdk/internal/access/SharedSecrets javaUtilJarAccess ()Ljdk/internal/access/JavaUtilJarAccess; 6 9 0 java/lang/String replace (CC)Ljava/lang/String; 7 6 0 java/lang/String isLatin1 ()Z 7 18 0 java/lang/StringLatin1 replace ([BCC)Ljava/lang/String; 8 1 0 java/lang/StringLatin1 canEncode (C)Z 8 41 0 java/lang/StringLatin1 canEncode (C)Z 8 48 0 java/lang/StringConcatHelper newArray (I)[B 9 21 0 jdk/internal/misc/Unsafe allocateUninitializedArray (Ljava/lang/Class;I)Ljava/lang/Object; 10 16 0 java/lang/Class isPrimitive ()Z 8 122 0 java/lang/String <init> ([BB)V 9 1 0 java/lang/Object <init> ()V 6 15 0 java/lang/String concat (Ljava/lang/String;)Ljava/lang/String; 7 1 0 java/lang/String isEmpty ()Z 7 11 0 java/lang/StringConcatHelper doConcat (Ljava/lang/String;Ljava/lang/String;)Ljava/lang/String; 8 1 0 java/lang/String coder ()B 8 5 0 java/lang/String coder ()B 8 12 0 java/lang/String length ()I 9 6 0 java/lang/String coder ()B 8 16 0 java/lang/String length ()I 9 6 0 java/lang/String coder ()B 8 20 0 java/lang/StringConcatHelper checkOverflow (I)I 8 27 0 java/lang/StringConcatHelper newArray (I)[B 9 21 0 jdk/internal/misc/Unsafe allocateUninitializedArray (Ljava/lang/Class;I)Ljava/lang/Object; 10 16 0 java/lang/Class isPrimitive ()Z 8 37 0 java/lang/String getBytes ([BIB)V 9 1 0 java/lang/String coder ()B 8 44 0 java/lang/String length ()I 9 6 0 java/lang/String coder ()B 8 48 0 java/lang/String getBytes ([BIB)V 9 1 0 java/lang/String coder ()B 8 58 0 java/lang/String <init> ([BB)V 9 1 0 java/lang/Object <init> ()V 6 18 0 java/util/jar/JavaUtilJarAccessImpl getTrustedAttributes (Ljava/util/jar/Manifest;Ljava/lang/String;)Ljava/util/jar/Attributes; 7 2 0 java/util/jar/Manifest getTrustedAttributes (Ljava/lang/String;)Ljava/util/jar/Attributes; 8 2 0 java/util/jar/Manifest getAttributes (Ljava/lang/String;)Ljava/util/jar/Attributes; 9 1 0 java/util/jar/Manifest getEntries ()Ljava/util/Map; 9 5 0 java/util/HashMap get (Ljava/lang/Object;)Ljava/lang/Object; 10 2 0 java/util/HashMap getNode (Ljava/lang/Object;)Ljava/util/HashMap$Node; 11 23 0 java/util/HashMap hash (Ljava/lang/Object;)I 12 9 0 java/lang/String hashCode ()I 13 17 0 java/lang/String isLatin1 ()Z 13 27 0 java/lang/StringLatin1 hashCode ([B)I 14 5 0 jdk/internal/util/ArraysSupport hashCodeOfUnsigned ([BIII)I 15 39 0 java/lang/Byte toUnsignedInt (B)I 13 37 0 java/lang/StringUTF16 hashCode ([B)I 6 46 0 java/util/jar/Manifest getMainAttributes ()Ljava/util/jar/Attributes; 6 58 0 java/util/jar/Attributes getValue (Ljava/util/jar/Attributes$Name;)Ljava/lang/String; 7 2 0 java/util/jar/Attributes get (Ljava/lang/Object;)Ljava/lang/Object; 8 5 0 java/util/LinkedHashMap get (Ljava/lang/Object;)Ljava/lang/Object; 9 2 0 java/util/HashMap getNode (Ljava/lang/Object;)Ljava/util/HashMap$Node; 10 23 0 java/util/HashMap hash (Ljava/lang/Object;)I 11 9 0 java/util/jar/Attributes$Name hashCode ()I 6 68 0 java/lang/String equalsIgnoreCase (Ljava/lang/String;)Z 7 14 0 java/lang/String length ()I 8 6 0 java/lang/String coder ()B 7 18 0 java/lang/String length ()I 8 6 0 java/lang/String coder ()B 7 30 0 java/lang/String length ()I 8 6 0 java/lang/String coder ()B 4 132 0 jdk/internal/loader/Resource getByteBuffer ()Ljava/nio/ByteBuffer; 5 1 0 jdk/internal/loader/Resource cachedInputStream ()Ljava/io/InputStream; 6 9 0 jdk/internal/loader/URLClassPath$JarLoader$1 getInputStream ()Ljava/io/InputStream; 7 11 0 java/util/jar/JarFile getInputStream (Ljava/util/zip/ZipEntry;)Ljava/io/InputStream; 8 4 0 java/util/Objects requireNonNull (Ljava/lang/Object;Ljava/lang/String;)Ljava/lang/Object; 8 9 0 java/util/jar/JarFile maybeInstantiateVerifier ()V 9 20 0 java/util/zip/ZipFile$1 getManifestName (Ljava/util/jar/JarFile;Z)Ljava/lang/String; 8 21 0 java/util/zip/ZipFile getInputStream (Ljava/util/zip/ZipEntry;)Ljava/io/InputStream; 9 3 0 java/util/Objects requireNonNull (Ljava/lang/Object;Ljava/lang/String;)Ljava/lang/Object; 9 31 0 java/util/zip/ZipFile ensureOpen ()V 9 42 0 java/util/Objects equals (Ljava/lang/Object;Ljava/lang/Object;)Z 10 11 0 java/lang/String equals (Ljava/lang/Object;)Z 9 109 0 java/util/zip/ZipFile$ZipFileInputStream <init> (Ljava/util/zip/ZipFile;[BI)V 10 3 0 java/util/Objects requireNonNull (Ljava/lang/Object;)Ljava/lang/Object; 10 11 0 java/io/InputStream <init> ()V 11 1 0 java/lang/Object <init> ()V 10 17 0 java/util/zip/ZipUtils CENSIZ ([BI)J 11 5 0 java/util/zip/ZipUtils get32 ([BI)J 12 33 0 jdk/internal/misc/Unsafe getIntUnaligned (Ljava/lang/Object;JZ)I 13 8 0 jdk/internal/misc/Unsafe convEndian (ZI)I 12 36 0 java/lang/Integer toUnsignedLong (I)J 10 26 0 java/util/zip/ZipUtils CENLEN ([BI)J 11 5 0 java/util/zip/ZipUtils get32 ([BI)J 12 33 0 jdk/internal/misc/Unsafe getIntUnaligned (Ljava/lang/Object;JZ)I 13 8 0 jdk/internal/misc/Unsafe convEndian (ZI)I 12 36 0 java/lang/Integer toUnsignedLong (I)J 10 35 0 java/util/zip/ZipUtils CENOFF ([BI)J 11 5 0 java/util/zip/ZipUtils get32 ([BI)J 12 33 0 jdk/internal/misc/Unsafe getIntUnaligned (Ljava/lang/Object;JZ)I 13 8 0 jdk/internal/misc/Unsafe convEndian (ZI)I 12 36 0 java/lang/Integer toUnsignedLong (I)J 9 119 0 java/util/zip/ZipUtils CENHOW ([BI)I 10 5 0 java/util/zip/ZipUtils get16 ([BI)I 11 33 0 jdk/internal/misc/Unsafe getShortUnaligned (Ljava/lang/Object;JZ)S 12 8 0 jdk/internal/misc/Unsafe convEndian (ZS)S 11 36 0 java/lang/Short toUnsignedInt (S)I 9 188 0 java/util/zip/ZipUtils CENSIZ ([BI)J 10 5 0 java/util/zip/ZipUtils get32 ([BI)J 11 33 0 jdk/internal/misc/Unsafe getIntUnaligned (Ljava/lang/Object;JZ)I 12 8 0 jdk/internal/misc/Unsafe convEndian (ZI)I 11 36 0 java/lang/Integer toUnsignedLong (I)J 9 227 0 java/util/zip/ZipFile$ZipFileInflaterInputStream <init> (Ljava/util/zip/ZipFile;Ljava/util/zip/ZipFile$ZipFileInputStream;Ljava/util/zip/ZipFile$CleanableResource;I)V 10 5 0 java/util/zip/ZipFile$CleanableResource getInflater ()Ljava/util/zip/Inflater; 11 11 0 java/util/ArrayDeque poll ()Ljava/lang/Object; 12 1 0 java/util/ArrayDeque pollFirst ()Ljava/lang/Object; 13 12 0 java/util/ArrayDeque elementAt ([Ljava/lang/Object;I)Ljava/lang/Object; 13 28 0 java/util/ArrayDeque inc (II)I 11 43 0 java/util/zip/Inflater <init> (Z)V 12 1 0 java/lang/Object <init> ()V 12 21 0 java/util/zip/Inflater$InflaterZStreamRef <init> (Ljava/util/zip/Inflater;J)V 13 1 0 java/lang/Object <init> ()V 13 31 0 jdk/internal/ref/CleanerFactory cleaner ()Ljava/lang/ref/Cleaner; 10 10 0 java/util/zip/ZipFile$ZipFileInflaterInputStream <init> (Ljava/util/zip/ZipFile;Ljava/util/zip/ZipFile$ZipFileInputStream;Ljava/util/zip/ZipFile$CleanableResource;Ljava/util/zip/Inflater;I)V 11 3 0 java/util/Objects requireNonNull (Ljava/lang/Object;)Ljava/lang/Object; 11 16 0 java/util/zip/InflaterInputStream <init> (Ljava/io/InputStream;Ljava/util/zip/Inflater;I)V 12 2 0 java/io/FilterInputStream <init> (Ljava/io/InputStream;)V 13 1 0 java/io/InputStream <init> ()V 14 1 0 java/lang/Object <init> ()V 11 25 0 jdk/internal/ref/CleanerFactory cleaner ()Ljava/lang/ref/Cleaner; 11 36 0 java/util/zip/ZipFile$InflaterCleanupAction <init> (Ljava/util/zip/Inflater;Ljava/util/zip/ZipFile$CleanableResource;)V 12 1 0 java/lang/Object <init> ()V 11 39 0 java/lang/ref/Cleaner register (Ljava/lang/Object;Ljava/lang/Runnable;)Ljava/lang/ref/Cleaner$Cleanable; 12 3 0 java/util/Objects requireNonNull (Ljava/lang/Object;Ljava/lang/String;)Ljava/lang/Object; 12 10 0 java/util/Objects requireNonNull (Ljava/lang/Object;Ljava/lang/String;)Ljava/lang/Object; 12 21 0 jdk/internal/ref/CleanerImpl$PhantomCleanableRef <init> (Ljava/lang/Object;Ljava/lang/ref/Cleaner;Ljava/lang/Runnable;)V 13 3 0 jdk/internal/ref/PhantomCleanable <init> (Ljava/lang/Object;Ljava/lang/ref/Cleaner;)V 14 2 0 java/util/Objects requireNonNull (Ljava/lang/Object;)Ljava/lang/Object; 14 6 0 jdk/internal/ref/CleanerImpl getCleanerImpl (Ljava/lang/ref/Cleaner;)Ljdk/internal/ref/CleanerImpl; 15 4 0 java/lang/ref/Cleaner$1 apply (Ljava/lang/Object;)Ljava/lang/Object; 16 5 0 java/lang/ref/Cleaner$1 apply (Ljava/lang/ref/Cleaner;)Ljdk/internal/ref/CleanerImpl; 14 12 0 java/lang/ref/PhantomReference <init> (Ljava/lang/Object;Ljava/lang/ref/ReferenceQueue;)V 15 3 0 java/lang/ref/Reference <init> (Ljava/lang/Object;Ljava/lang/ref/ReferenceQueue;)V 16 1 0 java/lang/Object <init> ()V 14 22 0 jdk/internal/ref/CleanerImpl getCleanerImpl (Ljava/lang/ref/Cleaner;)Ljdk/internal/ref/CleanerImpl; 15 4 0 java/lang/ref/Cleaner$1 apply (Ljava/lang/Object;)Ljava/lang/Object; 16 5 0 java/lang/ref/Cleaner$1 apply (Ljava/lang/ref/Cleaner;)Ljdk/internal/ref/CleanerImpl; 14 36 0 jdk/internal/ref/CleanerImpl$CleanableList insert (Ljdk/internal/ref/PhantomCleanable;)V 14 82 0 java/lang/ref/Reference reachabilityFence (Ljava/lang/Object;)V 14 86 0 java/lang/ref/Reference reachabilityFence (Ljava/lang/Object;)V 9 242 0 java/util/Collections$SetFromMap add (Ljava/lang/Object;)Z 10 8 0 java/util/WeakHashMap put (Ljava/lang/Object;Ljava/lang/Object;)Ljava/lang/Object; 11 1 0 java/util/WeakHashMap maskNull (Ljava/lang/Object;)Ljava/lang/Object; 11 7 0 java/util/WeakHashMap hash (Ljava/lang/Object;)I 11 13 0 java/util/WeakHashMap getTable ()[Ljava/util/WeakHashMap$Entry; 12 1 0 java/util/WeakHashMap expungeStaleEntries ()V 13 4 0 java/lang/ref/ReferenceQueue poll ()Ljava/lang/ref/Reference; 13 33 0 java/util/WeakHashMap indexFor (II)I 11 23 0 java/util/WeakHashMap indexFor (II)I 11 127 0 java/util/WeakHashMap$Entry <init> (Ljava/lang/Object;Ljava/lang/Object;Ljava/lang/ref/ReferenceQueue;ILjava/util/WeakHashMap$Entry;)V 12 3 0 java/lang/ref/WeakReference <init> (Ljava/lang/Object;Ljava/lang/ref/ReferenceQueue;)V 13 3 0 java/lang/ref/Reference <init> (Ljava/lang/Object;Ljava/lang/ref/ReferenceQueue;)V 14 1 0 java/lang/Object <init> ()V 10 8 0 java/util/IdentityHashMap put (Ljava/lang/Object;Ljava/lang/Object;)Ljava/lang/Object; 11 1 0 java/util/IdentityHashMap maskNull (Ljava/lang/Object;)Ljava/lang/Object; 11 19 0 java/util/IdentityHashMap hash (Ljava/lang/Object;I)I 11 65 0 java/util/IdentityHashMap nextKeyIndex (II)I 4 179 0 jdk/internal/loader/URLClassPath$JarLoader$1 getBytes ()[B 5 1 0 jdk/internal/loader/Resource getBytes ()[B 6 1 0 jdk/internal/loader/Resource cachedInputStream ()Ljava/io/InputStream; 7 9 0 jdk/internal/loader/URLClassPath$JarLoader$1 getInputStream ()Ljava/io/InputStream; 8 11 0 java/util/jar/JarFile getInputStream (Ljava/util/zip/ZipEntry;)Ljava/io/InputStream; 9 4 0 java/util/Objects requireNonNull (Ljava/lang/Object;Ljava/lang/String;)Ljava/lang/Object; 9 9 0 java/util/jar/JarFile maybeInstantiateVerifier ()V 10 20 0 java/util/zip/ZipFile$1 getManifestName (Ljava/util/jar/JarFile;Z)Ljava/lang/String; 9 21 0 java/util/zip/ZipFile getInputStream (Ljava/util/zip/ZipEntry;)Ljava/io/InputStream; 10 3 0 java/util/Objects requireNonNull (Ljava/lang/Object;Ljava/lang/String;)Ljava/lang/Object; 10 31 0 java/util/zip/ZipFile ensureOpen ()V 10 42 0 java/util/Objects equals (Ljava/lang/Object;Ljava/lang/Object;)Z 11 11 0 java/lang/String equals (Ljava/lang/Object;)Z 10 109 0 java/util/zip/ZipFile$ZipFileInputStream <init> (Ljava/util/zip/ZipFile;[BI)V 11 3 0 java/util/Objects requireNonNull (Ljava/lang/Object;)Ljava/lang/Object; 11 11 0 java/io/InputStream <init> ()V 12 1 0 java/lang/Object <init> ()V 11 17 0 java/util/zip/ZipUtils CENSIZ ([BI)J 12 5 0 java/util/zip/ZipUtils get32 ([BI)J 13 33 0 jdk/internal/misc/Unsafe getIntUnaligned (Ljava/lang/Object;JZ)I 14 8 0 jdk/internal/misc/Unsafe convEndian (ZI)I 13 36 0 java/lang/Integer toUnsignedLong (I)J 11 26 0 java/util/zip/ZipUtils CENLEN ([BI)J 12 5 0 java/util/zip/ZipUtils get32 ([BI)J 13 33 0 jdk/internal/misc/Unsafe getIntUnaligned (Ljava/lang/Object;JZ)I 14 8 0 jdk/internal/misc/Unsafe convEndian (ZI)I 13 36 0 java/lang/Integer toUnsignedLong (I)J 11 35 0 java/util/zip/ZipUtils CENOFF ([BI)J 12 5 0 java/util/zip/ZipUtils get32 ([BI)J 13 33 0 jdk/internal/misc/Unsafe getIntUnaligned (Ljava/lang/Object;JZ)I 14 8 0 jdk/internal/misc/Unsafe convEndian (ZI)I 13 36 0 java/lang/Integer toUnsignedLong (I)J 10 119 0 java/util/zip/ZipUtils CENHOW ([BI)I 11 5 0 java/util/zip/ZipUtils get16 ([BI)I 12 33 0 jdk/internal/misc/Unsafe getShortUnaligned (Ljava/lang/Object;JZ)S 13 8 0 jdk/internal/misc/Unsafe convEndian (ZS)S 12 36 0 java/lang/Short toUnsignedInt (S)I 10 188 0 java/util/zip/ZipUtils CENSIZ ([BI)J 11 5 0 java/util/zip/ZipUtils get32 ([BI)J 12 33 0 jdk/internal/misc/Unsafe getIntUnaligned (Ljava/lang/Object;JZ)I 13 8 0 jdk/internal/misc/Unsafe convEndian (ZI)I 12 36 0 java/lang/Integer toUnsignedLong (I)J 10 227 0 java/util/zip/ZipFile$ZipFileInflaterInputStream <init> (Ljava/util/zip/ZipFile;Ljava/util/zip/ZipFile$ZipFileInputStream;Ljava/util/zip/ZipFile$CleanableResource;I)V 11 5 0 java/util/zip/ZipFile$CleanableResource getInflater ()Ljava/util/zip/Inflater; 12 11 0 java/util/ArrayDeque poll ()Ljava/lang/Object; 13 1 0 java/util/ArrayDeque pollFirst ()Ljava/lang/Object; 14 12 0 java/util/ArrayDeque elementAt ([Ljava/lang/Object;I)Ljava/lang/Object; 14 28 0 java/util/ArrayDeque inc (II)I 12 43 0 java/util/zip/Inflater <init> (Z)V 13 1 0 java/lang/Object <init> ()V 13 21 0 java/util/zip/Inflater$InflaterZStreamRef <init> (Ljava/util/zip/Inflater;J)V 14 1 0 java/lang/Object <init> ()V 14 31 0 jdk/internal/ref/CleanerFactory cleaner ()Ljava/lang/ref/Cleaner; 11 10 0 java/util/zip/ZipFile$ZipFileInflaterInputStream <init> (Ljava/util/zip/ZipFile;Ljava/util/zip/ZipFile$ZipFileInputStream;Ljava/util/zip/ZipFile$CleanableResource;Ljava/util/zip/Inflater;I)V 12 3 0 java/util/Objects requireNonNull (Ljava/lang/Object;)Ljava/lang/Object; 12 16 0 java/util/zip/InflaterInputStream <init> (Ljava/io/InputStream;Ljava/util/zip/Inflater;I)V 13 2 0 java/io/FilterInputStream <init> (Ljava/io/InputStream;)V 14 1 0 java/io/InputStream <init> ()V 15 1 0 java/lang/Object <init> ()V 12 25 0 jdk/internal/ref/CleanerFactory cleaner ()Ljava/lang/ref/Cleaner; 12 36 0 java/util/zip/ZipFile$InflaterCleanupAction <init> (Ljava/util/zip/Inflater;Ljava/util/zip/ZipFile$CleanableResource;)V 13 1 0 java/lang/Object <init> ()V 12 39 0 java/lang/ref/Cleaner register (Ljava/lang/Object;Ljava/lang/Runnable;)Ljava/lang/ref/Cleaner$Cleanable; 13 3 0 java/util/Objects requireNonNull (Ljava/lang/Object;Ljava/lang/String;)Ljava/lang/Object; 13 10 0 java/util/Objects requireNonNull (Ljava/lang/Object;Ljava/lang/String;)Ljava/lang/Object; 13 21 0 jdk/internal/ref/CleanerImpl$PhantomCleanableRef <init> (Ljava/lang/Object;Ljava/lang/ref/Cleaner;Ljava/lang/Runnable;)V 14 3 0 jdk/internal/ref/PhantomCleanable <init> (Ljava/lang/Object;Ljava/lang/ref/Cleaner;)V 15 2 0 java/util/Objects requireNonNull (Ljava/lang/Object;)Ljava/lang/Object; 15 6 0 jdk/internal/ref/CleanerImpl getCleanerImpl (Ljava/lang/ref/Cleaner;)Ljdk/internal/ref/CleanerImpl; 16 4 0 java/lang/ref/Cleaner$1 apply (Ljava/lang/Object;)Ljava/lang/Object; 15 12 0 java/lang/ref/PhantomReference <init> (Ljava/lang/Object;Ljava/lang/ref/ReferenceQueue;)V 16 3 0 java/lang/ref/Reference <init> (Ljava/lang/Object;Ljava/lang/ref/ReferenceQueue;)V 15 22 0 jdk/internal/ref/CleanerImpl getCleanerImpl (Ljava/lang/ref/Cleaner;)Ljdk/internal/ref/CleanerImpl; 16 4 0 java/lang/ref/Cleaner$1 apply (Ljava/lang/Object;)Ljava/lang/Object; 15 36 0 jdk/internal/ref/CleanerImpl$CleanableList insert (Ljdk/internal/ref/PhantomCleanable;)V 15 82 0 java/lang/ref/Reference reachabilityFence (Ljava/lang/Object;)V 15 86 0 java/lang/ref/Reference reachabilityFence (Ljava/lang/Object;)V 10 242 0 java/util/Collections$SetFromMap add (Ljava/lang/Object;)Z 11 8 0 java/util/WeakHashMap put (Ljava/lang/Object;Ljava/lang/Object;)Ljava/lang/Object; 12 1 0 java/util/WeakHashMap maskNull (Ljava/lang/Object;)Ljava/lang/Object; 12 7 0 java/util/WeakHashMap hash (Ljava/lang/Object;)I 12 13 0 java/util/WeakHashMap getTable ()[Ljava/util/WeakHashMap$Entry; 13 1 0 java/util/WeakHashMap expungeStaleEntries ()V 14 4 0 java/lang/ref/ReferenceQueue poll ()Ljava/lang/ref/Reference; 14 33 0 java/util/WeakHashMap indexFor (II)I 12 23 0 java/util/WeakHashMap indexFor (II)I 12 127 0 java/util/WeakHashMap$Entry <init> (Ljava/lang/Object;Ljava/lang/Object;Ljava/lang/ref/ReferenceQueue;ILjava/util/WeakHashMap$Entry;)V 13 3 0 java/lang/ref/WeakReference <init> (Ljava/lang/Object;Ljava/lang/ref/ReferenceQueue;)V 14 3 0 java/lang/ref/Reference <init> (Ljava/lang/Object;Ljava/lang/ref/ReferenceQueue;)V 15 1 0 java/lang/Object <init> ()V 11 8 0 java/util/IdentityHashMap put (Ljava/lang/Object;Ljava/lang/Object;)Ljava/lang/Object; 12 1 0 java/util/IdentityHashMap maskNull (Ljava/lang/Object;)Ljava/lang/Object; 12 19 0 java/util/IdentityHashMap hash (Ljava/lang/Object;I)I 12 65 0 java/util/IdentityHashMap nextKeyIndex (II)I 6 6 0 jdk/internal/loader/URLClassPath$JarLoader$1 getContentLength ()I 7 4 0 java/util/zip/ZipEntry getSize ()J 6 70 0 java/util/Arrays copyOf ([BI)[B 6 90 0 java/util/zip/ZipFile$ZipFileInputStream read ([BII)I 7 12 0 java/util/zip/ZipFile ensureOpenOrZipException ()V 7 16 0 java/util/zip/ZipFile$ZipFileInputStream initDataOffset ()J 8 41 0 java/util/zip/ZipFile$Source readFullyAt ([BIIJ)I 9 14 0 java/io/RandomAccessFile seek (J)V 9 43 0 java/io/RandomAccessFile readFully ([BII)V 10 13 0 java/io/RandomAccessFile read ([BII)I 11 4 0 java/io/RandomAccessFile readBytes ([BII)I 8 62 0 java/util/zip/ZipUtils LOCSIG ([B)J 9 2 0 java/util/zip/ZipUtils get32 ([BI)J 10 33 0 jdk/internal/misc/Unsafe getIntUnaligned (Ljava/lang/Object;JZ)I 11 8 0 jdk/internal/misc/Unsafe convEndian (ZI)I 10 36 0 java/lang/Integer toUnsignedLong (I)J 8 90 0 java/util/zip/ZipUtils LOCNAM ([B)I 9 3 0 java/util/zip/ZipUtils get16 ([BI)I 10 33 0 jdk/internal/misc/Unsafe getShortUnaligned (Ljava/lang/Object;JZ)S 11 8 0 jdk/internal/misc/Unsafe convEndian (ZS)S 10 36 0 java/lang/Short toUnsignedInt (S)I 8 95 0 java/util/zip/ZipUtils LOCEXT ([B)I 9 3 0 java/util/zip/ZipUtils get16 ([BI)I 10 33 0 jdk/internal/misc/Unsafe getShortUnaligned (Ljava/lang/Object;JZ)S 11 8 0 jdk/internal/misc/Unsafe convEndian (ZS)S 10 36 0 java/lang/Short toUnsignedInt (S)I 7 76 0 java/util/zip/ZipFile$Source readAt ([BIIJ)I 8 14 0 java/io/RandomAccessFile seek (J)V 8 24 0 java/io/RandomAccessFile read ([BII)I 9 4 0 java/io/RandomAccessFile readBytes ([BII)I 7 130 0 java/util/zip/ZipFile$ZipFileInputStream close ()V 8 42 0 java/util/Collections$SetFromMap remove (Ljava/lang/Object;)Z 9 5 0 java/util/WeakHashMap remove (Ljava/lang/Object;)Ljava/lang/Object; 10 1 0 java/util/WeakHashMap maskNull (Ljava/lang/Object;)Ljava/lang/Object; 10 7 0 java/util/WeakHashMap hash (Ljava/lang/Object;)I 10 12 0 java/util/WeakHashMap getTable ()[Ljava/util/WeakHashMap$Entry; 11 1 0 java/util/WeakHashMap expungeStaleEntries ()V 12 4 0 java/lang/ref/ReferenceQueue poll ()Ljava/lang/ref/Reference; 12 33 0 java/util/WeakHashMap indexFor (II)I 10 21 0 java/util/WeakHashMap indexFor (II)I 10 62 0 java/util/WeakHashMap matchesKey (Ljava/util/WeakHashMap$Entry;Ljava/lang/Object;)Z 11 2 0 java/lang/ref/Reference refersTo (Ljava/lang/Object;)Z 12 2 0 java/lang/ref/Reference refersToImpl (Ljava/lang/Object;)Z 11 21 0 java/lang/Object equals (Ljava/lang/Object;)Z 6 144 0 java/util/zip/ZipFile$ZipFileInflaterInputStream close ()V 7 14 0 java/util/zip/InflaterInputStream close ()V 8 25 0 java/util/zip/ZipFile$ZipFileInputStream close ()V 9 42 0 java/util/Collections$SetFromMap remove (Ljava/lang/Object;)Z 10 5 0 java/util/WeakHashMap remove (Ljava/lang/Object;)Ljava/lang/Object; 11 1 0 java/util/WeakHashMap maskNull (Ljava/lang/Object;)Ljava/lang/Object; 11 7 0 java/util/WeakHashMap hash (Ljava/lang/Object;)I 11 12 0 java/util/WeakHashMap getTable ()[Ljava/util/WeakHashMap$Entry; 12 1 0 java/util/WeakHashMap expungeStaleEntries ()V 13 4 0 java/lang/ref/ReferenceQueue poll ()Ljava/lang/ref/Reference; 13 33 0 java/util/WeakHashMap indexFor (II)I 11 21 0 java/util/WeakHashMap indexFor (II)I 11 62 0 java/util/WeakHashMap matchesKey (Ljava/util/WeakHashMap$Entry;Ljava/lang/Object;)Z 12 2 0 java/lang/ref/Reference refersTo (Ljava/lang/Object;)Z 13 2 0 java/lang/ref/Reference refersToImpl (Ljava/lang/Object;)Z 12 21 0 java/lang/Object equals (Ljava/lang/Object;)Z 7 41 0 java/util/Collections$SetFromMap remove (Ljava/lang/Object;)Z 8 5 0 java/util/WeakHashMap remove (Ljava/lang/Object;)Ljava/lang/Object; 9 1 0 java/util/WeakHashMap maskNull (Ljava/lang/Object;)Ljava/lang/Object; 9 7 0 java/util/WeakHashMap hash (Ljava/lang/Object;)I 9 12 0 java/util/WeakHashMap getTable ()[Ljava/util/WeakHashMap$Entry; 10 1 0 java/util/WeakHashMap expungeStaleEntries ()V 11 4 0 java/lang/ref/ReferenceQueue poll ()Ljava/lang/ref/Reference; 11 33 0 java/util/WeakHashMap indexFor (II)I 9 21 0 java/util/WeakHashMap indexFor (II)I 9 62 0 java/util/WeakHashMap matchesKey (Ljava/util/WeakHashMap$Entry;Ljava/lang/Object;)Z 10 2 0 java/lang/ref/Reference refersTo (Ljava/lang/Object;)Z 11 2 0 java/lang/ref/Reference refersToImpl (Ljava/lang/Object;)Z 10 21 0 java/lang/Object equals (Ljava/lang/Object;)Z 7 61 0 jdk/internal/ref/PhantomCleanable clean ()V 8 5 0 jdk/internal/ref/CleanerImpl$CleanableList remove (Ljdk/internal/ref/PhantomCleanable;)Z 8 12 0 java/lang/ref/Reference clear ()V 9 1 0 java/lang/ref/PhantomReference clearImpl ()V 8 16 0 jdk/internal/ref/CleanerImpl$PhantomCleanableRef performCleanup ()V 6 144 0 java/util/zip/ZipFile$ZipFileInputStream close ()V 7 42 0 java/util/Collections$SetFromMap remove (Ljava/lang/Object;)Z 8 5 0 java/util/WeakHashMap remove (Ljava/lang/Object;)Ljava/lang/Object; 9 1 0 java/util/WeakHashMap maskNull (Ljava/lang/Object;)Ljava/lang/Object; 9 7 0 java/util/WeakHashMap hash (Ljava/lang/Object;)I 9 12 0 java/util/WeakHashMap getTable ()[Ljava/util/WeakHashMap$Entry; 10 1 0 java/util/WeakHashMap expungeStaleEntries ()V 11 4 0 java/lang/ref/ReferenceQueue poll ()Ljava/lang/ref/Reference; 11 33 0 java/util/WeakHashMap indexFor (II)I 9 21 0 java/util/WeakHashMap indexFor (II)I 9 62 0 java/util/WeakHashMap matchesKey (Ljava/util/WeakHashMap$Entry;Ljava/lang/Object;)Z 10 2 0 java/lang/ref/Reference refersTo (Ljava/lang/Object;)Z 11 2 0 java/lang/ref/Reference refersToImpl (Ljava/lang/Object;)Z 10 21 0 java/lang/Object equals (Ljava/lang/Object;)Z 5 9 0 java/util/zip/CRC32 <init> ()V 6 1 0 java/lang/Object <init> ()V 5 15 0 java/util/zip/Checksum update ([B)V 6 5 0 java/util/zip/CRC32 update ([BII)V 7 19 0 jdk/internal/util/Preconditions checkFromIndexSize (IIILjava/util/function/BiFunction;)I 7 31 0 java/util/zip/CRC32 updateBytes (I[BII)I 8 3 0 java/util/zip/CRC32 updateBytesCheck ([BII)V 9 6 0 java/util/Objects requireNonNull (Ljava/lang/Object;)Ljava/lang/Object; 5 19 0 java/util/zip/CRC32 getValue ()J 5 26 0 java/util/zip/ZipEntry getCrc ()J 1 47 0 java/lang/ClassLoader findBootstrapClassOrNull (Ljava/lang/String;)Ljava/lang/Class; 2 1 0 java/lang/ClassLoader checkName (Ljava/lang/String;)Z 3 5 0 java/lang/String isEmpty ()Z 3 16 0 java/lang/String indexOf (I)I 4 1 0 java/lang/String isLatin1 ()Z 4 18 0 java/lang/StringLatin1 indexOf ([BIII)I 5 1 0 java/lang/StringLatin1 canEncode (I)Z 3 25 0 java/lang/String charAt (I)C 4 1 0 java/lang/String isLatin1 ()Z 4 12 0 java/lang/StringLatin1 charAt ([BI)C 5 3 0 java/lang/String checkIndex (II)V 1 69 0 org/codehaus/plexus/classworlds/realm/ClassRealm findClass (Ljava/lang/String;)Ljava/lang/Class; 1 74 0 jdk/internal/perf/PerfCounter getParentDelegationTime ()Ljdk/internal/perf/PerfCounter; 1 82 0 jdk/internal/perf/PerfCounter addTime (J)V 1 85 0 jdk/internal/perf/PerfCounter getFindClassTime ()Ljdk/internal/perf/PerfCounter; 1 93 0 jdk/internal/perf/PerfCounter getFindClasses ()Ljdk/internal/perf/PerfCounter; 1 96 0 jdk/internal/perf/PerfCounter increment ()V
